event_id,fight_id,r_id,r_name,b_id,b_name,pred_winner_name,pred_winner_id
00a905a4a4a2b071,3e2f00991f511607,c2299ec916bc7c56,Benoit Saint Denis,b909a9a9688b5284,Gabriel Miranda,Benoit Saint Denis,c2299ec916bc7c56
00a905a4a4a2b071,7bced112f3229b1b,c21a036b4e012f1c,John Makdessi,b7b84ccd221be298,Nasrat Haqparast,Nasrat Haqparast,b7b84ccd221be298
00a905a4a4a2b071,ce62a50e97d497f9,5e6294b37bbef029,Stephanie Egger,06e4245d16fc5315,Ailin Perez,Ailin Perez,06e4245d16fc5315
00a905a4a4a2b071,fd47032108b85cf0,1e4f273069fb9e85,Fares Ziam,b4c57a8c2b773e82,Michal Figlak,Fares Ziam,1e4f273069fb9e85
00a905a4a4a2b071,acc9a109b00a99e1,f1d64ae34e088832,Charles Jourdain,329e403448756217,Nathaniel Wood,Nathaniel Wood,329e403448756217
00a905a4a4a2b071,cf9035f2fc2e232f,36b8f265bcd1b7a4,Abus Magomedov,71505842fb6455c3,Dustin Stoltzfus,Abus Magomedov,36b8f265bcd1b7a4
00a905a4a4a2b071,1a191251620a84ca,77d7295d1b22c694,Alessio Di Chirico,9d83f6da776ff7d6,Roman Kopylov,Roman Kopylov,9d83f6da776ff7d6
00a905a4a4a2b071,b8ca1acdf3dc2f58,e1147d3d2dabe1ce,Robert Whittaker,7acbb0972e75281a,Marvin Vettori,Robert Whittaker,e1147d3d2dabe1ce
00a905a4a4a2b071,20f316f96c9e4458,881bf86d4cba8578,Nassourdine Imavov,b9437600497350f3,Joaquin Buckley,Nassourdine Imavov,881bf86d4cba8578
00a905a4a4a2b071,398db40015b3c81c,e1d40e8782d80bc2,William Gomis,082eba4cd80f736f,Jarno Errens,William Gomis,e1d40e8782d80bc2
00a905a4a4a2b071,ca7fd237c16cec84,b4537562f88ac582,Khalid Taha,7debc13b36343605,Cristian Quinonez,Cristian Quinonez,7debc13b36343605
00a905a4a4a2b071,810c9da07970c4a6,787bb1f087ccff8a,Ciryl Gane,c62fbc117d57b943,Tai Tuivasa,Ciryl Gane,787bb1f087ccff8a
010986ee359fb863,640f2ae3995b3b4f,d1941565abf50b16,Jim Miller,436f970c9ea9169c,Gabriel Benitez,Jim Miller,d1941565abf50b16
010986ee359fb863,f2b407019b2a5c15,d802174b0c0c1f4e,Magomed Ankalaev,c21f26bbde777573,Johnny Walker,Magomed Ankalaev,d802174b0c0c1f4e
010986ee359fb863,a8239866e1222eae,5987b2458f4b5290,Ricky Simon,bc711b6dd95c1af6,Mario Bautista,Mario Bautista,bc711b6dd95c1af6
010986ee359fb863,477c3b9de012e4b3,a09ed60aa67a3f67,Farid Basharat,8b1ed83b02303075,Taylor Lapilus,Farid Basharat,a09ed60aa67a3f67
010986ee359fb863,d0d99889c6abd8e1,547afe1017e72dbe,Phil Hawes,1e719d4b676dc19a,Brunno Ferreira,Phil Hawes,547afe1017e72dbe
010986ee359fb863,6f13fe34cb3ca906,3738e68d2261e60f,Andrei Arlovski,fc08099550072fe4,Waldo Cortes-Acosta,Waldo Cortes-Acosta,fc08099550072fe4
010986ee359fb863,5344e76e26503716,37f560436d745c18,Nikolas Motta,6c3b2525436cf5d4,Tom Nolan,Tom Nolan,6c3b2525436cf5d4
010986ee359fb863,fd29123ff92789e4,17e97649403ba428,Joshua Van,53c10176e3bc7416,Felipe Bunes,Joshua Van,17e97649403ba428
010986ee359fb863,03de7404decde12f,c0ac37a4a1133da9,Marcus McGhee,96924b0019b3aff1,Gaston Bolanos,Marcus McGhee,c0ac37a4a1133da9
010986ee359fb863,0494ebcee93e717b,7b3503352cd53abb,Westin Wilson,52ef95b5860fb28c,Jean Silva,Jean Silva,52ef95b5860fb28c
010986ee359fb863,5f622d812b8f407f,4aa58269d0664b5b,Matthew Semelsberger,9fe7af8b3fbe00a0,Preston Parsons,Preston Parsons,9fe7af8b3fbe00a0
012fc7cd0779c09a,d0c01840c72429c6,6b453bc35a823c3f,Jack Della Maddalena,a6cba6bb66c1a8c9,Danny Roberts,Jack Della Maddalena,6b453bc35a823c3f
012fc7cd0779c09a,b4cfb34e8224fd77,814e5233e2acf2ee,Charles Johnson,55fa6ce3e522c8bb,Zhalgas Zhumagulov,Charles Johnson,814e5233e2acf2ee
012fc7cd0779c09a,110f539523a4b571,01b352b6a9074d5c,Chase Sherman,fc08099550072fe4,Waldo Cortes-Acosta,Waldo Cortes-Acosta,fc08099550072fe4
012fc7cd0779c09a,144443d4dbf43990,8e1f36476ef02a6a,Jennifer Maia,b4192a975027aab6,Maryna Moroz,Jennifer Maia,8e1f36476ef02a6a
012fc7cd0779c09a,bd064deb3494b41a,2c483cf443f38ece,Vanessa Demopoulos,37d752ec41ed84bb,Maria Oliveira,Maria Oliveira,37d752ec41ed84bb
012fc7cd0779c09a,c317f85a8266313e,33efaf2d0941cfcf,Andre Fialho,447f9858ae78f921,Muslim Salikhov,Muslim Salikhov,447f9858ae78f921
012fc7cd0779c09a,594435375d641f63,37098a6e6c27fb66,Vince Morales,46e0d677f91bacc0,Miles Johns,Miles Johns,46e0d677f91bacc0
012fc7cd0779c09a,c33257dd0605c7de,8667caa0451d245b,Kennedy Nzechukwu,cd13728ae1151f46,Ion Cutelaba,Kennedy Nzechukwu,8667caa0451d245b
012fc7cd0779c09a,a3696c847ef6c7f9,7af33fc4435017f1,Brady Hiestand,9e92e1ca498d7244,Fernie Garcia,Brady Hiestand,7af33fc4435017f1
012fc7cd0779c09a,0f2983fe7753403f,cd3d7e37ff2d679c,Ricky Turcios,0c258d1d8e16e5f1,Kevin Natividad,Ricky Turcios,cd3d7e37ff2d679c
012fc7cd0779c09a,33719a2d9c69ed17,262d32ebda89efc4,Natalia Silva,59c438c81fbf3ece,Tereza Bleda,Natalia Silva,262d32ebda89efc4
01dd4cdc2446f665,256894b49303537b,275aca31f61ba28c,Islam Makhachev,e1248941344b3288,Alexander Volkanovski,Islam Makhachev,275aca31f61ba28c
01dd4cdc2446f665,51a12878b151d67b,4e30e4250cb08b61,Loma Lookboonmee,ac7c765882f2c68c,Elise Reed,Loma Lookboonmee,4e30e4250cb08b61
01dd4cdc2446f665,16dbe70eb7007f17,51c655162e462ceb,Shannon Ross,102a8fdf8cbf7467,Kleydson Rodrigues,Kleydson Rodrigues,102a8fdf8cbf7467
01dd4cdc2446f665,ca2672e68fedf4b7,49e96ff8ab781589,Tyson Pedro,476fe566d2df676e,Modestas Bukauskas,Modestas Bukauskas,476fe566d2df676e
01dd4cdc2446f665,a37a6b6f9551a6e8,af9f42e6894047fc,Jamie Mullarkey,3920d0cc288f9b0d,Francisco Prado,Jamie Mullarkey,af9f42e6894047fc
01dd4cdc2446f665,da22d5a717ae9e35,e13abac8089a801a,Justin Tafa,ac40f7e3cbecdda4,Parker Porter,Parker Porter,ac40f7e3cbecdda4
01dd4cdc2446f665,8b7bc2af1e15b668,6751eacd16bd59bc,Josh Culibao,a52bc1e62cf0b7c6,Melsik Baghdasaryan,Josh Culibao,6751eacd16bd59bc
01dd4cdc2446f665,4f672dd40867d8c6,6b453bc35a823c3f,Jack Della Maddalena,c6aee362c7a7d482,Randy Brown,Jack Della Maddalena,6b453bc35a823c3f
01dd4cdc2446f665,0ac5fc42ba039211,aceffa19749c4dc0,Zubaira Tukhugov,48a9a128784d53d1,Elves Brener,Zubaira Tukhugov,aceffa19749c4dc0
01dd4cdc2446f665,2208b9f471a201d9,cbf5e6f231b55443,Yair Rodriguez,fba03cd6cc28dc41,Josh Emmett,Yair Rodriguez,cbf5e6f231b55443
01dd4cdc2446f665,28af78600d6580f1,a9da3158dd2c2b5a,Jack Jenkins,da4628f173337902,Don Shainis,Jack Jenkins,a9da3158dd2c2b5a
01dd4cdc2446f665,5c962ea13cb9b937,4cd8b03aee1d0138,Shane Young,5095b0920a3602aa,Blake Bilder,Blake Bilder,5095b0920a3602aa
02177caefe7c07d4,5f617d6c19d3a281,751de04455cfaac0,Calvin Kattar,98d961097baaf308,Shane Burgos,Shane Burgos,98d961097baaf308
02177caefe7c07d4,50385add37239184,82a5152216251682,Dan Ige,1291edf2d566a71a,Julio Arce,Dan Ige,82a5152216251682
02177caefe7c07d4,b9726184624ac076,275aca31f61ba28c,Islam Makhachev,75e5fec9f72910ef,Gleison Tibau,Islam Makhachev,275aca31f61ba28c
02177caefe7c07d4,1b0fa021b1158121,0b8d512c79b4baf3,Matt Bessette,be0b310a12eb80b4,Enrique Barzola,Enrique Barzola,be0b310a12eb80b4
02177caefe7c07d4,f91709b071e8295a,71f048adbfed5b49,Sabah Homasi,eae431e70064e046,Abdul Razak Alhassan,Abdul Razak Alhassan,eae431e70064e046
02177caefe7c07d4,ea66be2688f542be,c5af5750e8bae4f0,Kyle Bochniak,cc351e408bbb7d43,Brandon Davis,Kyle Bochniak,c5af5750e8bae4f0
02177caefe7c07d4,9f96d11017f9c824,d967f0128c323de6,Daniel Cormier,0845c81e37d3bcb3,Volkan Oezdemir,Daniel Cormier,d967f0128c323de6
02177caefe7c07d4,8238f9d2fd961757,d28dee5c705991df,Stipe Miocic,8d03ce87ca14e778,Francis Ngannou,Francis Ngannou,8d03ce87ca14e778
02177caefe7c07d4,889207e3c622a5aa,2b074403b7c6cdb4,Thomas Almeida,05339613bf8e9808,Rob Font,Rob Font,05339613bf8e9808
02177caefe7c07d4,0990ac7065412e76,f53c1f4ceeed8c08,Dustin Ortiz,a0f0004aadf10b71,Alexandre Pantoja,Alexandre Pantoja,a0f0004aadf10b71
02177caefe7c07d4,5cf56c22cbc24758,fcd448a2fe1a23cc,Gian Villante,b69f24c500d783e7,Francimar Barroso,Gian Villante,fcd448a2fe1a23cc
026b4f7049085842,3e2bde19e752f64b,887961364be5ceb3,King Green,7826923b47f8d72a,Paddy Pimblett,Paddy Pimblett,7826923b47f8d72a
026b4f7049085842,f02fed4e98048471,a93f94c923c3a9cb,Christian Leroy Duncan,d1c65d2cf2925ddd,Gregory Rodrigues,Gregory Rodrigues,d1c65d2cf2925ddd
026b4f7049085842,678eda89a096dde8,51018a31ddf31eb2,Molly McCann,7138a15258dabf20,Bruna Brasil,Molly McCann,51018a31ddf31eb2
026b4f7049085842,dff2ef8fdde8c502,9c442aaf149ea982,Shauna Bannon,87f8699fdcc2c404,Alice Ardelean,Alice Ardelean,87f8699fdcc2c404
026b4f7049085842,a5558e8fec59a687,0d5cc0170c1a7e71,Mick Parkin,0c25d0a5e8cdbf19,Lukasz Brzeski,Mick Parkin,0d5cc0170c1a7e71
026b4f7049085842,16b0a16ab2e20fdb,6b56e94a59b7b134,Oban Elliott,9fe7af8b3fbe00a0,Preston Parsons,Oban Elliott,6b56e94a59b7b134
026b4f7049085842,026bb9fd1b3f239d,476fe566d2df676e,Modestas Bukauskas,6370c1c1e12723d5,Marcin Prachnio,Modestas Bukauskas,476fe566d2df676e
026b4f7049085842,3183dfe66fcdd25f,8b6e5dc2ba1edbe7,Sam Patterson,4729c93ba705a3bf,Kiefer Crosbie,Sam Patterson,8b6e5dc2ba1edbe7
026b4f7049085842,d6e240c47ba6034d,75353550928a7921,Muhammad Mokaev,5d1b7e3dd9e11074,Manel Kape,Muhammad Mokaev,75353550928a7921
026b4f7049085842,45e6a9b56ee3a9d1,329e403448756217,Nathaniel Wood,361d49960a196976,Daniel Pineda,Nathaniel Wood,329e403448756217
026b4f7049085842,ec434314c5438fc7,399afbabc02376b5,Tom Aspinall,fa6796c55d6c5440,Curtis Blaydes,Tom Aspinall,399afbabc02376b5
026b4f7049085842,9d8c32c60df0e287,60a42bf82447c919,Jake Hadley,42ac4020cba261ad,Caolan Loughran,Caolan Loughran,42ac4020cba261ad
026b4f7049085842,8a2e28da18ba6a25,040a74bb0a465c54,Arnold Allen,9560ff14eb3129f7,Giga Chikadze,Arnold Allen,040a74bb0a465c54
026b4f7049085842,ec5163539a133f17,f1fac969a1d70b08,Leon Edwards,b1b0729d27936f2f,Belal Muhammad,Leon Edwards,f1fac969a1d70b08
02fc8f50f56eb307,38dbb6f2e1456acd,ad3f53c454cbbead,Josh Barnett,0aa92558424ced9e,Randy Couture,Josh Barnett,ad3f53c454cbbead
02fc8f50f56eb307,1c0f5152b0bbef05,8f2d9ee27f206f1f,Evan Tanner,817e0bdf08efce2e,Elvis Sinosic,Evan Tanner,8f2d9ee27f206f1f
030f08370fd1c2bb,caa56c26127bf7e8,b102c26727306ab6,Jussier Formiga,b2e3aca4cd363477,Chris Cariaso,Jussier Formiga,b102c26727306ab6
030f08370fd1c2bb,cf5f9da861c5e63f,ed209f6618c82e41,Hacran Dias,6fb1ba67bef41b37,Nik Lentz,Nik Lentz,6fb1ba67bef41b37
030f08370fd1c2bb,4b4c4df2778538d9,30a09e43f15f1d75,Paulo Thiago,e51fcd9cd84c0b93,Michel Prazeres,Michel Prazeres,e51fcd9cd84c0b93
030f08370fd1c2bb,edc4e54d5258eea8,75e5fec9f72910ef,Gleison Tibau,03c9994c5b8958ec,John Cholish,Gleison Tibau,75e5fec9f72910ef
030f08370fd1c2bb,91f33ac24fb39eca,a8283a4f415e1eb9,Francisco Trinaldo,af90b10c785ced3e,Mike Rio,Francisco Trinaldo,a8283a4f415e1eb9
030f08370fd1c2bb,05f8696303709939,6a2f7c151031653d,Rafael Dos Anjos,e5c9de15bb58b1c6,Evan Dunham,Rafael Dos Anjos,6a2f7c151031653d
030f08370fd1c2bb,ac269f99e4e53634,7a703c565ccaa18f,Jacare Souza,6c2030e0a143a94b,Chris Camozzi,Jacare Souza,7a703c565ccaa18f
030f08370fd1c2bb,110d18c0953bde1d,0ee783aa00e468f0,Vitor Belfort,00e11b5c8b7bfeeb,Luke Rockhold,Luke Rockhold,00e11b5c8b7bfeeb
030f08370fd1c2bb,019b88d4ac875ae4,2f95a3c6d58b2aad,Iuri Alcantara,14aa21bc82cac57d,Iliarde Santos,Iuri Alcantara,2f95a3c6d58b2aad
030f08370fd1c2bb,eacfc05c3e5ead5e,7413b80dbb0f8f9f,Lucas Martins,c3bd649a9194e50c,Jeremy Larsen,Lucas Martins,7413b80dbb0f8f9f
0313bf497de9c470,4e981b587c1012dd,4ac1ecf8ce59ef23,Jason Saggo,e5010b1b94ca5755,Paul Felder,Paul Felder,e5010b1b94ca5755
0313bf497de9c470,88933cf1edd83034,5f99b2bafb10305f,Daron Cruickshank,6bf5a7d3e081ade2,Anthony Njokuani,Daron Cruickshank,5f99b2bafb10305f
0313bf497de9c470,64542fe846b9aea9,cbd5d3cdd862e90e,Rory MacDonald,0749d968e932df53,Tarec Saffiedine,Rory MacDonald,cbd5d3cdd862e90e
0313bf497de9c470,17bb1e62772ac5af,6e7c758f5cdec01a,Paddy Holohan,56c9acc4e86046a2,Chris Kelades,Paddy Holohan,6e7c758f5cdec01a
0313bf497de9c470,20af0f55d226f320,c03a5022f8439f2a,Chad Laprise,3e61082025db8137,Yosdenis Cedeno,Chad Laprise,c03a5022f8439f2a
0313bf497de9c470,06fab49a307ff3d2,2f13e4020cea5b38,Raphael Assuncao,5ef0088c1b19beeb,Bryan Caraway,Raphael Assuncao,2f13e4020cea5b38
0313bf497de9c470,5e07077e84fc45cd,49858bf46dabf6fb,Nordine Taleb,e64b96c07d7ce999,Li Jingliang,Li Jingliang,e64b96c07d7ce999
0313bf497de9c470,4664432c0d592411,ff6a1f63c254127e,Albert Tumenov,8f0d576beba1cfcd,Matt Dwyer,Albert Tumenov,ff6a1f63c254127e
03688dc3c3af3ac1,57a7767c4255e034,2a542ee8a8b83559,Tim Sylvia,3738e68d2261e60f,Andrei Arlovski,Tim Sylvia,2a542ee8a8b83559
03688dc3c3af3ac1,3fe41b95899316d5,5be86bb2f78fef2f,Jason Lambert,6a92caba39b64752,Terry Martin,Terry Martin,6a92caba39b64752
03688dc3c3af3ac1,0a083ab881ef3a5f,349aaa3da11eb587,Karo Parisyan,7d3caf0f96f1b33d,Nick Thompson,Karo Parisyan,349aaa3da11eb587
03688dc3c3af3ac1,fef433a7cb7a2029,029880cdbf5ca089,Sean Sherk,f57a8a52ca401ed9,Nick Diaz,Sean Sherk,029880cdbf5ca089
03688dc3c3af3ac1,5f9b063630e52778,2f732dd9210d301f,Tito Ortiz,fcffee71cff5530e,Forrest Griffin,Forrest Griffin,fcffee71cff5530e
03b1e846b09f721d,d2f6b87189908088,9673a497a9da119a,Polyana Viana,6fd953151d981979,JJ Aldrich,JJ Aldrich,6fd953151d981979
03b1e846b09f721d,5d8a1daadda47ace,b76c6268dc1d3c05,Danielle Taylor,1ebe20ebbfa15e29,Zhang Weili,Zhang Weili,1ebe20ebbfa15e29
03b1e846b09f721d,520f6379fefd8fda,d247691a6c0e9034,Cub Swanson,b6452706b373eea1,Renato Moicano,Cub Swanson,d247691a6c0e9034
03b1e846b09f721d,e85e83ab4e60e768,5b8ba8f5512893b1,Matt Sayles,0d62719b1dcf7c40,Sheymon Moraes,Matt Sayles,5b8ba8f5512893b1
03b1e846b09f721d,de32c5a78aaf89e9,c849740a3ff51931,TJ Dillashaw,d8c7c61b176e3994,Cody Garbrandt,TJ Dillashaw,c849740a3ff51931
03b1e846b09f721d,f2ca358ea9bec156,8a304bfd6bf04a57,Demetrious Johnson,056c493bbd76a918,Henry Cejudo,Demetrious Johnson,8a304bfd6bf04a57
03b1e846b09f721d,3b03f8d3a55f3cb2,dea070ed4a2a8281,Thiago Santos,3a46b268013afede,Kevin Holland,Kevin Holland,3a46b268013afede
03b1e846b09f721d,65223fa6055df489,1ae8f3c723aacff4,Ricardo Ramos,a7897d200692ab64,Kyung Ho Kang,Ricardo Ramos,1ae8f3c723aacff4
03b1e846b09f721d,c8a9d3917d77ede2,6bd02119599741a4,Pedro Munhoz,ec52462a1b41f714,Brett Johns,Brett Johns,ec52462a1b41f714
03b1e846b09f721d,e57a78a422439774,5987b2458f4b5290,Ricky Simon,cc1a8b4b38b92c6d,Montel Jackson,Montel Jackson,cc1a8b4b38b92c6d
03b1e846b09f721d,866729ea2ceddb25,ab2b4ff41d6ebe0f,Alex Perez,d2036f31c035e0d1,Jose Torres,Alex Perez,ab2b4ff41d6ebe0f
03b1e846b09f721d,8e971c1ec4b981cc,7c7332319c14094c,Marlon Vera,2296125b6c362355,Wulijiburen,Marlon Vera,7c7332319c14094c
03da33a102d9a45f,e139628170777bef,dc9572dd6ec74859,Colby Covington,f2925e6db404bf1d,Robbie Lawler,Colby Covington,dc9572dd6ec74859
03da33a102d9a45f,dbbd17b6995f014b,ae7fe94f117f98cf,Joaquim Silva,b7b84ccd221be298,Nasrat Haqparast,Nasrat Haqparast,b7b84ccd221be298
03da33a102d9a45f,cd6b799ec79c489a,025f0b1b58fbad01,Darko Stosic,8667caa0451d245b,Kennedy Nzechukwu,Kennedy Nzechukwu,8667caa0451d245b
03da33a102d9a45f,94560d1dc6248347,7559395ad833c074,Miranda Granger,26e3f3928b1891d9,Hannah Goldy,Hannah Goldy,26e3f3928b1891d9
03da33a102d9a45f,e96d929f8207a3e0,d1941565abf50b16,Jim Miller,c47df9303d318c67,Clay Guida,Jim Miller,d1941565abf50b16
03da33a102d9a45f,326de7f7ec9e7035,d7338bcb141abd2c,Antonina Shevchenko,3cf66c62d9069f43,Lucie Pudilova,Lucie Pudilova,3cf66c62d9069f43
03da33a102d9a45f,60162c95d921d1ae,215a70f073a7b726,Jordan Espinosa,67c1d46f4ed16f9e,Matt Schnell,Matt Schnell,67c1d46f4ed16f9e
03da33a102d9a45f,f6ab2eec90980ac0,6f7c616b98e18c29,Claudio Silva,f9a20a17d712ef7c,Cole Williams,Claudio Silva,6f7c616b98e18c29
03da33a102d9a45f,e3acb789f7dcd34c,729d4bd5a6cd0a97,Lauren Murphy,82cbb809d5ee565c,Mara Romero Borella,Lauren Murphy,729d4bd5a6cd0a97
03da33a102d9a45f,1d9f862a47540785,df1eb4354d18a906,Scott Holtzman,98a6b2361045898f,Dong Hyun Ma,Scott Holtzman,df1eb4354d18a906
03da33a102d9a45f,f4bd11655adeb078,9e50097a89442158,Mickey Gall,cbf1c7ba5408a66f,Salim Touahri,Mickey Gall,9e50097a89442158
03da33a102d9a45f,dc49373c52eedaa3,b27a1fcb56a3035a,Trevin Giles,6ac9bc2953c47345,Gerald Meerschaert,Trevin Giles,b27a1fcb56a3035a
04076783ca83d6ae,279b4190d9ef1379,634bb0de2eb043b4,Cristiane Justino,634e2fb70bde3fd5,Holly Holm,Cristiane Justino,634bb0de2eb043b4
04076783ca83d6ae,a88a4c126d585320,032cc3922d871c7f,Khabib Nurmagomedov,64a50dad704d1d49,Edson Barboza,Khabib Nurmagomedov,032cc3922d871c7f
04076783ca83d6ae,c381ad2c0bf34dd9,f9f07bb5a43535ed,Carlos Condit,84b3e7d38f2d2ec5,Neil Magny,Neil Magny,84b3e7d38f2d2ec5
04076783ca83d6ae,147d2ab0230af48d,08e908ed6d18d6a0,Myles Jury,814ff3018127e8fc,Ricky Glenn,Myles Jury,08e908ed6d18d6a0
04076783ca83d6ae,8f40ac90544d0003,c96d9178c9ed9e62,Tim Elliott,f57dd0bfa8c17813,Mark De La Rosa,Tim Elliott,c96d9178c9ed9e62
04076783ca83d6ae,f77e3c681fe1b04e,98215d037be5bcb7,Cynthia Calvillo,d910665038efc639,Carla Esparza,Carla Esparza,d910665038efc639
04076783ca83d6ae,3d76ed7e224e9c99,193b9d1858bc4df3,Dan Hooker,32c355b04fc57f3a,Marc Diakiese,Dan Hooker,193b9d1858bc4df3
04076783ca83d6ae,7e9ed49a1831056f,d2bc285ead803db0,Louis Smolka,1a31ef98efce7a79,Matheus Nicolau,Matheus Nicolau,1a31ef98efce7a79
04d5718ed2661e8c,9c7a67ce1d6a01f9,75e5fec9f72910ef,Gleison Tibau,18968f97ad34f15c,Jeremy Stephens,Gleison Tibau,75e5fec9f72910ef
04d5718ed2661e8c,ae68274ab6f78cd8,8b69839f3555a67b,Martin Kampmann,f9f07bb5a43535ed,Carlos Condit,Carlos Condit,f9f07bb5a43535ed
04d5718ed2661e8c,c642640db89fb033,89b8d1bf1ff09d1d,Tim Credeur,f8fe2053d73d7bcf,Nick Catone,Tim Credeur,89b8d1bf1ff09d1d
04d5718ed2661e8c,a7d42315236560e9,c0ab242c40decc55,Ryan Bader,aa03a3ca00ac6827,Carmelo Marrero,Ryan Bader,c0ab242c40decc55
04d5718ed2661e8c,ddc233f8ca7c05aa,d5f820c11a121050,Aaron Simpson,9ca265dfe8323db3,Tim McKenzie,Aaron Simpson,d5f820c11a121050
04d5718ed2661e8c,f1100f1bc6cbb351,20205040232ed0f3,Tyson Griffin,6a2f7c151031653d,Rafael Dos Anjos,Rafael Dos Anjos,6a2f7c151031653d
054defd5420a551f,dacca5ea6be14d08,5b407acfe0ef9b76,Nick Osipczak,9c669abd35b2522f,Greg Soto,Greg Soto,9c669abd35b2522f
054defd5420a551f,3d38022fdcb3b5c9,f2688492b9a525a3,Frankie Edgar,73c7cfa551289285,BJ Penn,Frankie Edgar,f2688492b9a525a3
054defd5420a551f,4bb7363bb03628f6,427b5953ac8e3a27,Demian Maia,df2bf09c99594848,Mario Miranda,Demian Maia,427b5953ac8e3a27
054defd5420a551f,f484290346cfcf73,cb139171ed1b69fe,Kenny Florian,7d96bc577e5178b2,Gray Maynard,Kenny Florian,cb139171ed1b69fe
054defd5420a551f,17a8fbfbe8d32258,8355922d564b152c,Nate Diaz,b7d524c77c27389b,Marcus Davis,Nate Diaz,8355922d564b152c
054defd5420a551f,65290fc5216c2a73,b45d6b73f4ca4467,Andre Winner,6fb1ba67bef41b37,Nik Lentz,Nik Lentz,6fb1ba67bef41b37
054defd5420a551f,18cfc2f58d20c0f2,d0c29452d3272603,Dan Miller,010986ee359fb863,John Salter,Dan Miller,d0c29452d3272603
0577808d22dfe79c,1574bb7476c9e556,dbc17725b887860a,Cezar Ferreira,d156513a19acf856,Sam Alvey,Cezar Ferreira,dbc17725b887860a
0577808d22dfe79c,223f9a750428e1d0,8349d55cdecd393a,Antonio Silva,1ff9589f9065a9ed,Frank Mir,Frank Mir,1ff9589f9065a9ed
0577808d22dfe79c,4228886e94a25a63,9b7694d064a8a0ad,Rustam Khabilov,7dcf06c1967801c1,Adriano Martins,Rustam Khabilov,9b7694d064a8a0ad
0577808d22dfe79c,d785f22c4cc99a3d,64a50dad704d1d49,Edson Barboza,511e82663651438d,Michael Johnson,Edson Barboza,64a50dad704d1d49
0577808d22dfe79c,c7cbf6b47051fa7d,2f95a3c6d58b2aad,Iuri Alcantara,9ba2226646046b63,Frankie Saenz,Iuri Alcantara,2f95a3c6d58b2aad
0577808d22dfe79c,82e713f037e37fe9,6d1bffff14897645,Santiago Ponzinibbio,0d8011111be000b2,Sean Strickland,Sean Strickland,0d8011111be000b2
0577808d22dfe79c,a7ff11c5dfe65e86,8ce87f7e3a9baed2,Tiago dos Santos e Silva,1971869b7e054261,Mike de la Torre,Mike de la Torre,1971869b7e054261
0577808d22dfe79c,ec659c4e19f62700,ed74afc8b5b47a61,William Macario,8f0d576beba1cfcd,Matt Dwyer,Matt Dwyer,8f0d576beba1cfcd
0577808d22dfe79c,10cff9ac7ce89c28,3a314d9fa7c6825d,Douglas Silva de Andrade,700a674c042b7a96,Cody Gibson,Douglas Silva de Andrade,3a314d9fa7c6825d
0577808d22dfe79c,76726a66840ccfa4,6a1901c62ab3870f,Jessica Andrade,c7d297714d9ab1a4,Marion Reneau,Jessica Andrade,6a1901c62ab3870f
05fbfe628658c538,23124e6f3e7aa37d,a566371ba2ad7152,Josh Thomson,887961364be5ceb3,King Green,King Green,887961364be5ceb3
05fbfe628658c538,677910683d0fd88b,f2925e6db404bf1d,Robbie Lawler,31123249b0bbf52e,Matt Brown,Matt Brown,31123249b0bbf52e
05fbfe628658c538,17dc833cda860933,5f99b2bafb10305f,Daron Cruickshank,47b9e0e7703a4868,Jorge Masvidal,Jorge Masvidal,47b9e0e7703a4868
05fbfe628658c538,1f63949591ad61bd,365fee2da473b177,Anthony Johnson,73e09f837f3b5ecc,Rogerio Nogueira,Anthony Johnson,365fee2da473b177
05fbfe628658c538,1258b6f1cb5eed64,c47df9303d318c67,Clay Guida,6f242453c91a5af0,Dennis Bermudez,Dennis Bermudez,6f242453c91a5af0
05fbfe628658c538,2e23e7ab6217c034,b959e8c7fd8390d2,Kyle Kingsbury,e51e5cb722bd47a8,Patrick Cummins,Patrick Cummins,e51e5cb722bd47a8
05fbfe628658c538,f9e672ec431fed3f,c136b2a8852da5bd,Akbarh Arreola,8ce87f7e3a9baed2,Tiago dos Santos e Silva,Akbarh Arreola,c136b2a8852da5bd
05fbfe628658c538,f29ba17d818d4fac,75a6a390fd5dca46,Juliana Lima,3d6749c4267da18f,Joanna Jedrzejczyk,Joanna Jedrzejczyk,3d6749c4267da18f
05fbfe628658c538,55b3724a98c0469c,d188a3b817860ec6,Steven Siler,9f755fb04cc21499,Noad Lahat,Steven Siler,d188a3b817860ec6
063649e21bc9d6d5,56fbc2a376569c13,150ff4cc642270b9,Max Holloway,cc900c6a71ed23f3,Clay Collard,Max Holloway,150ff4cc642270b9
063649e21bc9d6d5,735ed861dee80d25,3591d0d5d382a381,Francis Carmont,cfb65863d5099327,Thales Leites,Francis Carmont,3591d0d5d382a381
063649e21bc9d6d5,351532f2fe6804d1,2676b28836a5a836,Benson Henderson,6a2f7c151031653d,Rafael Dos Anjos,Benson Henderson,2676b28836a5a836
063649e21bc9d6d5,20f0129fc4861674,6256b2b1562cb8e1,James Vick,777dea713da2441d,Valmir Lazaro,James Vick,6256b2b1562cb8e1
063649e21bc9d6d5,b2867869d4eb98ce,34c2b3656f88f7ef,Aaron Phillips,b57edace7b647f07,Matt Hobar,Matt Hobar,b57edace7b647f07
063649e21bc9d6d5,954362efa4564d60,84b3e7d38f2d2ec5,Neil Magny,a2b12c3f3d60ff69,Alex Garcia,Neil Magny,84b3e7d38f2d2ec5
063649e21bc9d6d5,e8f6232d12d52b58,4bd6b4800070b069,Chas Skelly,5fceb45939fc0c8a,Tom Niinimaki,Chas Skelly,4bd6b4800070b069
063649e21bc9d6d5,53fe9da9fb8d4f88,08af939f41b5a57b,Beneil Dariush,5331b25a60417ffb,Anthony Rocco Martin,Beneil Dariush,08af939f41b5a57b
063649e21bc9d6d5,01be9ab42f1fd8e6,5aedf14771ca82d2,Wilson Reis,b12fc8a41e82d3a2,Joby Sanchez,Wilson Reis,5aedf14771ca82d2
063649e21bc9d6d5,c7765a3255701267,f5990c11974d8e9c,Mike Pyle,2aa49b3766a59bcd,Jordan Mein,Jordan Mein,2aa49b3766a59bcd
06dc1a58663579d2,3caa22209cb559b7,a36556bb1565e32d,Joe Proctor,e56daf7725a0b5ab,Justin Edwards,Joe Proctor,a36556bb1565e32d
06dc1a58663579d2,245009a9e1a0f60b,32ba186f4b0e3267,Brian Ebersole,16690d100f995f8f,Omari Akhmedov,Brian Ebersole,32ba186f4b0e3267
06dc1a58663579d2,a7c04dc830923313,c8097968da5e5f13,Chris Wade,de45aaae23dfa392,Christos Giagos,Chris Wade,c8097968da5e5f13
06dc1a58663579d2,5b0fcecc55bebd5c,ca2efc9d7d523c43,Shawn Jordan,d3df1add9d9a7efb,Derrick Lewis,Derrick Lewis,d3df1add9d9a7efb
06dc1a58663579d2,cad44cd2466fb68f,a4e85a58fbce64b2,Joe Soto,c5a126ace82a6025,Anthony Birchak,Joe Soto,a4e85a58fbce64b2
06dc1a58663579d2,c611e81778c0b1fc,7ea4a9f07df33a45,Francisco Rivera,7aa3d6964eff4877,Alex Caceres,Alex Caceres,7aa3d6964eff4877
06dc1a58663579d2,97febb293c99e5a8,c80095f6092271a7,Tim Boetsch,1ccf4e7caff270df,Dan Henderson,Dan Henderson,1ccf4e7caff270df
06dc1a58663579d2,09f67db0cfaee022,bd58d34e39b7b12a,Ben Rothwell,ba280572acfba13f,Matt Mitrione,Matt Mitrione,ba280572acfba13f
06dc1a58663579d2,f930743af6564795,029eaff01e6bb8f0,Dustin Poirier,813550bc53b15fb0,Yancy Medeiros,Dustin Poirier,029eaff01e6bb8f0
06dc1a58663579d2,29c7cb102ddd7ec4,8a59d346dc976a10,Thiago Tavares,def8166ff24bd237,Brian Ortega,Brian Ortega,def8166ff24bd237
073eee4e62f0d988,1e603e6aa6d1a750,f4c49976c75c5ab2,Conor McGregor,c2e3e67b5911bfb7,Diego Brandao,Conor McGregor,f4c49976c75c5ab2
073eee4e62f0d988,f6d6b660e1578744,7bc96507e4b38d3b,Cody Donovan,1091d4d957141094,Nikita Krylov,Nikita Krylov,1091d4d957141094
073eee4e62f0d988,e554e9910cb83d49,6e7c758f5cdec01a,Paddy Holohan,f65dcb22dada2223,Josh Sampo,Paddy Holohan,6e7c758f5cdec01a
073eee4e62f0d988,85a58685504c63b4,e9a3aeb207578eea,Ilir Latifi,dfae5da5676e4194,Chris Dempsey,Ilir Latifi,e9a3aeb207578eea
073eee4e62f0d988,b2457e9da89967e2,49a74b9fb2e45fdf,Neil Seery,ba043b03eb799063,Phil Harris,Neil Seery,49a74b9fb2e45fdf
073eee4e62f0d988,611ccad0fc46ba51,14ff46596ad80609,Norman Parke,bc8f6b42767e28df,Naoyuki Kotani,Norman Parke,14ff46596ad80609
073eee4e62f0d988,ab3820fa9944bd22,fd55393021a8c255,Gunnar Nelson,4ba8d454f762005d,Zak Cummings,Gunnar Nelson,fd55393021a8c255
073eee4e62f0d988,0836a9bdd8942bb3,c945adc22c2bfe8f,Brad Pickett,701e057d63c124d9,Ian McCall,Ian McCall,701e057d63c124d9
079488710f012779,eedc7fccf7037949,4bdedbdeedff7d1d,Bolaji Oki,fd406a32a6fb3a29,Chris Duncan,Chris Duncan,fd406a32a6fb3a29
079488710f012779,e01019fbfe0e9528,5b86d491d63890c5,Ludovit Klein,37c5366d18ed6c05,Roosevelt Roberts,Ludovit Klein,5b86d491d63890c5
079488710f012779,3599e9de4ae0e171,46e2011d92463b7e,Oumar Sy,74f9448b97bf8bec,Da Woon Jung,Oumar Sy,46e2011d92463b7e
079488710f012779,d063d46208c560b1,8b1ed83b02303075,Taylor Lapilus,37098a6e6c27fb66,Vince Morales,Taylor Lapilus,8b1ed83b02303075
079488710f012779,a187670c5ee1ec5f,f2b3f4ef3f780168,Nora Cornolle,e3964ece586e0635,Jacqueline Cavalcanti,Jacqueline Cavalcanti,e3964ece586e0635
079488710f012779,7ba432e218edc17d,06e4245d16fc5315,Ailin Perez,07047eb7d17fb0a2,Daria Zhelezniakova,Ailin Perez,06e4245d16fc5315
079488710f012779,89b772f864acb637,cd13728ae1151f46,Ion Cutelaba,64ad3e3b0efa30bb,Ivan Erslan,Ion Cutelaba,cd13728ae1151f46
079488710f012779,d806aacf5b6ba7f6,1e4f273069fb9e85,Fares Ziam,dccb63727f2f5f74,Matt Frevola,Fares Ziam,1e4f273069fb9e85
079488710f012779,62ff1e5deb124ff5,881bf86d4cba8578,Nassourdine Imavov,2f181c0467965b98,Brendan Allen,Brendan Allen,2f181c0467965b98
079488710f012779,45f00a42a17f8e2a,dda15dbfafb792df,Kevin Jousset,f626118b6da0e020,Bryan Battle,Bryan Battle,f626118b6da0e020
079488710f012779,19706d8ba0edf9cd,e1d40e8782d80bc2,William Gomis,791c8437b341fba5,Joanderson Brito,William Gomis,e1d40e8782d80bc2
079488710f012779,7ca4c91bab696b89,b6452706b373eea1,Renato Moicano,c2299ec916bc7c56,Benoit Saint Denis,Benoit Saint Denis,c2299ec916bc7c56
079488710f012779,f114929ed709606e,5b03b61f9d90125e,Morgan Charriere,b909a9a9688b5284,Gabriel Miranda,Morgan Charriere,5b03b61f9d90125e
079488710f012779,47d978a984a163aa,e8fe9c15d348e778,Daniel Barez,dc7927cd622676a7,Victor Altamirano,Daniel Barez,e8fe9c15d348e778
07a18ae55dfc3cd9,b5e49b35bc25c5a9,0aa92558424ced9e,Randy Couture,0ee783aa00e468f0,Vitor Belfort,Randy Couture,0aa92558424ced9e
08ae5cd9aef7ddd3,3c49bf20e4442a81,8a8a84b743ae7699,Dennis Hallman,621a6c59f88a44fe,Matt Hughes,Matt Hughes,621a6c59f88a44fe
08ae5cd9aef7ddd3,9ea4087371f7a892,a390eb8a9b2df298,Chuck Liddell,cbfd1d34356a004c,Jeff Monson,Chuck Liddell,a390eb8a9b2df298
0941df56f6ac954b,70f01e9ff0b4e519,7c7332319c14094c,Marlon Vera,5f6f049d54728e88,Andre Ewell,Marlon Vera,7c7332319c14094c
0941df56f6ac954b,707ba52845d399c9,d247691a6c0e9034,Cub Swanson,242d36d241b43c12,Kron Gracie,Cub Swanson,d247691a6c0e9034
0941df56f6ac954b,6a0217099efee13f,fb3e61720be4690c,Mike Davis,e7f51d9f9e9259e7,Thomas Gifford,Mike Davis,fb3e61720be4690c
0941df56f6ac954b,2d7f29ec900a8948,7447e9f28508106a,Mackenzie Dern,beecb672a279223e,Amanda Ribas,Mackenzie Dern,7447e9f28508106a
0941df56f6ac954b,f3169b755afcdc5b,d8da10db80131bec,Niko Price,6256b2b1562cb8e1,James Vick,James Vick,6256b2b1562cb8e1
0941df56f6ac954b,25548d526c3a7587,a67f5afa8d6a1b80,Ryan Spann,cc7040fe76f0ef91,Devin Clark,Ryan Spann,a67f5afa8d6a1b80
0941df56f6ac954b,bed2710e06dabe6a,dccb63727f2f5f74,Matt Frevola,2844b047183a1adb,Luis Pena,Luis Pena,2844b047183a1adb
0941df56f6ac954b,834f67e96612cd6f,cad24459b28592ca,Eryk Anders,6ac9bc2953c47345,Gerald Meerschaert,Gerald Meerschaert,6ac9bc2953c47345
0941df56f6ac954b,f61f5adf7e0a80c4,3d6749c4267da18f,Joanna Jedrzejczyk,eb04b9d31e938edb,Michelle Waterson-Gomez,Joanna Jedrzejczyk,3d6749c4267da18f
0941df56f6ac954b,c5b8a996eff18540,b0d6a1d8ac3d563d,Max Griffin,cdb96af67d096b1e,Alex Morono,Max Griffin,b0d6a1d8ac3d563d
0941df56f6ac954b,64bee58391921b4b,6fd953151d981979,JJ Aldrich,f923e012414c883e,Lauren Mueller,JJ Aldrich,6fd953151d981979
0941df56f6ac954b,18dde81d45ac2232,aa72b0f831d0bfe5,Deiveson Figueiredo,c96d9178c9ed9e62,Tim Elliott,Deiveson Figueiredo,aa72b0f831d0bfe5
0941df56f6ac954b,1d26ceb1c995655e,82d4c957649faf9b,Miguel Baeza,c487223b0289bda9,Hector Aldana,Miguel Baeza,82d4c957649faf9b
0941df56f6ac954b,bac178dea57bd545,7acbb0972e75281a,Marvin Vettori,fccf811c1e8b01c7,Andrew Sanchez,Marvin Vettori,7acbb0972e75281a
09c44b317c98bf96,b4db19e62f087a7f,dd37fd509af89f15,Josh Koscheck,f2925e6db404bf1d,Robbie Lawler,Robbie Lawler,f2925e6db404bf1d
09c44b317c98bf96,e9e6023dbba9a8b0,8bdac25ce0bb874d,Ronda Rousey,51a0c09cbe9b8472,Liz Carmouche,Ronda Rousey,8bdac25ce0bb874d
09c44b317c98bf96,db43605f10bd67b4,523fa774700d7d3f,Court McGee,d1a1314976c50bef,Josh Neer,Court McGee,523fa774700d7d3f
09c44b317c98bf96,80769cf090fa34dd,6f242453c91a5af0,Dennis Bermudez,bfc2fc38a0e20211,Matt Grice,Dennis Bermudez,6f242453c91a5af0
09c44b317c98bf96,69f8e2ba5d1048d4,c58f51dedb310998,Michael Chiesa,706f8e2b34e8e18b,Anton Kuivanen,Michael Chiesa,c58f51dedb310998
09c44b317c98bf96,50eb4822a74a417e,89a407032911e27e,Brendan Schaub,e6c5908910cc26e4,Lavar Johnson,Brendan Schaub,89a407032911e27e
09c44b317c98bf96,2b3a1c063245e280,501b07aec9b8fc2d,Sam Stout,01d2ed8c502e3828,Caros Fodor,Sam Stout,501b07aec9b8fc2d
09c44b317c98bf96,ee43dc83049ecc8d,f7a7f7118d4b01b6,Lyoto Machida,1ccf4e7caff270df,Dan Henderson,Lyoto Machida,f7a7f7118d4b01b6
09c44b317c98bf96,785c0e68b34ea383,78114b7199cef90c,Urijah Faber,5755960ebd0b16f6,Ivan Menjivar,Urijah Faber,78114b7199cef90c
0a97691039c4bbfb,adb35d212e716b8a,706f8e2b34e8e18b,Anton Kuivanen,9b198c73e3d0d289,Justin Salas,Anton Kuivanen,706f8e2b34e8e18b
0a97691039c4bbfb,74e92a66b29674a9,5755960ebd0b16f6,Ivan Menjivar,7bd94b60d7521e4a,John Albert,Ivan Menjivar,5755960ebd0b16f6
0a97691039c4bbfb,796a7e1fa80af990,d28dee5c705991df,Stipe Miocic,6ef65b6a152e49d5,Philip De Fries,Stipe Miocic,d28dee5c705991df
0a97691039c4bbfb,2341651d1043e2c0,b0a6124751a56bc4,Jonathan Brookins,d403b1a6f278c95e,Vagner Rocha,Vagner Rocha,d403b1a6f278c95e
0a97691039c4bbfb,f10d3d4ffd5a4922,d5f820c11a121050,Aaron Simpson,bd21a1e3d41c97ee,Ronny Markes,Ronny Markes,bd21a1e3d41c97ee
0a97691039c4bbfb,e93d07a18ca847c8,ebc1f40e00e0c481,Stefan Struve,cbd6f1abf955e628,Dave Herman,Stefan Struve,ebc1f40e00e0c481
0a97691039c4bbfb,5f7a1ba6e016b249,c849740a3ff51931,TJ Dillashaw,92aafa8f4b26269b,Walel Watson,TJ Dillashaw,c849740a3ff51931
0a97691039c4bbfb,3e50773520e7a218,82e7929bf6c2b689,Diego Sanchez,d81ac739417d7f53,Jake Ellenberger,Diego Sanchez,82e7929bf6c2b689
0aa92558424ced9e,574b4599ae9cb64e,5f87a5c00b3d17ed,Dennis Siver,bc8f6b42767e28df,Naoyuki Kotani,Dennis Siver,5f87a5c00b3d17ed
0aa92558424ced9e,9971f8bcd3b10069,75e5fec9f72910ef,Gleison Tibau,33011768c3c4dc9a,Terry Etim,Gleison Tibau,75e5fec9f72910ef
0aa92558424ced9e,b953a9b5357cbf99,b7d524c77c27389b,Marcus Davis,9b74de674c355425,Paul Taylor,Marcus Davis,b7d524c77c27389b
0aa92558424ced9e,59d456f0da1159cf,2b93ebd9f5417ad2,Michael Bisping,98b80a717b9bda17,Matt Hamill,Michael Bisping,2b93ebd9f5417ad2
0aa92558424ced9e,76d490a8bb168c78,1eacf73d6a0055dc,Cheick Kongo,c32fb8c0f6471a4d,Mirko Filipovic,Cheick Kongo,1eacf73d6a0055dc
0aa92558424ced9e,49458279eafdaf94,ffc088e64fab57e9,Quinton Jackson,1ccf4e7caff270df,Dan Henderson,Quinton Jackson,ffc088e64fab57e9
0aa92558424ced9e,79db1d9b15e16b1d,0541480fbf719d86,Houston Alexander,7f955f71fa2ce7ac,Alessio Sakara,Alessio Sakara,7f955f71fa2ce7ac
0aa92558424ced9e,a3dfa0ac05433450,2924886ee9c4c527,Thiago Silva,679a9054e2815943,Tomasz Drwal,Tomasz Drwal,679a9054e2815943
0b5b6876c2a4723f,d66a8591af39ca7b,84b3e7d38f2d2ec5,Neil Magny,e64b96c07d7ce999,Li Jingliang,Neil Magny,84b3e7d38f2d2ec5
0b5b6876c2a4723f,cf0a6466b762c668,1ebe20ebbfa15e29,Zhang Weili,3d6749c4267da18f,Joanna Jedrzejczyk,Zhang Weili,1ebe20ebbfa15e29
0b5b6876c2a4723f,891470d896b1de5a,08af939f41b5a57b,Beneil Dariush,7cbf7c78d3b34218,Drakkar Klose,Beneil Dariush,08af939f41b5a57b
0b5b6876c2a4723f,cd258394e8d58d04,b50a426a33da0012,Sean O'Malley,36549928f90f1d36,Jose Quinonez,Sean O'Malley,b50a426a33da0012
0b5b6876c2a4723f,4d607b6ddc77a34c,57b10fca4f9c9a7a,Alex Oliveira,b0d6a1d8ac3d563d,Max Griffin,Max Griffin,b0d6a1d8ac3d563d
0b5b6876c2a4723f,a70c43cafabc73c3,260e9e0d4954aea6,Rodolfo Vieira,88d7b6d8230e1f3f,Saparbeg Safarov,Rodolfo Vieira,260e9e0d4954aea6
0b5b6876c2a4723f,60c441c5838dfac2,da0995f19b749cfa,Mark Madsen,d2cd7a69cc55e7ed,Austin Hubbard,Mark Madsen,da0995f19b749cfa
0b5b6876c2a4723f,d671f436fab2a252,6ac9bc2953c47345,Gerald Meerschaert,483a953b18d73bb3,Deron Winn,Gerald Meerschaert,6ac9bc2953c47345
0b5b6876c2a4723f,daa38964824f1b9f,9560ff14eb3129f7,Giga Chikadze,e00a3dee329a51f7,Jamall Emmers,Giga Chikadze,9560ff14eb3129f7
0b5b6876c2a4723f,467e08195b29e857,3b0a516d2921e0d6,Batgerel Danaa,d05412b513b19621,Guido Cannetti,Batgerel Danaa,3b0a516d2921e0d6
0b5b6876c2a4723f,b46f2f007b622bce,1338e2c7480bdf9e,Israel Adesanya,f77c68bb4be8516d,Yoel Romero,Israel Adesanya,1338e2c7480bdf9e
0b64d0fed453ef7f,84cde29aebf6c00c,971246648e162f0d,Chase Hooper,b93c06d09d1c4ac0,Steven Peterson,Chase Hooper,971246648e162f0d
0b64d0fed453ef7f,dedb74ee9d84deab,1e4f273069fb9e85,Fares Ziam,2f1a257d6777096d,Luigi Vendramini,Fares Ziam,1e4f273069fb9e85
0b64d0fed453ef7f,43dfb2c1e5fecac9,427b5953ac8e3a27,Demian Maia,b1b0729d27936f2f,Belal Muhammad,Belal Muhammad,b1b0729d27936f2f
0b64d0fed453ef7f,1b4d5dbf5f663a97,a2ea77e974c5889f,Carlos Felipe,92fa1401b7927da3,Jake Collier,Carlos Felipe,a2ea77e974c5889f
0b64d0fed453ef7f,d66164d2c770da68,76e2870ffafbe38f,Movsar Evloev,2c9d00968f818270,Hakeem Dawodu,Movsar Evloev,76e2870ffafbe38f
0b64d0fed453ef7f,d4ad90ac58429b64,dccb63727f2f5f74,Matt Frevola,809bd1a871491508,Terrance McKinney,Terrance McKinney,809bd1a871491508
0b64d0fed453ef7f,7d2051c6bae907cb,519e4fe37ce9ff75,Drew Dober,37ed1ab2f8b819f4,Brad Riddell,Brad Riddell,37ed1ab2f8b819f4
0b64d0fed453ef7f,34d38d77c1d3f00e,91dac5e69e28d5b5,Pannie Kianzad,4c2d90e335e6df19,Alexis Davis,Pannie Kianzad,91dac5e69e28d5b5
0b64d0fed453ef7f,34cb6e9952cd30a4,729d4bd5a6cd0a97,Lauren Murphy,12f91bfa8f1f723b,Joanne Wood,Lauren Murphy,729d4bd5a6cd0a97
0b64d0fed453ef7f,9127a6430e46292c,cad24459b28592ca,Eryk Anders,a17ad5a5048e8c3f,Darren Stewart,Eryk Anders,cad24459b28592ca
0b64d0fed453ef7f,4560734220b96851,eabf206b162b3b83,Paul Craig,5444c5a201d3ee5a,Jamahal Hill,Jamahal Hill,5444c5a201d3ee5a
0b64d0fed453ef7f,6cd44e1b2d093ea4,1338e2c7480bdf9e,Israel Adesanya,7acbb0972e75281a,Marvin Vettori,Israel Adesanya,1338e2c7480bdf9e
0b64d0fed453ef7f,b070b8c2c489d838,f1fac969a1d70b08,Leon Edwards,8355922d564b152c,Nate Diaz,Leon Edwards,f1fac969a1d70b08
0b64d0fed453ef7f,0f51869f98afa6c0,aa72b0f831d0bfe5,Deiveson Figueiredo,792be9a24df82ed6,Brandon Moreno,Deiveson Figueiredo,aa72b0f831d0bfe5
0c01568b1ac77bff,dae8ad2e03aa4a9a,5ef94841c4bc3f86,Edgar Chairez,17e97649403ba428,Joshua Van,Joshua Van,17e97649403ba428
0c01568b1ac77bff,3cdc6fea724be133,fe2babf95de24fb1,Raul Rosas Jr.,7d420039bbfe7c1a,Aoriqileng,Raul Rosas Jr.,fe2babf95de24fb1
0c01568b1ac77bff,78b506e5092a27fd,f2900678e98f6d6a,Ronaldo Rodriguez,6d68c1afe954f121,Ode Osbourne,Ronaldo Rodriguez,f2900678e98f6d6a
0c01568b1ac77bff,c60a317c7767abb7,40cb680ae1cd331f,Yazmin Jauregui,8bd4200561c77a62,Ketlen Souza,Yazmin Jauregui,40cb680ae1cd331f
0c01568b1ac77bff,2397e2a92710705a,578ef12674df1e6a,Irene Aldana,d3f5d33d61cd00c9,Norma Dumont,Norma Dumont,d3f5d33d61cd00c9
0c01568b1ac77bff,2335e75ce63805b6,def8166ff24bd237,Brian Ortega,f166e93d04a8c274,Diego Lopes,Diego Lopes,f166e93d04a8c274
0c01568b1ac77bff,27d98a8ee6608e27,4148802ae4a50768,Daniel Zellhuber,323d4ca260dfa0ba,Esteban Ribovics,Esteban Ribovics,323d4ca260dfa0ba
0c01568b1ac77bff,3146e5a47a922976,b50a426a33da0012,Sean O'Malley,c03520b5c88ed6b4,Merab Dvalishvili,Merab Dvalishvili,c03520b5c88ed6b4
0c01568b1ac77bff,6f83cfae0c800ef8,e8b731feff72294b,Alexa Grasso,132deb59abae64b1,Valentina Shevchenko,Valentina Shevchenko,132deb59abae64b1
0c01568b1ac77bff,3733d100f7bd5590,2e7878927067fdca,Manuel Torres,e4a47b07044ddd72,Ignacio Bahamondes,Ignacio Bahamondes,e4a47b07044ddd72
0c1773639c795466,6087c50c5f95a677,c2a670b22d2e196f,Aleksa Camur,ba1e6cb3d43f7430,Justin Ledet,Aleksa Camur,c2a670b22d2e196f
0c1773639c795466,36032308b7e86fd0,634e2fb70bde3fd5,Holly Holm,fc169c387b4b465d,Raquel Pennington,Raquel Pennington,fc169c387b4b465d
0c1773639c795466,32a8f38bd1d46e3e,cbb682f5fcc44bfc,Anthony Pettis,f53d4f21d1b5f2dc,Diego Ferreira,Diego Ferreira,f53d4f21d1b5f2dc
0c1773639c795466,eed6c9aff2234b7a,f4c49976c75c5ab2,Conor McGregor,1d00756835ca67c9,Donald Cerrone,Conor McGregor,f4c49976c75c5ab2
0c1773639c795466,760b5b16b4931a77,4498b382c65a7faa,Roxanne Modafferi,6a740daf1b279661,Maycee Barber,Maycee Barber,6a740daf1b279661
0c1773639c795466,702759500d47a059,98c23cb6da5b3352,Aleksei Oleinik,068f8a189a47fea6,Maurice Greene,Aleksei Oleinik,98c23cb6da5b3352
0c1773639c795466,ff467a5f06a91a0f,c96d9178c9ed9e62,Tim Elliott,b1d19449397541dc,Askar Askarov,Askar Askarov,b1d19449397541dc
0c1773639c795466,63dd38f0dcc2ee88,519e4fe37ce9ff75,Drew Dober,b7b84ccd221be298,Nasrat Haqparast,Nasrat Haqparast,b7b84ccd221be298
0c1773639c795466,96fe84d051847591,70d2329a92864fdb,Sabina Mazo,6fd953151d981979,JJ Aldrich,JJ Aldrich,6fd953151d981979
0c1773639c795466,5868c154789648f0,8fd808923cffff82,Andre Fili,94426bb170c88115,Sodiq Yusuff,Sodiq Yusuff,94426bb170c88115
0c1773639c795466,4eff0432bd364a23,7be14eaed4c74856,Brian Kelleher,6d68c1afe954f121,Ode Osbourne,Ode Osbourne,6d68c1afe954f121
0c3838c8f7c620c2,c97e99ca5422f03b,64a50dad704d1d49,Edson Barboza,e5010b1b94ca5755,Paul Felder,Edson Barboza,64a50dad704d1d49
0c3838c8f7c620c2,f963d716384153ff,c849740a3ff51931,TJ Dillashaw,2c99576fefe53c7c,Renan Barao,Renan Barao,2c99576fefe53c7c
0c3838c8f7c620c2,da7d7b4f20cd2af5,5f99b2bafb10305f,Daron Cruickshank,8f6a18831a120817,James Krause,James Krause,8f6a18831a120817
0c3838c8f7c620c2,e8f499827178a321,6e0273f9478be71e,Kenny Robertson,484acc7b0f856ce9,Ben Saunders,Kenny Robertson,6e0273f9478be71e
0c3838c8f7c620c2,6275b448b6c35f1f,d1941565abf50b16,Jim Miller,d1e7fc58d4225cdf,Danny Castillo,Jim Miller,d1941565abf50b16
0c3838c8f7c620c2,cd55220a7b1378c4,fcd448a2fe1a23cc,Gian Villante,4d44f37107f01b9b,Tom Lawlor,Tom Lawlor,4d44f37107f01b9b
0c3838c8f7c620c2,23a75c0338d25abc,22aa91e402d0fe1f,Ramsey Nijem,66ab58d0b3783607,Andrew Holbrook,Ramsey Nijem,22aa91e402d0fe1f
0c3838c8f7c620c2,c1bfbf5447f21f37,4ba8d454f762005d,Zak Cummings,68c11c27d4d56572,Dominique Steele,Zak Cummings,4ba8d454f762005d
0c3838c8f7c620c2,53efc226c8eaf768,a7ddae0be8b78147,Jessamyn Duke,dcbf01d605681ad1,Elizabeth Phillips,Elizabeth Phillips,dcbf01d605681ad1
0c3838c8f7c620c2,23fd9d50a99665fe,fc9a9559a05f2704,Eddie Wineland,5ef0088c1b19beeb,Bryan Caraway,Bryan Caraway,5ef0088c1b19beeb
0c3838c8f7c620c2,05065fa2bc3693b4,b96619b3acd7d9da,Miesha Tate,f72465a784c1b084,Jessica Eye,Miesha Tate,b96619b3acd7d9da
0c3838c8f7c620c2,bb56f4e502512ad0,3bad7ef643840f67,Joe Lauzon,3be081c29bf734d9,Takanori Gomi,Joe Lauzon,3bad7ef643840f67
0cf935519d439ba6,b0ed7f6450ad33c5,73c7cfa551289285,BJ Penn,86dfed7cc24a9fa7,Matt Serra,Matt Serra,86dfed7cc24a9fa7
0db70ca89e1c7374,976f7f5e7537c62b,aa1952ec0b3dd8e1,Kurt Pellegrino,8a59d346dc976a10,Thiago Tavares,Kurt Pellegrino,aa1952ec0b3dd8e1
0db70ca89e1c7374,9a596aaa2b9a18db,55a7b2d4e54ffac9,Ryo Chonan,1c86754617d9813a,Roan Carneiro,Roan Carneiro,1c86754617d9813a
0db70ca89e1c7374,81734d11cb6a8ebb,2be6596a9db33bf5,Jason MacDonald,5be86bb2f78fef2f,Jason Lambert,Jason Lambert,5be86bb2f78fef2f
0db70ca89e1c7374,c5574b79e31a1b2b,d897897060f10a3a,Rich Franklin,98b80a717b9bda17,Matt Hamill,Rich Franklin,d897897060f10a3a
0db70ca89e1c7374,cafb86764ea92268,9bcf8603ceb25680,Dong Hyun Kim,31123249b0bbf52e,Matt Brown,Matt Brown,31123249b0bbf52e
0db70ca89e1c7374,b74ecc368d3ecbc4,a8e6a69796280f17,Nate Marquardt,8b69839f3555a67b,Martin Kampmann,Nate Marquardt,a8e6a69796280f17
0db70ca89e1c7374,a34dc525a16ce375,1ccf4e7caff270df,Dan Henderson,8ddf9c51c5fdea75,Rousimar Palhares,Dan Henderson,1ccf4e7caff270df
0db70ca89e1c7374,3e126f482e9a84b8,ee779c43a8926d52,Rashad Evans,a390eb8a9b2df298,Chuck Liddell,Chuck Liddell,a390eb8a9b2df298
0db9d2486d564a3c,5cd1869013741767,64a50dad704d1d49,Edson Barboza,9560ff14eb3129f7,Giga Chikadze,Giga Chikadze,9560ff14eb3129f7
0db9d2486d564a3c,ed64e42263bf50bf,cd3d7e37ff2d679c,Ricky Turcios,7af33fc4435017f1,Brady Hiestand,Brady Hiestand,7af33fc4435017f1
0db9d2486d564a3c,58d5e4afc2dd35d1,d156513a19acf856,Sam Alvey,4dcfb28c011c11b2,Wellington Turman,Wellington Turman,4dcfb28c011c11b2
0db9d2486d564a3c,089a17e450cc98aa,ee9ebceabfd16fa7,Kevin Lee,8a1f3b5c526cd6e6,Daniel Rodriguez,Daniel Rodriguez,8a1f3b5c526cd6e6
0db9d2486d564a3c,5086f9fb4fdc2f60,f626118b6da0e020,Bryan Battle,b12fb759e02378de,Gilbert Urbina,Bryan Battle,f626118b6da0e020
0db9d2486d564a3c,be4890f4aaadec28,c0386644627a7ee5,Mana Martinez,d05412b513b19621,Guido Cannetti,Mana Martinez,c0386644627a7ee5
0db9d2486d564a3c,2cb9ba68fc855f33,6fd953151d981979,JJ Aldrich,2c483cf443f38ece,Vanessa Demopoulos,JJ Aldrich,6fd953151d981979
0db9d2486d564a3c,e24c8aab497b4fe1,77d7295d1b22c694,Alessio Di Chirico,eae431e70064e046,Abdul Razak Alhassan,Alessio Di Chirico,77d7295d1b22c694
0db9d2486d564a3c,1de342e9309c5f0f,ea7e5bc78d9de658,Makhmud Muradov,6ac9bc2953c47345,Gerald Meerschaert,Makhmud Muradov,ea7e5bc78d9de658
0db9d2486d564a3c,ad3aa9520131ff2e,5f61780fe5e9b6d0,Andre Petroski,ce175eaafe867d1f,Micheal Gillmore,Andre Petroski,5f61780fe5e9b6d0
0db9d2486d564a3c,0f3a91caeaa55094,e4277e87a789d687,Dustin Jacoby,a17ad5a5048e8c3f,Darren Stewart,Dustin Jacoby,e4277e87a789d687
0db9d2486d564a3c,ef4484943b1c68a9,e00a3dee329a51f7,Jamall Emmers,b8bbdeff718dbb7d,Pat Sabatini,Pat Sabatini,b8bbdeff718dbb7d
0e9869d712e81f8f,817c3b44517daa91,6506c1d34da9c013,Georges St-Pierre,73c7cfa551289285,BJ Penn,Georges St-Pierre,6506c1d34da9c013
0e9869d712e81f8f,7ca8095148c23b71,5be86bb2f78fef2f,Jason Lambert,f3388d2cf7ab3f64,Rob MacDonald,Jason Lambert,5be86bb2f78fef2f
0e9869d712e81f8f,00dc5354794818a7,a8e6a69796280f17,Nate Marquardt,dbaaf42313af90fa,Joe Doerksen,Nate Marquardt,a8e6a69796280f17
0e9869d712e81f8f,002cb1bb411c5f60,d897897060f10a3a,Rich Franklin,22e47b53e4ceb27c,David Loiseau,Rich Franklin,d897897060f10a3a
0e9869d712e81f8f,7ba640f8b70bc685,501b07aec9b8fc2d,Sam Stout,f34312c2ccfa0e00,Spencer Fisher,Spencer Fisher,f34312c2ccfa0e00
0e9869d712e81f8f,0cc225bf45697271,0a97691039c4bbfb,Mark Hominick,5f04e3d58d9ce982,Yves Edwards,Yves Edwards,5f04e3d58d9ce982
0ec821423baa26bd,f754d17d5047d536,4d44f37107f01b9b,Tom Lawlor,3a8176e15b9887c1,Chris Weidman,Chris Weidman,3a8176e15b9887c1
0ec821423baa26bd,421842986f10851e,31123249b0bbf52e,Matt Brown,fd5b6598a3b70c0a,Seth Baczynski,Matt Brown,31123249b0bbf52e
0ec821423baa26bd,89820fae001dd151,5b5307450405abf0,Rick Story,8b69839f3555a67b,Martin Kampmann,Rick Story,5b5307450405abf0
0ec821423baa26bd,50ffbc85d3c50604,c6a33ff198aaaeeb,Stephan Bonnar,b959e8c7fd8390d2,Kyle Kingsbury,Kyle Kingsbury,b959e8c7fd8390d2
0ec821423baa26bd,30c574f33700010a,a1f6999fe57236e0,Wanderlei Silva,d4f364dd076bb0e2,Cung Le,Wanderlei Silva,a1f6999fe57236e0
0ec821423baa26bd,73fd4982ef7aae44,78114b7199cef90c,Urijah Faber,b26d3e3746fb4024,Brian Bowles,Urijah Faber,78114b7199cef90c
0ec821423baa26bd,206db35805bb83dc,140745cbbcb023ac,Mauricio Rua,1ccf4e7caff270df,Dan Henderson,Mauricio Rua,140745cbbcb023ac
0ec821423baa26bd,10f54096561f587d,33b2f68ef95252e0,Miguel Torres,8cb76103cd8a1562,Nick Pace,Miguel Torres,33b2f68ef95252e0
0ec821423baa26bd,2f5ced39b8208e46,c0ab242c40decc55,Ryan Bader,497ba5b12a4bfc47,Jason Brilz,Ryan Bader,c0ab242c40decc55
0ec821423baa26bd,a117805ab030b194,75e5fec9f72910ef,Gleison Tibau,6a2f7c151031653d,Rafael Dos Anjos,Rafael Dos Anjos,6a2f7c151031653d
0ec821423baa26bd,39e7bb2a0842b8a1,d1e7fc58d4225cdf,Danny Castillo,e2b8186b618b00c4,Shamar Bailey,Danny Castillo,d1e7fc58d4225cdf
0ee783aa00e468f0,8df2751dcbfa0fa2,513c6f1715e547a8,Brock Lesnar,1ff9589f9065a9ed,Frank Mir,Brock Lesnar,513c6f1715e547a8
0ee783aa00e468f0,15705df8ba8dcbe1,b0550072e5f0afa7,Yoshihiro Akiyama,4130a743d9d22163,Alan Belcher,Alan Belcher,4130a743d9d22163
0ee783aa00e468f0,55833bf5054126e2,6f018c039b4d5d80,Jon Fitch,30a09e43f15f1d75,Paulo Thiago,Jon Fitch,6f018c039b4d5d80
0ee783aa00e468f0,55bcf58be822d115,9f1641c08cf8fbe2,Shannon Gugerty,bfc2fc38a0e20211,Matt Grice,Shannon Gugerty,9f1641c08cf8fbe2
0ee783aa00e468f0,f8896b43f4ecf861,4d44f37107f01b9b,Tom Lawlor,5d7bdab5e03e3216,CB Dollaway,Tom Lawlor,4d44f37107f01b9b
0ee783aa00e468f0,b6234bf015c80fc5,9bcf8603ceb25680,Dong Hyun Kim,a26198ba5093147e,TJ Grant,Dong Hyun Kim,9bcf8603ceb25680
0ee783aa00e468f0,f885b95dbb354e3d,21b8a0f5c231096f,Mark Coleman,c6a33ff198aaaeeb,Stephan Bonnar,Stephan Bonnar,c6a33ff198aaaeeb
0ee783aa00e468f0,b0dfb313364a7c80,6506c1d34da9c013,Georges St-Pierre,31ee470ef5dc8d7f,Thiago Alves,Georges St-Pierre,6506c1d34da9c013
0ee783aa00e468f0,6d1093a1c31dab94,1ccf4e7caff270df,Dan Henderson,2b93ebd9f5417ad2,Michael Bisping,Michael Bisping,2b93ebd9f5417ad2
0ee783aa00e468f0,d9c3d7b09d8df3e4,d1941565abf50b16,Jim Miller,86f582852a5b240a,Mac Danzig,Jim Miller,d1941565abf50b16
0ee783aa00e468f0,6f6158830b01ea27,07f72a2a7591b409,Jon Jones,20bcc9966affb19c,Jake O'Brien,Jon Jones,07f72a2a7591b409
0eec866a077889f0,7233b2a56438d77a,132deb59abae64b1,Valentina Shevchenko,729d4bd5a6cd0a97,Lauren Murphy,Valentina Shevchenko,132deb59abae64b1
0eec866a077889f0,b3c23fb2d71bba51,193b9d1858bc4df3,Dan Hooker,b7b84ccd221be298,Nasrat Haqparast,Nasrat Haqparast,b7b84ccd221be298
0eec866a077889f0,f4a2806f77ac1cdc,6a1901c62ab3870f,Jessica Andrade,98215d037be5bcb7,Cynthia Calvillo,Jessica Andrade,6a1901c62ab3870f
0eec866a077889f0,f4df74046a1c4364,fa6796c55d6c5440,Curtis Blaydes,2cd428e9606856fd,Jairzinho Rozenstruik,Curtis Blaydes,fa6796c55d6c5440
0eec866a077889f0,18f1b88d8977c216,e1248941344b3288,Alexander Volkanovski,def8166ff24bd237,Brian Ortega,Alexander Volkanovski,e1248941344b3288
0eec866a077889f0,7484298ad57099be,87c0b1c696ddfb43,Jonathan Pearce,a0e6753c42698f13,Omar Morales,Jonathan Pearce,87c0b1c696ddfb43
0eec866a077889f0,bc276e0f07e30a54,fea79f9bc8c68769,Marlon Moraes,c03520b5c88ed6b4,Merab Dvalishvili,Merab Dvalishvili,c03520b5c88ed6b4
0eec866a077889f0,92e006a93f983fb5,f57a8a52ca401ed9,Nick Diaz,f2925e6db404bf1d,Robbie Lawler,Robbie Lawler,f2925e6db404bf1d
0eec866a077889f0,e7bb37681652c2c2,4498b382c65a7faa,Roxanne Modafferi,f7467152fd9f18a2,Taila Santos,Taila Santos,f7467152fd9f18a2
0eec866a077889f0,7abc4520f63f2c06,681399317dbf4701,Uros Medic,4d8fa64202cee4c1,Jalin Turner,Jalin Turner,4d8fa64202cee4c1
0eec866a077889f0,d8189169b2c8a2aa,f14f644d41ade29f,Cody Brundage,12585614e0ed2626,Nick Maximov,Nick Maximov,12585614e0ed2626
0eec866a077889f0,f085f32bbb3220e1,2f5cbecbbe18bac4,Shamil Abdurakhimov,d0aaedcf7ccd0b45,Chris Daukaus,Chris Daukaus,d0aaedcf7ccd0b45
0eec866a077889f0,73f6b72b4889088f,4aa58269d0664b5b,Matthew Semelsberger,16a64f93f6678b7b,Martin Sano,Matthew Semelsberger,4aa58269d0664b5b
0f7210aa8d61af8d,33e301872e2b5680,792be9a24df82ed6,Brandon Moreno,32ab52e5de93092d,Steve Erceg,Brandon Moreno,792be9a24df82ed6
0f7210aa8d61af8d,8fc8d66ad0074ab0,2e7878927067fdca,Manuel Torres,519e4fe37ce9ff75,Drew Dober,Manuel Torres,2e7878927067fdca
0f7210aa8d61af8d,0f20c1d7c44fa5fe,fe2babf95de24fb1,Raul Rosas Jr.,37098a6e6c27fb66,Vince Morales,Raul Rosas Jr.,fe2babf95de24fb1
0f7210aa8d61af8d,7e3fc760b26b6ae4,e132d47bd9efbbe0,Rafa Garcia,c77a953488e5607d,Vinc Pichel,Rafa Garcia,e132d47bd9efbbe0
0f7210aa8d61af8d,9f66d450af690df5,e2be0c1a9b886d92,MarQuel Mederos,d2cd7a69cc55e7ed,Austin Hubbard,MarQuel Mederos,e2be0c1a9b886d92
0f7210aa8d61af8d,e2e2537a345367d4,e00a3dee329a51f7,Jamall Emmers,b909a9a9688b5284,Gabriel Miranda,Jamall Emmers,e00a3dee329a51f7
0f7210aa8d61af8d,55376d5c205fa844,9a97acbfd5a08bfa,David Martinez,72ea1984c52019b5,Saimon Oliveira,David Martinez,9a97acbfd5a08bfa
0f7210aa8d61af8d,7efca050bc7be8ac,8e5d953bdb9ae5e7,Loopy Godinez,abb68e3c7ca128f2,Julia Polastri,Loopy Godinez,8e5d953bdb9ae5e7
0f7210aa8d61af8d,5ba7dd466e30169f,f2900678e98f6d6a,Ronaldo Rodriguez,34b96d52db1d26e6,Kevin Borjas,Kevin Borjas,34b96d52db1d26e6
0f7210aa8d61af8d,41cdbcc0f3635b8f,5ec591b78349ba7e,Christian Rodriguez,20bccc9bb4ceb23e,Melquizael Costa,Christian Rodriguez,5ec591b78349ba7e
0f7210aa8d61af8d,64fe6e61a24dbf39,baa9be02c3e3e038,Jose Daniel Medina,2f815ed5f8278ba6,Ateba Gautier,Ateba Gautier,2f815ed5f8278ba6
0f7210aa8d61af8d,ab4a91a59c01d6b6,5ef94841c4bc3f86,Edgar Chairez,077e3ace32b72be9,CJ Vergara,CJ Vergara,077e3ace32b72be9
0ff11cc094e887bc,68b3222e977a6a11,84ac950d4c1722dd,Duane Ludwig,5b407acfe0ef9b76,Nick Osipczak,Nick Osipczak,5b407acfe0ef9b76
0ff11cc094e887bc,82ad4eb50b3d7bd0,2650e2f846a30f64,Amir Sadollah,1fcfc3709fe58151,Peter Sobotta,Peter Sobotta,1fcfc3709fe58151
0ff11cc094e887bc,fdb7377a34603e47,a8e6a69796280f17,Nate Marquardt,acff437707625fc7,Yushin Okami,Yushin Okami,acff437707625fc7
0ff11cc094e887bc,5e3f46e6f46d5a90,59583ff832fe9d68,Krzysztof Soszynski,132f860d02953f4c,Goran Reljic,Krzysztof Soszynski,59583ff832fe9d68
0ff11cc094e887bc,d87755257628de36,baed16f18348908e,Kris McCray,4f736494fc733095,Carlos Eduardo Rocha,Carlos Eduardo Rocha,4f736494fc733095
0ff11cc094e887bc,ebf204638524c377,93b9496275bbbf80,Seth Petruzelli,d23ccf4a6c221284,Karlos Vemola,Karlos Vemola,d23ccf4a6c221284
0ff11cc094e887bc,6a32cabbcd9b1e42,5f87a5c00b3d17ed,Dennis Siver,b45d6b73f4ca4467,Andre Winner,Dennis Siver,5f87a5c00b3d17ed
0ff11cc094e887bc,0a5d29e380f1e3e0,7339d340aa2889cb,Kyle Noke,054defd5420a551f,Rob Kimmons,Kyle Noke,7339d340aa2889cb
108afe61a26bcbf4,400aa8a24e1d8997,0ee783aa00e468f0,Vitor Belfort,05866d8c3a321856,Marvin Eastman,Vitor Belfort,0ee783aa00e468f0
108afe61a26bcbf4,c83cba9573cca196,0aa92558424ced9e,Randy Couture,a390eb8a9b2df298,Chuck Liddell,Chuck Liddell,a390eb8a9b2df298
1174782eacde9b0c,b4e2037f180c1e0e,113df4fde64735c6,Davey Grant,850266b3dc4e506e,Daniel Marcos,Daniel Marcos,850266b3dc4e506e
1174782eacde9b0c,3c4305abc2e302d0,396fe87b84ac2e1c,Lerone Murphy,6751eacd16bd59bc,Josh Culibao,Lerone Murphy,396fe87b84ac2e1c
1174782eacde9b0c,89b96bc5f3e824c5,0d5cc0170c1a7e71,Mick Parkin,f41b9f5efc7162d6,Jamal Pogues,Mick Parkin,0d5cc0170c1a7e71
1174782eacde9b0c,d54ebd2a3435a357,a6cba6bb66c1a8c9,Danny Roberts,2975297f505e9447,Jonny Parsons,Jonny Parsons,2975297f505e9447
1174782eacde9b0c,8104fe27bdc46914,eabf206b162b3b83,Paul Craig,886264a0c9f4ea5e,Andre Muniz,Andre Muniz,886264a0c9f4ea5e
1174782eacde9b0c,a0bc695b35f155f1,b9706f80d005036c,Ketlen Vieira,91dac5e69e28d5b5,Pannie Kianzad,Ketlen Vieira,b9706f80d005036c
1174782eacde9b0c,8b341eb556c97c23,ea7e5bc78d9de658,Makhmud Muradov,a331233f597090a5,Bryan Barberena,Makhmud Muradov,ea7e5bc78d9de658
1174782eacde9b0c,c4caa8a4f32a0eed,4c88a1db5a46c6a4,Jai Herbert,1e4f273069fb9e85,Fares Ziam,Fares Ziam,1e4f273069fb9e85
1174782eacde9b0c,c81d1facf185467d,9c442aaf149ea982,Shauna Bannon,7138a15258dabf20,Bruna Brasil,Bruna Brasil,7138a15258dabf20
1174782eacde9b0c,a8a4c9f98ff73839,fd406a32a6fb3a29,Chris Duncan,c739c2995a275314,Yanal Ashmouz,Chris Duncan,fd406a32a6fb3a29
1174782eacde9b0c,d918da575ee1bc35,65adf3856c4d9256,Jafel Filho,e8fe9c15d348e778,Daniel Barez,Daniel Barez,e8fe9c15d348e778
1174782eacde9b0c,9541cf21e031354c,329e403448756217,Nathaniel Wood,8fd808923cffff82,Andre Fili,Nathaniel Wood,329e403448756217
1174782eacde9b0c,743a04674ab72ee0,51018a31ddf31eb2,Molly McCann,a78a87d8c2bbb1cb,Julija Stoliarenko,Molly McCann,51018a31ddf31eb2
1174782eacde9b0c,90e46589a18064bc,399afbabc02376b5,Tom Aspinall,c9cf753cfdf77fc2,Marcin Tybura,Tom Aspinall,399afbabc02376b5
1174782eacde9b0c,319b96f615a0a154,32c355b04fc57f3a,Marc Diakiese,58bbef3770bb2dfc,Joel Alvarez,Joel Alvarez,58bbef3770bb2dfc
118463dd8db16e7f,99aa1f28e22bb6dd,b4b496ec2197ee3e,Navajo Stirling,64ad3e3b0efa30bb,Ivan Erslan,Navajo Stirling,b4b496ec2197ee3e
118463dd8db16e7f,c812457a810dde39,476fe566d2df676e,Modestas Bukauskas,cd13728ae1151f46,Ion Cutelaba,Modestas Bukauskas,476fe566d2df676e
118463dd8db16e7f,4db2d86ebe8c8abd,6a1901c62ab3870f,Jessica Andrade,a9e260472d321361,Jasmine Jasudavicius,Jasmine Jasudavicius,a9e260472d321361
118463dd8db16e7f,c7190cd03e53fb61,c2299ec916bc7c56,Benoit Saint Denis,873626e5547b5235,Kyle Prepolec,Benoit Saint Denis,c2299ec916bc7c56
118463dd8db16e7f,9e9d1764a015f313,132deb59abae64b1,Valentina Shevchenko,34ff304266360297,Manon Fiorot,Valentina Shevchenko,132deb59abae64b1
118463dd8db16e7f,2521234a4bf7c615,dd6103dd7127db1d,Mike Malott,feedf3053472fe56,Charles Radtke,Mike Malott,dd6103dd7127db1d
118463dd8db16e7f,891b2faf1bff38ee,d0f3959b4a9747e6,Jose Aldo,24656ef4d605c96f,Aiemann Zahabi,Jose Aldo,d0f3959b4a9747e6
118463dd8db16e7f,0f53eb509d0ffeb9,e8b731feff72294b,Alexa Grasso,262d32ebda89efc4,Natalia Silva,Natalia Silva,262d32ebda89efc4
118463dd8db16e7f,b873c116e39c9920,b1b0729d27936f2f,Belal Muhammad,6b453bc35a823c3f,Jack Della Maddalena,Jack Della Maddalena,6b453bc35a823c3f
118463dd8db16e7f,6ecfa439ef900bcc,8e9eb3fc86db0f7d,Marc-Andre Barriault,12ebd7d157e91701,Bruno Silva,Bruno Silva,12ebd7d157e91701
118463dd8db16e7f,c20bd12ae7f04eff,7b433309b0fd12aa,Brad Katona,a4dc0f2b95df4cc1,Bekzat Almakhan,Bekzat Almakhan,a4dc0f2b95df4cc1
118463dd8db16e7f,0e0a4282cd6c86d7,b67d6bacc68d4c92,Daniel Santos,d008d785f6347dc2,JeongYeong Lee,Daniel Santos,b67d6bacc68d4c92
119ebea97e914dcf,2b3b6e96cea0f757,d3df1add9d9a7efb,Derrick Lewis,202b0467521c9d6f,Viktor Pesta,Derrick Lewis,d3df1add9d9a7efb
119ebea97e914dcf,7ab1cdfe3e540856,cbf5e6f231b55443,Yair Rodriguez,193b9d1858bc4df3,Dan Hooker,Yair Rodriguez,cbf5e6f231b55443
119ebea97e914dcf,678db400f85ae15c,7dcf06c1967801c1,Adriano Martins,275aca31f61ba28c,Islam Makhachev,Islam Makhachev,275aca31f61ba28c
119ebea97e914dcf,fee873593f588437,97a6bbe6e6566a94,Francisco Trevino,ed9d8ee3a4239b1c,Sage Northcutt,Sage Northcutt,ed9d8ee3a4239b1c
119ebea97e914dcf,f5de8b2c81e91129,d967f0128c323de6,Daniel Cormier,3c6976f8182d9527,Alexander Gustafsson,Daniel Cormier,d967f0128c323de6
119ebea97e914dcf,2615d94ab16380f9,cf65d56b0755ed3b,Alan Jouban,ff6a1f63c254127e,Albert Tumenov,Albert Tumenov,ff6a1f63c254127e
119ebea97e914dcf,32b030138bfd4f88,47b63240018d5d86,Rose Namajunas,f0feeb2192937424,Angela Hill,Rose Namajunas,47b63240018d5d86
119ebea97e914dcf,4b790d75c4bc694c,ca2efc9d7d523c43,Shawn Jordan,369e1ce458ef50a6,Ruslan Magomedov,Ruslan Magomedov,369e1ce458ef50a6
119ebea97e914dcf,278cd1803ccc004f,b2e3aca4cd363477,Chris Cariaso,de75d1c45a39e221,Sergio Pettis,Sergio Pettis,de75d1c45a39e221
119ebea97e914dcf,c43e99000f3c77b5,80eacd4da0617c57,Joseph Benavidez,3dd92ff9fb0412b3,Ali Bagautinov,Joseph Benavidez,80eacd4da0617c57
119ebea97e914dcf,bdc1561ed4c6e22f,f72465a784c1b084,Jessica Eye,3253b16d38ae087d,Julianna Pena,Julianna Pena,3253b16d38ae087d
119ebea97e914dcf,e2e23aee91e27847,c0ab242c40decc55,Ryan Bader,ee779c43a8926d52,Rashad Evans,Ryan Bader,c0ab242c40decc55
132f860d02953f4c,e87b5c403533b057,6506c1d34da9c013,Georges St-Pierre,dd37fd509af89f15,Josh Koscheck,Georges St-Pierre,6506c1d34da9c013
132f860d02953f4c,ed6a02c8dcc6f922,ebc1f40e00e0c481,Stefan Struve,008dc37cca279def,Sean McCorkle,Stefan Struve,ebc1f40e00e0c481
132f860d02953f4c,f0d86420d88ca27b,31ee470ef5dc8d7f,Thiago Alves,fc31f896cde2bc2e,John Howard,Thiago Alves,31ee470ef5dc8d7f
132f860d02953f4c,ecc41acbd699812a,79899ecf62020f6d,Joe Stevenson,86f582852a5b240a,Mac Danzig,Joe Stevenson,79899ecf62020f6d
132f860d02953f4c,94a3e3df3d28d8f0,cf9d24e4bd0cf2ce,Mark Bocek,a149d6bc670cdb60,Dustin Hazelett,Mark Bocek,cf9d24e4bd0cf2ce
132f860d02953f4c,ecc80630494d402a,dbaaf42313af90fa,Joe Doerksen,d0c29452d3272603,Dan Miller,Dan Miller,d0c29452d3272603
132f860d02953f4c,42a361f33cbb8d6f,a26198ba5093147e,TJ Grant,91186547a7f3f758,Ricardo Almeida,TJ Grant,a26198ba5093147e
132f860d02953f4c,37d988593cb5f14a,d023ae89a2a4a41e,Matthew Riddle,0d506315895efffc,Sean Pierson,Matthew Riddle,d023ae89a2a4a41e
132f860d02953f4c,77785292d4df807c,d1941565abf50b16,Jim Miller,07225ba28ae309b6,Charles Oliveira,Charles Oliveira,07225ba28ae309b6
13a0fb8fbdafb54f,43de9ff6064361e1,46d0a888d87d91ac,Abu Azaitar,4e6738062d469256,Sedriques Dumas,Sedriques Dumas,4e6738062d469256
13a0fb8fbdafb54f,3c6fb6bf9b7afd40,3753714927f18437,Mohammad Yahya,0bc697c5936a2d0a,Trevor Peek,Trevor Peek,0bc697c5936a2d0a
13a0fb8fbdafb54f,7024385b5107bd4b,b07aed698fba8624,Ikram Aliskerov,d317a5e2b3f88c5f,Warlley Alves,Ikram Aliskerov,b07aed698fba8624
13a0fb8fbdafb54f,18e5af00a8478a0e,6c9b66b43663f2f7,Viktoriia Dudakova,d05cb1e8d1b885d8,Jinh Yu Frey,Viktoriia Dudakova,6c9b66b43663f2f7
13a0fb8fbdafb54f,75c5f923f966b53b,d80ee110748171ac,Mike Breeden,a72a2a769fa5a2be,Anshul Jubli,Anshul Jubli,a72a2a769fa5a2be
13a0fb8fbdafb54f,b84c447bb74febe2,329e403448756217,Nathaniel Wood,8d11d9c13e2ccdf7,Muhammad Naimov,Nathaniel Wood,329e403448756217
13a0fb8fbdafb54f,539732694ab2c8d6,06734ca9d88dec3a,Shara Magomedov,12ebd7d157e91701,Bruno Silva,Shara Magomedov,06734ca9d88dec3a
13a0fb8fbdafb54f,0ea435ddf02deb60,275aca31f61ba28c,Islam Makhachev,e1248941344b3288,Alexander Volkanovski,Islam Makhachev,275aca31f61ba28c
13a0fb8fbdafb54f,e9256316716499b8,c96d9178c9ed9e62,Tim Elliott,75353550928a7921,Muhammad Mokaev,Muhammad Mokaev,75353550928a7921
13a0fb8fbdafb54f,f23e9729b2b73c27,f1b2aa7853d1ed6e,Kamaru Usman,767755fd74662dbf,Khamzat Chimaev,Kamaru Usman,f1b2aa7853d1ed6e
13a0fb8fbdafb54f,ed3334d108b257a6,0fd5f4b838e890cc,Said Nurmagomedov,a54660deb6a8489c,Muin Gafurov,Said Nurmagomedov,0fd5f4b838e890cc
13b2f59210dda9cc,1ef09b1bf60f23cb,6f018c039b4d5d80,Jon Fitch,9d4522df6fc49a47,Kuniyoshi Hironaka,Jon Fitch,6f018c039b4d5d80
13b2f59210dda9cc,7455cb1ee651f774,aa1952ec0b3dd8e1,Kurt Pellegrino,d0d7160824278840,Junior Assuncao,Kurt Pellegrino,aa1952ec0b3dd8e1
13b2f59210dda9cc,e30ee434b864e4ac,029880cdbf5ca089,Sean Sherk,cb139171ed1b69fe,Kenny Florian,Sean Sherk,029880cdbf5ca089
13b2f59210dda9cc,84efac79989f4d0a,1f454354805b6f75,Anderson Silva,d897897060f10a3a,Rich Franklin,Anderson Silva,1f454354805b6f75
13b2f59210dda9cc,b23c7d4fb2068989,acff437707625fc7,Yushin Okami,c8136ab8aa32c974,Kalib Starnes,Yushin Okami,acff437707625fc7
13b2f59210dda9cc,95f052cbeb1d5e65,aa03a3ca00ac6827,Carmelo Marrero,1eacf73d6a0055dc,Cheick Kongo,Cheick Kongo,1eacf73d6a0055dc
13c4313ed0f744f3,830e59a396dddec3,20bcc9966affb19c,Jake O'Brien,7450525c7ba032a0,Heath Herring,Heath Herring,7450525c7ba032a0
13c4313ed0f744f3,17b2d89ceb879a29,e0ec3c3b6b611f7e,Hermes Franca,f34312c2ccfa0e00,Spencer Fisher,Spencer Fisher,f34312c2ccfa0e00
13c4313ed0f744f3,7253daded133e97c,a8e6a69796280f17,Nate Marquardt,68c6cd5287b473a7,Dean Lister,Nate Marquardt,a8e6a69796280f17
13e62d766b709aa6,87c07416af211de1,ee779c43a8926d52,Rashad Evans,5be86bb2f78fef2f,Jason Lambert,Rashad Evans,ee779c43a8926d52
13e62d766b709aa6,07c3ec83596e9798,9fe85152f351e737,Mike Swick,22e47b53e4ceb27c,David Loiseau,Mike Swick,9fe85152f351e737
13e62d766b709aa6,cd9f95344fe14e37,3bad7ef643840f67,Joe Lauzon,44260175069b6276,Jens Pulver,Joe Lauzon,3bad7ef643840f67
13e62d766b709aa6,b4a2fc934d4660ff,621a6c59f88a44fe,Matt Hughes,73c7cfa551289285,BJ Penn,Matt Hughes,621a6c59f88a44fe
13e62d766b709aa6,67a3b8dc3c0c3e45,daf1b84aebd6602b,Roger Huerta,fa8b9e6b0c2269f8,Jason Dent,Roger Huerta,daf1b84aebd6602b
140745cbbcb023ac,6e62908d6639dcdb,7691a80e6ca3e55b,Jon Madsen,d23ccf4a6c221284,Karlos Vemola,Jon Madsen,7691a80e6ca3e55b
140745cbbcb023ac,bb7df9a9c9a69914,e86bc32f5997a8f7,Forrest Petz,22edaf53ad59a967,Daniel Roberts,Daniel Roberts,22edaf53ad59a967
140745cbbcb023ac,16cab4b91e2c8881,234f3767ff0e5701,Kendall Grove,132f860d02953f4c,Goran Reljic,Kendall Grove,234f3767ff0e5701
140745cbbcb023ac,458e6de1b9ef3500,c4b81cdecd5d6abe,Gerald Harris,d2c55d1d2e67773b,David Branch,Gerald Harris,c4b81cdecd5d6abe
140745cbbcb023ac,4c5a2a3cf2bea222,91acd6910b802a9e,Chris Lytle,31123249b0bbf52e,Matt Brown,Matt Brown,31123249b0bbf52e
140745cbbcb023ac,049659c5a58ebb61,d43a048a880efdff,Chris Leben,b0550072e5f0afa7,Yoshihiro Akiyama,Chris Leben,d43a048a880efdff
140745cbbcb023ac,20d28c177a7d43a4,93b9496275bbbf80,Seth Petruzelli,744e098e065cfdbe,Ricardo Romero,Ricardo Romero,744e098e065cfdbe
140745cbbcb023ac,d9c61052035c9b69,513c6f1715e547a8,Brock Lesnar,68dd7b3783c19f9c,Shane Carwin,Brock Lesnar,513c6f1715e547a8
140745cbbcb023ac,536c26ef4da9ace7,59583ff832fe9d68,Krzysztof Soszynski,c6a33ff198aaaeeb,Stephan Bonnar,Krzysztof Soszynski,59583ff832fe9d68
140745cbbcb023ac,07ba406a1d0a5a71,89a407032911e27e,Brendan Schaub,df05aa15b2d66f57,Chris Tuchscherer,Brendan Schaub,89a407032911e27e
140745cbbcb023ac,b5608e83faac1387,896c322f56b8be5a,George Sotiropoulos,aa1952ec0b3dd8e1,Kurt Pellegrino,Kurt Pellegrino,aa1952ec0b3dd8e1
1411c630ba711b64,dc2a3aeac1441991,140745cbbcb023ac,Mauricio Rua,07f72a2a7591b409,Jon Jones,Jon Jones,07f72a2a7591b409
1411c630ba711b64,2a28ce0035468735,d1941565abf50b16,Jim Miller,ece280745f8727b8,Kamal Shalorus,Jim Miller,d1941565abf50b16
1411c630ba711b64,e1563825c36aad26,24b033b3daf1c9df,Luiz Cane,a08d909a5be6f410,Eliot Marshall,Luiz Cane,24b033b3daf1c9df
1411c630ba711b64,077667e3aaf314db,c32fb8c0f6471a4d,Mirko Filipovic,89a407032911e27e,Brendan Schaub,Brendan Schaub,89a407032911e27e
1411c630ba711b64,376beb49aadb06d6,d0c29452d3272603,Dan Miller,a8e6a69796280f17,Nate Marquardt,Nate Marquardt,a8e6a69796280f17
1411c630ba711b64,a8cf22bc7d05c0a1,91186547a7f3f758,Ricardo Almeida,f5990c11974d8e9c,Mike Pyle,Ricardo Almeida,91186547a7f3f758
1411c630ba711b64,560cec2acc9b0a13,05560764359161e4,Constantinos Philippou,f8fe2053d73d7bcf,Nick Catone,Constantinos Philippou,05560764359161e4
1411c630ba711b64,e595cb4bfc26193b,aa1952ec0b3dd8e1,Kurt Pellegrino,75e5fec9f72910ef,Gleison Tibau,Kurt Pellegrino,aa1952ec0b3dd8e1
1411c630ba711b64,18b31990d1808419,99bd87a300079ed9,Erik Koch,2f13e4020cea5b38,Raphael Assuncao,Raphael Assuncao,2f13e4020cea5b38
1411c630ba711b64,dd3ea525fe1898f1,78114b7199cef90c,Urijah Faber,fc9a9559a05f2704,Eddie Wineland,Urijah Faber,78114b7199cef90c
1411c630ba711b64,42e7cc48c31d8f29,64a50dad704d1d49,Edson Barboza,6bf5a7d3e081ade2,Anthony Njokuani,Edson Barboza,64a50dad704d1d49
14b9e0f2679a2205,1e9a2b197ebff074,aa171d55d4b5208f,Billy Quarantillo,be68b375707dcb85,Spike Carlyle,Billy Quarantillo,aa171d55d4b5208f
14b9e0f2679a2205,767819f321431bed,8a1f3b5c526cd6e6,Daniel Rodriguez,5eb50529a8418b77,Gabe Green,Daniel Rodriguez,8a1f3b5c526cd6e6
14b9e0f2679a2205,57dec2b07b75dada,d2bc285ead803db0,Louis Smolka,e7bba7ce4d6c7b07,Casey Kenney,Casey Kenney,e7bba7ce4d6c7b07
14b9e0f2679a2205,e9eab0fa03eecd9b,effd9de9937996f8,Tyron Woodley,23024fdfc966410a,Gilbert Burns,Gilbert Burns,23024fdfc966410a
14b9e0f2679a2205,03e5127d4832750c,37c5366d18ed6c05,Roosevelt Roberts,7c9f96f9a6a5cd50,Brok Weaver,Brok Weaver,7c9f96f9a6a5cd50
14b9e0f2679a2205,2300ad7f87080ad7,45f0cc9d18f35137,Chris Gutierrez,37098a6e6c27fb66,Vince Morales,Chris Gutierrez,45f0cc9d18f35137
14b9e0f2679a2205,3640defb8294bd37,7447e9f28508106a,Mackenzie Dern,2244d9a2b64b8c3b,Hannah Cifers,Mackenzie Dern,7447e9f28508106a
14b9e0f2679a2205,a41384da70013373,e872e9a9a902c045,Katlyn Cerminara,d7338bcb141abd2c,Antonina Shevchenko,Katlyn Cerminara,e872e9a9a902c045
14b9e0f2679a2205,0170db5fad04e4d0,c96d9178c9ed9e62,Tim Elliott,6e15f63b6c2e2c15,Brandon Royval,Brandon Royval,6e15f63b6c2e2c15
14b9e0f2679a2205,a6743d41b0b95271,1788eee370f077b7,Blagoy Ivanov,441eacbe20e0e80b,Augusto Sakai,Augusto Sakai,441eacbe20e0e80b
1507214bbc7a79e2,6c9fdcb95393a49c,5866fc86183a9fb8,Erick Silva,813550bc53b15fb0,Yancy Medeiros,Yancy Medeiros,813550bc53b15fb0
1507214bbc7a79e2,6b581bb1bc9289ef,2e5c2aa8e4ab9d82,Paulo Costa,04b39f4e8eb59d7c,Oluwale Bamgbose,Paulo Costa,2e5c2aa8e4ab9d82
1507214bbc7a79e2,9ed0c3acc436eb56,d0f3959b4a9747e6,Jose Aldo,150ff4cc642270b9,Max Holloway,Max Holloway,150ff4cc642270b9
1507214bbc7a79e2,228879162d8be605,2f13e4020cea5b38,Raphael Assuncao,fea79f9bc8c68769,Marlon Moraes,Raphael Assuncao,2f13e4020cea5b38
1507214bbc7a79e2,5bfaa389a67139fd,ec34349e7dffcde7,Claudia Gadelha,d7c3816669784109,Karolina Kowalkiewicz,Claudia Gadelha,ec34349e7dffcde7
1507214bbc7a79e2,cb2844bb15d22cc6,2f95a3c6d58b2aad,Iuri Alcantara,7be14eaed4c74856,Brian Kelleher,Iuri Alcantara,2f95a3c6d58b2aad
1507214bbc7a79e2,2fd43be584ef522b,d50382dc0565a9e1,Viviane Pereira,882d62561063a927,Jamie Moyle,Viviane Pereira,d50382dc0565a9e1
1507214bbc7a79e2,6486579eee778b4d,ec71a892fada28c7,Marco Beltran,aa72b0f831d0bfe5,Deiveson Figueiredo,Deiveson Figueiredo,aa72b0f831d0bfe5
1507214bbc7a79e2,36f0c6d7126e09ee,528c24b99fbaab79,Johnny Eduardo,2fc7e9701642ca38,Matthew Lopez,Matthew Lopez,2fc7e9701642ca38
1507214bbc7a79e2,3ad3acca165a5d90,52e76bb4b3e852f3,Antonio Carlos Junior,b9664eae2ac75262,Eric Spicely,Antonio Carlos Junior,52e76bb4b3e852f3
1507214bbc7a79e2,823e9449bd47e408,0ee783aa00e468f0,Vitor Belfort,a8e6a69796280f17,Nate Marquardt,Nate Marquardt,a8e6a69796280f17
154a6b3ffae264cd,3be121d4f5460893,113df4fde64735c6,Davey Grant,42a7e90605df3c8a,Damian Stasiak,Davey Grant,113df4fde64735c6
154a6b3ffae264cd,ebc7ec239faf7b0b,0ee783aa00e468f0,Vitor Belfort,232c582f29f8f65e,Gegard Mousasi,Gegard Mousasi,232c582f29f8f65e
154a6b3ffae264cd,451d7d8c2a6bacb3,50db8711c70196cd,Ovince Saint Preux,1e1dbd1cc5a7469e,Jimi Manuwa,Ovince Saint Preux,50db8711c70196cd
154a6b3ffae264cd,17067cf55726c673,ebc1f40e00e0c481,Stefan Struve,470fedbc8563ac47,Daniel Omielanczuk,Stefan Struve,ebc1f40e00e0c481
154a6b3ffae264cd,87b61c1d72232a84,9c65736747ca92ec,Leonardo Santos,7dcf06c1967801c1,Adriano Martins,Leonardo Santos,9c65736747ca92ec
154a6b3ffae264cd,8794b5f9a591daf6,fb41432b622992a9,Lukasz Sajewski,32c355b04fc57f3a,Marc Diakiese,Marc Diakiese,32c355b04fc57f3a
154a6b3ffae264cd,2f9a8807807b80d6,c945adc22c2bfe8f,Brad Pickett,2f95a3c6d58b2aad,Iuri Alcantara,Iuri Alcantara,2f95a3c6d58b2aad
154a6b3ffae264cd,23253ebb1d86d8b4,cbd3e590a85b18c5,Mirsad Bektic,f50d95223751e6ca,Russell Doane,Mirsad Bektic,cbd3e590a85b18c5
154a6b3ffae264cd,47dfd70b5780d68a,f1fac969a1d70b08,Leon Edwards,ff6a1f63c254127e,Albert Tumenov,Leon Edwards,f1fac969a1d70b08
154a6b3ffae264cd,eaa63c8fb9379426,2b93ebd9f5417ad2,Michael Bisping,1ccf4e7caff270df,Dan Henderson,Michael Bisping,2b93ebd9f5417ad2
154a6b3ffae264cd,85bec51d0bdf511f,a6cba6bb66c1a8c9,Danny Roberts,f2b6fdb20675b11c,Mike Perry,Mike Perry,f2b6fdb20675b11c
15515e797aedc137,194d3950076b2f83,4c288a2b250bb576,Luke Jumeau,5140122c3eecd307,Daichi Abe,Luke Jumeau,4c288a2b250bb576
15515e797aedc137,6cb9bc7c86ae43b9,d024ed963e8bf7ea,Damien Brown,98a6b2361045898f,Dong Hyun Ma,Dong Hyun Ma,98a6b2361045898f
15515e797aedc137,b6e086dd8093355d,49e96ff8ab781589,Tyson Pedro,88d7b6d8230e1f3f,Saparbeg Safarov,Tyson Pedro,49e96ff8ab781589
15515e797aedc137,f8fce67abe0ab922,b102c26727306ab6,Jussier Formiga,840d2c82ea68b9aa,Ben Nguyen,Jussier Formiga,b102c26727306ab6
15515e797aedc137,58286d3126cc5263,88cd34d836b4ebcd,Teruto Ishihara,36549928f90f1d36,Jose Quinonez,Jose Quinonez,36549928f90f1d36
15515e797aedc137,f3a60ca18747aeac,e1248941344b3288,Alexander Volkanovski,68f6e96c5fa6e044,Jeremy Kennedy,Alexander Volkanovski,e1248941344b3288
15515e797aedc137,cd67f6ddb2920193,eef9b891edbd4604,Mark Hunt,fa6796c55d6c5440,Curtis Blaydes,Curtis Blaydes,fa6796c55d6c5440
15515e797aedc137,9444cfe0c7c0f6a7,f77c68bb4be8516d,Yoel Romero,00e11b5c8b7bfeeb,Luke Rockhold,Yoel Romero,f77c68bb4be8516d
15515e797aedc137,1cd5d5e271b646a3,826475cc758e60e6,Rob Wilkinson,1338e2c7480bdf9e,Israel Adesanya,Israel Adesanya,1338e2c7480bdf9e
15515e797aedc137,e8f2902be7b350ad,4f732e58ed907eff,Ross Pearson,35faad160d346839,Mizuto Hirota,Ross Pearson,4f732e58ed907eff
15515e797aedc137,0d7dc1ed5eb995e4,a845f0735bc67405,Jake Matthews,e64b96c07d7ce999,Li Jingliang,Li Jingliang,e64b96c07d7ce999
15515e797aedc137,3112430100d2d0be,c62fbc117d57b943,Tai Tuivasa,9be6020024133293,Cyril Asker,Tai Tuivasa,c62fbc117d57b943
155a02a8b4311057,e7859b4e70d4a9c1,4d5197f331c47290,Paige VanZant,05b43e0ead3df345,Kailin Curran,Paige VanZant,4d5197f331c47290
155a02a8b4311057,079308cc2efa2e5d,80eacd4da0617c57,Joseph Benavidez,f53c1f4ceeed8c08,Dustin Ortiz,Joseph Benavidez,80eacd4da0617c57
155a02a8b4311057,2ff14dfede1d02dd,91ea901c458e95dd,Jared Rosholt,98c23cb6da5b3352,Aleksei Oleinik,Jared Rosholt,91ea901c458e95dd
155a02a8b4311057,8f9cfe0e283a6ccb,f2688492b9a525a3,Frankie Edgar,d247691a6c0e9034,Cub Swanson,Cub Swanson,d247691a6c0e9034
155a02a8b4311057,2f93de8b39ec4625,887961364be5ceb3,King Green,64a50dad704d1d49,Edson Barboza,King Green,887961364be5ceb3
155a02a8b4311057,033d968f325842e7,c945adc22c2bfe8f,Brad Pickett,32be4b7f7de1c905,Chico Camus,Chico Camus,32be4b7f7de1c905
155a02a8b4311057,56a0f335ef05c825,5f04e3d58d9ce982,Yves Edwards,c136b2a8852da5bd,Akbarh Arreola,Yves Edwards,5f04e3d58d9ce982
155a02a8b4311057,e947baa4cad609d0,6256b2b1562cb8e1,James Vick,2816ced060a21be3,Nick Hein,James Vick,6256b2b1562cb8e1
155a02a8b4311057,a2bd4c46f89f19ae,eb29176b03dfa888,Matt Wiman,c295de4e10acd4c9,Isaac Vallie-Flagg,Matt Wiman,eb29176b03dfa888
155bfc7ed36622df,9dc5b5f29d9ff028,07f72a2a7591b409,Jon Jones,ee779c43a8926d52,Rashad Evans,Jon Jones,07f72a2a7591b409
155bfc7ed36622df,4966e9d7479c8d8d,cbd5d3cdd862e90e,Rory MacDonald,6cadfd8f1d9e7685,Che Mills,Rory MacDonald,cbd5d3cdd862e90e
155bfc7ed36622df,33a93002fef6c89d,33b2f68ef95252e0,Miguel Torres,d0314416a7f26527,Michael McDonald,Michael McDonald,d0314416a7f26527
155bfc7ed36622df,41d170c5da83c8be,89a407032911e27e,Brendan Schaub,bd58d34e39b7b12a,Ben Rothwell,Ben Rothwell,bd58d34e39b7b12a
155bfc7ed36622df,eaf8782e4e03139b,81801f57bd0a7c41,Marcus Brimage,4a1329cc8eb0928a,Maximo Blanco,Maximo Blanco,4a1329cc8eb0928a
155bfc7ed36622df,ad101f8850eff427,86f582852a5b240a,Mac Danzig,83fd97284f4bb4a4,Efrain Escudero,Efrain Escudero,83fd97284f4bb4a4
155bfc7ed36622df,2bb3a036759d79f2,c21a036b4e012f1c,John Makdessi,6bf5a7d3e081ade2,Anthony Njokuani,John Makdessi,c21a036b4e012f1c
155bfc7ed36622df,c1c8b38d315d487b,cf9d24e4bd0cf2ce,Mark Bocek,7a15f3694c5cbc02,John Alessio,Mark Bocek,cf9d24e4bd0cf2ce
155bfc7ed36622df,bf5a5b23a49fa17c,31123249b0bbf52e,Matt Brown,4a28cb716c19157a,Stephen Thompson,Stephen Thompson,4a28cb716c19157a
155bfc7ed36622df,a6c02fb0b18e916c,3236bf606fe9fa5b,Travis Browne,fdf18227faa596dd,Chad Griggs,Travis Browne,3236bf606fe9fa5b
15b1b21cd743d652,68c1b833ed8849a3,38c7f72747f4f712,Gillian Robertson,e375cb5caf4717b6,Piera Rodriguez,Gillian Robertson,38c7f72747f4f712
15b1b21cd743d652,bbde45b2c766bb67,6e15f63b6c2e2c15,Brandon Royval,1a31ef98efce7a79,Matheus Nicolau,Matheus Nicolau,1a31ef98efce7a79
15b1b21cd743d652,b01e6e97d66681c5,9abc648e76c4493a,Bill Algeo,d31cbcdd7d69536d,TJ Brown,Bill Algeo,9abc648e76c4493a
15b1b21cd743d652,119559fd8124fee3,34c2b3656f88f7ef,Aaron Phillips,96924b0019b3aff1,Gaston Bolanos,Gaston Bolanos,96924b0019b3aff1
15b1b21cd743d652,5de3a1bbcf705b58,7138a15258dabf20,Bruna Brasil,cffb87059e645bd1,Denise Gomes,Denise Gomes,cffb87059e645bd1
15b1b21cd743d652,8b2b2562884821a7,f9ab66e67240db7b,Joselyne Edwards,3cf66c62d9069f43,Lucie Pudilova,Joselyne Edwards,f9ab66e67240db7b
15b1b21cd743d652,cef255a992ba7af3,f9b200db02b488d9,Lando Vannata,4148802ae4a50768,Daniel Zellhuber,Daniel Zellhuber,4148802ae4a50768
15b1b21cd743d652,bdbddbc00d07dc4b,c47df9303d318c67,Clay Guida,e132d47bd9efbbe0,Rafa Garcia,Rafa Garcia,e132d47bd9efbbe0
15b1b21cd743d652,995e79b951da945b,04c8b08b16a5b99e,Tanner Boser,cd13728ae1151f46,Ion Cutelaba,Tanner Boser,04c8b08b16a5b99e
15b1b21cd743d652,792f139c2b9fd294,e4277e87a789d687,Dustin Jacoby,e90a2f22417af68e,Azamat Murzakanov,Azamat Murzakanov,e90a2f22417af68e
15b1b21cd743d652,6049301b4deea035,150ff4cc642270b9,Max Holloway,040a74bb0a465c54,Arnold Allen,Max Holloway,150ff4cc642270b9
15b1b21cd743d652,83c81018bb3aeebf,64a50dad704d1d49,Edson Barboza,aa171d55d4b5208f,Billy Quarantillo,Billy Quarantillo,aa171d55d4b5208f
15b1b21cd743d652,50e675146cda6e7c,4ba8d454f762005d,Zak Cummings,06f36cf4bd97ec77,Ed Herman,Zak Cummings,4ba8d454f762005d
15b1b21cd743d652,d856812dc733690a,6bd02119599741a4,Pedro Munhoz,45f0cc9d18f35137,Chris Gutierrez,Chris Gutierrez,45f0cc9d18f35137
15edcf67ccf5be84,adddc6e46da5ca19,902ab9197b83d0db,Phil Davis,579fcdfcabd23a7b,Brian Stann,Phil Davis,902ab9197b83d0db
15edcf67ccf5be84,2bf24d9c33bb4d49,86dfed7cc24a9fa7,Matt Serra,d2d37e8eeb3abc8d,Frank Trigg,Frank Trigg,d2d37e8eeb3abc8d
15edcf67ccf5be84,b091e021e61f1950,48d1f690b763934c,Chael Sonnen,a8e6a69796280f17,Nate Marquardt,Nate Marquardt,a8e6a69796280f17
15edcf67ccf5be84,f92e8d6c96306013,0aa92558424ced9e,Randy Couture,21b8a0f5c231096f,Mark Coleman,Randy Couture,0aa92558424ced9e
15edcf67ccf5be84,20628fd4e19a97e4,df05aa15b2d66f57,Chris Tuchscherer,219a254e15d60135,Tim Hague,Tim Hague,219a254e15d60135
15edcf67ccf5be84,83a7cc0b0de904b9,427b5953ac8e3a27,Demian Maia,d0c29452d3272603,Dan Miller,Demian Maia,427b5953ac8e3a27
15edcf67ccf5be84,5e52b0bf9719f0ae,30a09e43f15f1d75,Paulo Thiago,9fe85152f351e737,Mike Swick,Mike Swick,9fe85152f351e737
15edcf67ccf5be84,1fc065e1d3243594,86f582852a5b240a,Mac Danzig,231926533134ec1f,Justin Buchholz,Mac Danzig,86f582852a5b240a
15edcf67ccf5be84,840863604b38a33f,dc0f07928009a127,Rob Emerson,64360e618823a8e4,Phillipe Nover,Rob Emerson,dc0f07928009a127
1652f3213655b935,7291a111058dbf0e,1f454354805b6f75,Anderson Silva,cfb65863d5099327,Thales Leites,Anderson Silva,1f454354805b6f75
1652f3213655b935,c6a5ed1127cbc9b9,a08d909a5be6f410,Eliot Marshall,88a9bc81271ccd89,Vinny Magalhaes,Eliot Marshall,a08d909a5be6f410
1652f3213655b935,bcba81de8f082768,1eacf73d6a0055dc,Cheick Kongo,69b69c0178c4004d,Antoni Hardonk,Cheick Kongo,1eacf73d6a0055dc
1652f3213655b935,1f64e532f942ef57,59583ff832fe9d68,Krzysztof Soszynski,579fcdfcabd23a7b,Brian Stann,Brian Stann,579fcdfcabd23a7b
1652f3213655b935,de84ebe3b8cb8cd3,501b07aec9b8fc2d,Sam Stout,eb29176b03dfa888,Matt Wiman,Matt Wiman,eb29176b03dfa888
1652f3213655b935,0bf025d86cc2a409,24b033b3daf1c9df,Luiz Cane,f1f9e48a0d150757,Steve Cantwell,Luiz Cane,24b033b3daf1c9df
1652f3213655b935,06142a1de3bbae75,06f36cf4bd97ec77,Ed Herman,22e47b53e4ceb27c,David Loiseau,Ed Herman,06f36cf4bd97ec77
1652f3213655b935,bdb62b661d033fe2,cf9d24e4bd0cf2ce,Mark Bocek,1efa064872f089d0,David Bielkheden,Mark Bocek,cf9d24e4bd0cf2ce
1652f3213655b935,793432d042384a02,52cae54377b433b7,Nate Quarry,2be6596a9db33bf5,Jason MacDonald,Nate Quarry,52cae54377b433b7
1652f3213655b935,226de3e7e71f2b4f,a26198ba5093147e,TJ Grant,55a7b2d4e54ffac9,Ryo Chonan,TJ Grant,a26198ba5093147e
1652f3213655b935,d29dd21d8881a0e0,140745cbbcb023ac,Mauricio Rua,a390eb8a9b2df298,Chuck Liddell,Mauricio Rua,140745cbbcb023ac
16d09e800ad7ec79,f9373ab59b7a853b,2f5cbecbbe18bac4,Shamil Abdurakhimov,cc900af167fbedfd,Timothy Johnson,Timothy Johnson,cc900af167fbedfd
16d09e800ad7ec79,634dbcef5111f939,47b9e0e7703a4868,Jorge Masvidal,59279a7c978f7da0,Al Iaquinta,Al Iaquinta,59279a7c978f7da0
16d09e800ad7ec79,8cf571afc2618df4,51a0c09cbe9b8472,Liz Carmouche,729d4bd5a6cd0a97,Lauren Murphy,Lauren Murphy,729d4bd5a6cd0a97
16d09e800ad7ec79,bbebfc54abbb1d8b,b5b684eac99ae0a3,Chad Mendes,3974fa35c917af1d,Ricardo Lamas,Chad Mendes,b5b684eac99ae0a3
16d09e800ad7ec79,85dcf9425d3c4e56,7d96bc577e5178b2,Gray Maynard,d06f8869449ba7bd,Alexander Yakovlev,Gray Maynard,7d96bc577e5178b2
16d09e800ad7ec79,0c25bb24dbb63655,c47df9303d318c67,Clay Guida,960d6cae8879ba2b,Robert Peralta,Clay Guida,c47df9303d318c67
16d09e800ad7ec79,9eb92b670eebdcd4,c58f51dedb310998,Michael Chiesa,c76ec2bc3a57666a,Mitch Clarke,Michael Chiesa,c58f51dedb310998
16d09e800ad7ec79,12c600dc64edb403,029eaff01e6bb8f0,Dustin Poirier,f53d4f21d1b5f2dc,Diego Ferreira,Dustin Poirier,029eaff01e6bb8f0
179f1948dc234f1f,d4d4aded862ace46,82e7929bf6c2b689,Diego Sanchez,08e908ed6d18d6a0,Myles Jury,Myles Jury,08e908ed6d18d6a0
179f1948dc234f1f,56b57d076f874eb0,8c0580d4fff106c1,Kelvin Gastelum,5b5307450405abf0,Rick Story,Kelvin Gastelum,8c0580d4fff106c1
179f1948dc234f1f,cdf58f62e289efec,0941df56f6ac954b,Johny Hendricks,f2925e6db404bf1d,Robbie Lawler,Johny Hendricks,0941df56f6ac954b
179f1948dc234f1f,427a10db0406cfba,fe435e440b5de0ff,Jake Shields,db1f2ed63b54b9a7,Hector Lombard,Jake Shields,fe435e440b5de0ff
179f1948dc234f1f,99170b2f2496e479,fc169c387b4b465d,Raquel Pennington,6a1901c62ab3870f,Jessica Andrade,Raquel Pennington,fc169c387b4b465d
179f1948dc234f1f,2d050cb1f7d8789a,50db8711c70196cd,Ovince Saint Preux,1091d4d957141094,Nikita Krylov,Nikita Krylov,1091d4d957141094
179f1948dc234f1f,a5f39e8ff1398269,ab850a77a0fa487d,Sean Spencer,a2b12c3f3d60ff69,Alex Garcia,Alex Garcia,a2b12c3f3d60ff69
179f1948dc234f1f,364ed6aecfc8d16d,44bc27bfa76dcd9e,Renee Forte,97a6bbe6e6566a94,Francisco Trevino,Renee Forte,44bc27bfa76dcd9e
179f1948dc234f1f,543dca66a449d9d5,361d49960a196976,Daniel Pineda,1dafccb62a0f98ec,Robert Whiteford,Robert Whiteford,1dafccb62a0f98ec
179f1948dc234f1f,0175c0d2a98576f1,901cddcbfa079097,Will Campuzano,9fa568ad2bf2cb0b,Justin Scoggins,Justin Scoggins,9fa568ad2bf2cb0b
179f1948dc234f1f,8f979d206eaec468,5cafbc97dba2e797,Robert McDaniel,0d8011111be000b2,Sean Strickland,Sean Strickland,0d8011111be000b2
179f1948dc234f1f,ba38b96f39db78c0,f9f07bb5a43535ed,Carlos Condit,effd9de9937996f8,Tyron Woodley,Carlos Condit,f9f07bb5a43535ed
179f1948dc234f1f,639013929b61e834,6f242453c91a5af0,Dennis Bermudez,893d51aaf024eddd,Jimy Hettes,Dennis Bermudez,6f242453c91a5af0
18524b46c570730b,50bdcb20286690ff,0ee783aa00e468f0,Vitor Belfort,365fee2da473b177,Anthony Johnson,Anthony Johnson,365fee2da473b177
18524b46c570730b,f126491f024c1563,e9e1acc96536bb4f,Ricardo Funch,f5990c11974d8e9c,Mike Pyle,Mike Pyle,f5990c11974d8e9c
18524b46c570730b,11e7f12ecb2d1597,64a50dad704d1d49,Edson Barboza,33011768c3c4dc9a,Terry Etim,Edson Barboza,64a50dad704d1d49
18524b46c570730b,0be68308b5d63a47,2f95a3c6d58b2aad,Iuri Alcantara,9f842be1a5337be6,Michihiro Omigawa,Iuri Alcantara,2f95a3c6d58b2aad
18524b46c570730b,b2a91be41c3233cd,5866fc86183a9fb8,Erick Silva,4f853e98886283cf,Carlo Prater,Erick Silva,5866fc86183a9fb8
18524b46c570730b,9afcb091777f6a83,d0f3959b4a9747e6,Jose Aldo,b5b684eac99ae0a3,Chad Mendes,Jose Aldo,d0f3959b4a9747e6
18524b46c570730b,c715c165cb3469d2,8ddf9c51c5fdea75,Rousimar Palhares,5b2d7906aa894274,Mike Massenzio,Rousimar Palhares,8ddf9c51c5fdea75
18524b46c570730b,7bb603674999e675,71002dbc1743b9a7,Felipe Arantes,fef3d17e27e916e7,Antonio Carvalho,Antonio Carvalho,fef3d17e27e916e7
18524b46c570730b,977e37adadd1b8ad,8a59d346dc976a10,Thiago Tavares,501b07aec9b8fc2d,Sam Stout,Thiago Tavares,8a59d346dc976a10
18968f97ad34f15c,8782dca7c99717a6,24b033b3daf1c9df,Luiz Cane,1d4bbaabd8b60173,Stanislav Nedkov,Luiz Cane,24b033b3daf1c9df
18968f97ad34f15c,6265ffd51a18ff21,8a59d346dc976a10,Thiago Tavares,f34312c2ccfa0e00,Spencer Fisher,Thiago Tavares,8a59d346dc976a10
18968f97ad34f15c,e7da014d4dfc5bf3,140745cbbcb023ac,Mauricio Rua,fcffee71cff5530e,Forrest Griffin,Mauricio Rua,140745cbbcb023ac
18968f97ad34f15c,89cc8f4a69e9ea0e,1f454354805b6f75,Anderson Silva,acff437707625fc7,Yushin Okami,Anderson Silva,1f454354805b6f75
18968f97ad34f15c,c8fbe7ade97e2055,ee9d73f4fee9cbdd,Antonio Rodrigo Nogueira,89a407032911e27e,Brendan Schaub,Brendan Schaub,89a407032911e27e
18968f97ad34f15c,8938fad6ec08499d,30a09e43f15f1d75,Paulo Thiago,8f3df4c579cfbb69,David Mitchell,Paulo Thiago,30a09e43f15f1d75
18968f97ad34f15c,fa3294fe655440dd,4f732e58ed907eff,Ross Pearson,64a50dad704d1d49,Edson Barboza,Edson Barboza,64a50dad704d1d49
18968f97ad34f15c,15b62b191eb6dacf,8ddf9c51c5fdea75,Rousimar Palhares,d0c29452d3272603,Dan Miller,Dan Miller,d0c29452d3272603
18968f97ad34f15c,7b1d63d0e3e12804,2f13e4020cea5b38,Raphael Assuncao,528c24b99fbaab79,Johnny Eduardo,Raphael Assuncao,2f13e4020cea5b38
18968f97ad34f15c,7036a87673c98a13,2f95a3c6d58b2aad,Iuri Alcantara,71002dbc1743b9a7,Felipe Arantes,Iuri Alcantara,2f95a3c6d58b2aad
18c49685296c60e6,b6a87389bdc36a00,294aa73dbf37d281,Bruno Silva,17e97649403ba428,Joshua Van,Joshua Van,17e97649403ba428
18c49685296c60e6,2129acab2280bd29,6d4b63c767106d3a,Vicente Luque,3a46b268013afede,Kevin Holland,Vicente Luque,6d4b63c767106d3a
18c49685296c60e6,81b84b34f0357fa5,3253b16d38ae087d,Julianna Pena,1af1170ed937cba7,Kayla Harrison,Kayla Harrison,1af1170ed937cba7
18c49685296c60e6,e28e829800466aca,8c0580d4fff106c1,Kelvin Gastelum,c1085e1701b13eca,Joe Pyfer,Joe Pyfer,c1085e1701b13eca
18c49685296c60e6,e61d83e4e1f9c4d7,c03520b5c88ed6b4,Merab Dvalishvili,b50a426a33da0012,Sean O'Malley,Merab Dvalishvili,c03520b5c88ed6b4
18c49685296c60e6,0e8599eca8ccfa32,e2be0c1a9b886d92,MarQuel Mederos,001eb2ab0f30e7ea,Mark Choinski,MarQuel Mederos,e2be0c1a9b886d92
18c49685296c60e6,2e4064e0e6d4d92e,17734443a833cdf7,Quillan Salkilld,c739c2995a275314,Yanal Ashmouz,Quillan Salkilld,17734443a833cdf7
18c49685296c60e6,9f4a0de31375ba04,57186c150c645200,Jeka Saragih,a44020ea2e8cd026,JooSang Yoo,JooSang Yoo,a44020ea2e8cd026
18c49685296c60e6,ac977a0389682124,e2f6b2769aaedd6c,Serghei Spivac,fc08099550072fe4,Waldo Cortes-Acosta,Waldo Cortes-Acosta,fc08099550072fe4
18c49685296c60e6,f0488a4486a64af0,2558ae2e5671e318,Khaos Williams,2caf993f53541fa1,Andreas Gustafsson,Andreas Gustafsson,2caf993f53541fa1
18c49685296c60e6,d078e9046aa86307,6551c64fbcd1a467,Ariane da Silva,2997e7fe3c9d3d4a,Wang Cong,Wang Cong,2997e7fe3c9d3d4a
18c49685296c60e6,01100a90b584215d,e90a2f22417af68e,Azamat Murzakanov,49edd0d90f60fb7d,Brendson Ribeiro,Azamat Murzakanov,e90a2f22417af68e
18c49685296c60e6,df5dac45fc585fb0,bc711b6dd95c1af6,Mario Bautista,2cfba6c837c03ed0,Patchy Mix,Mario Bautista,bc711b6dd95c1af6
18f5669a92e99d92,7dbf23cb872edc9c,c96d9178c9ed9e62,Tim Elliott,20999e27ddd94bda,Ryan Benoit,Tim Elliott,c96d9178c9ed9e62
18f5669a92e99d92,abeaae1a64934178,751de04455cfaac0,Calvin Kattar,82a5152216251682,Dan Ige,Dan Ige,82a5152216251682
18f5669a92e99d92,d4c314616eac8f8b,9c907996820d2d69,Jimmie Rivera,bf7ad5628363eec9,Cody Stamann,Jimmie Rivera,9c907996820d2d69
18f5669a92e99d92,33d2a1dbb8a7fef5,eae431e70064e046,Abdul Razak Alhassan,49ee5024966efc0d,Mounir Lazzez,Mounir Lazzez,49ee5024966efc0d
18f5669a92e99d92,15def71ff1679e06,51018a31ddf31eb2,Molly McCann,f7467152fd9f18a2,Taila Santos,Taila Santos,f7467152fd9f18a2
18f5669a92e99d92,f3efc6121c5323ff,1ae8f3c723aacff4,Ricardo Ramos,396fe87b84ac2e1c,Lerone Murphy,Lerone Murphy,396fe87b84ac2e1c
18f5669a92e99d92,f3c42ce9fad55eb7,b8a85389d115e35a,Jack Shore,34c2b3656f88f7ef,Aaron Phillips,Jack Shore,b8a85389d115e35a
18f5669a92e99d92,819f51ef9d945a46,7026eca45f65377b,Jared Gordon,bebb4ae55ac2bf6f,Chris Fishgold,Jared Gordon,7026eca45f65377b
18f5669a92e99d92,dccea04cc3567955,d7e40dca3ae125be,Diana Belbita,eebc23626e38f5dc,Liana Jojua,Diana Belbita,d7e40dca3ae125be
18f5669a92e99d92,0e969ae805006d1f,476fe566d2df676e,Modestas Bukauskas,79325a3c1a5c3bf4,Andreas Michailidis,Modestas Bukauskas,476fe566d2df676e
18f5669a92e99d92,7fd810af30144119,e9ac7bfb65c25497,John Phillips,767755fd74662dbf,Khamzat Chimaev,Khamzat Chimaev,767755fd74662dbf
194fc025f9355db6,08cbd4c521831adf,a3be148af5c7b088,Piotr Hallmann,31d7446b184e3305,Magomed Mustafaev,Magomed Mustafaev,31d7446b184e3305
194fc025f9355db6,0b98d84a2795f7f8,8f5c8850b2484173,Mairbek Taisumov,cd7763bcadb5d4c8,Alan Patrick,Mairbek Taisumov,8f5c8850b2484173
194fc025f9355db6,447462bc8e540f10,87a1dc546b1c5caf,Makwan Amirkhani,4638cc6479cc0afe,Masio Fullen,Makwan Amirkhani,87a1dc546b1c5caf
194fc025f9355db6,951ccd0041bd1700,2816ced060a21be3,Nick Hein,fb41432b622992a9,Lukasz Sajewski,Nick Hein,2816ced060a21be3
194fc025f9355db6,c1322d09e8b6efca,5f87a5c00b3d17ed,Dennis Siver,80d918336163b80c,Tatsuya Kawajiri,Tatsuya Kawajiri,80d918336163b80c
194fc025f9355db6,312c742e614f8993,8b1ed83b02303075,Taylor Lapilus,7c3c48cf54a2848e,Yuta Sasaki,Taylor Lapilus,8b1ed83b02303075
194fc025f9355db6,2f0cbf0502173a79,3d6749c4267da18f,Joanna Jedrzejczyk,c742287ed86a09bc,Jessica Penne,Joanna Jedrzejczyk,3d6749c4267da18f
1979c80150f630c4,52e4f12eaeffd142,5331b25a60417ffb,Anthony Rocco Martin,55ee431411ccf07a,Olivier Aubin-Mercier,Anthony Rocco Martin,5331b25a60417ffb
1979c80150f630c4,24438a644b975751,00e11b5c8b7bfeeb,Luke Rockhold,d2c55d1d2e67773b,David Branch,Luke Rockhold,00e11b5c8b7bfeeb
1979c80150f630c4,7864fc46de247f58,c727c7d31c50c4cf,Anthony Hamilton,f86cb5f25d545e0e,Daniel Spitz,Daniel Spitz,f86cb5f25d545e0e
1979c80150f630c4,2ec12d4bbc0752db,4ac1ecf8ce59ef23,Jason Saggo,23024fdfc966410a,Gilbert Burns,Gilbert Burns,23024fdfc966410a
1979c80150f630c4,3dd22a9a0ea68cc6,f2b6fdb20675b11c,Mike Perry,dc07493a87dc0a6e,Alex Reyes,Mike Perry,f2b6fdb20675b11c
1979c80150f630c4,7094c05bf73eee81,4e06913c91da5200,Krzysztof Jotko,65578a75fa7900e3,Uriah Hall,Krzysztof Jotko,4e06913c91da5200
1979c80150f630c4,ff4cef86bef2d0aa,db1f2ed63b54b9a7,Hector Lombard,d4c9dcd330403612,Anthony Smith,Anthony Smith,d4c9dcd330403612
1979c80150f630c4,4c1fd940e1619e68,f1b2aa7853d1ed6e,Kamaru Usman,1bcaac2d99b90fce,Sergio Moraes,Kamaru Usman,f1b2aa7853d1ed6e
1979c80150f630c4,128e818254ebfabe,84ff027394f7e470,Gregor Gillespie,e45cfa47f504033a,Jason Gonzalez,Gregor Gillespie,84ff027394f7e470
19ffeb5e3fffd6d5,e2a61ec3bc83da98,eff47295daf721a6,Tamdan McCrory,93ce4ac89e3d7652,Luke Cummo,Tamdan McCrory,eff47295daf721a6
19ffeb5e3fffd6d5,b2013a8b4ed68c8d,513c6f1715e547a8,Brock Lesnar,7450525c7ba032a0,Heath Herring,Brock Lesnar,513c6f1715e547a8
19ffeb5e3fffd6d5,31362d9ea15127b2,427b5953ac8e3a27,Demian Maia,2be6596a9db33bf5,Jason MacDonald,Demian Maia,427b5953ac8e3a27
19ffeb5e3fffd6d5,e915c1987050eac8,dc0f07928009a127,Rob Emerson,cc6f9d1e89f3449a,Manvel Gamburyan,Rob Emerson,dc0f07928009a127
19ffeb5e3fffd6d5,c2fd7ee22721846c,cb139171ed1b69fe,Kenny Florian,daf1b84aebd6602b,Roger Huerta,Kenny Florian,cb139171ed1b69fe
19ffeb5e3fffd6d5,a23b4817f0b773c8,6506c1d34da9c013,Georges St-Pierre,6f018c039b4d5d80,Jon Fitch,Georges St-Pierre,6506c1d34da9c013
1bf49bf829964144,476c31184332698e,0a1942069c9ad6b6,Jack Hermansson,13a0275fa13c4d26,Jared Cannonier,Jack Hermansson,0a1942069c9ad6b6
1bf49bf829964144,fc16ccf0994c6e50,b8a85389d115e35a,Jack Shore,f97c5433c77522d3,Nohelin Hernandez,Jack Shore,b8a85389d115e35a
1bf49bf829964144,b44531903be4729a,cd13728ae1151f46,Ion Cutelaba,749f572d1d3161fb,Khalil Rountree Jr.,Khalil Rountree Jr.,749f572d1d3161fb
1bf49bf829964144,d5e927306f5d859b,77d7295d1b22c694,Alessio Di Chirico,ea7e5bc78d9de658,Makhmud Muradov,Makhmud Muradov,ea7e5bc78d9de658
1bf49bf829964144,9c7b6a20f35fb708,9d19d9e4aa2662e8,Nicolas Dalby,57b10fca4f9c9a7a,Alex Oliveira,Nicolas Dalby,9d19d9e4aa2662e8
1bf49bf829964144,b6dad3a9bf911bfd,0d65c432720accb9,Michal Oleksiejczuk,50db8711c70196cd,Ovince Saint Preux,Ovince Saint Preux,50db8711c70196cd
1bf49bf829964144,18d84b333b28de36,aec185309b4843d0,Siyar Bahadurzada,6a96ad1bc34fb113,Ismail Naurdiev,Ismail Naurdiev,6a96ad1bc34fb113
1bf49bf829964144,9fa3623172adb4cd,70fa1c64a2c439ef,Alen Amedovski,e9ac7bfb65c25497,John Phillips,John Phillips,e9ac7bfb65c25497
1bf49bf829964144,951968aa52a84928,32c355b04fc57f3a,Marc Diakiese,f9b200db02b488d9,Lando Vannata,Marc Diakiese,32c355b04fc57f3a
1bf49bf829964144,688908886d8ac900,cc351e408bbb7d43,Brandon Davis,9560ff14eb3129f7,Giga Chikadze,Giga Chikadze,9560ff14eb3129f7
1bf49bf829964144,0a3df9b1918cfc2f,9cdd2da1a9104a0b,Macy Chiasson,2eeaefbfc7f9fcff,Lina Lansberg,Macy Chiasson,9cdd2da1a9104a0b
1bf49bf829964144,7410ac7e4e5acb74,fd55393021a8c255,Gunnar Nelson,23024fdfc966410a,Gilbert Burns,Gilbert Burns,23024fdfc966410a
1bf49bf829964144,975840814b233bcd,da0995f19b749cfa,Mark Madsen,c3f6db17cea09ca7,Danilo Belluardo,Mark Madsen,da0995f19b749cfa
1c061eb6e29eaa0a,0f22781ab4635414,d247691a6c0e9034,Cub Swanson,3974fa35c917af1d,Ricardo Lamas,Cub Swanson,d247691a6c0e9034
1c061eb6e29eaa0a,db690563ae7fa070,029eaff01e6bb8f0,Dustin Poirier,8e5bfd4e82352340,Pablo Garza,Dustin Poirier,029eaff01e6bb8f0
1c061eb6e29eaa0a,5254658d4e4126c9,c47df9303d318c67,Clay Guida,2676b28836a5a836,Benson Henderson,Benson Henderson,2676b28836a5a836
1c061eb6e29eaa0a,f0666193c544be4a,4834ff149dc9542a,Norifumi Yamamoto,6546af7ab545b90c,Darren Uyenoyama,Darren Uyenoyama,6546af7ab545b90c
1c061eb6e29eaa0a,bc7743819590b193,322a56923b396b4d,DaMarques Johnson,83a477a7dba1ca58,Clay Harvison,DaMarques Johnson,322a56923b396b4d
1c061eb6e29eaa0a,78294f5d5e0f2b13,0ff11cc094e887bc,Cain Velasquez,63def5a5662a6917,Junior Dos Santos,Cain Velasquez,0ff11cc094e887bc
1c061eb6e29eaa0a,9eed1b277c76f576,7aa3d6964eff4877,Alex Caceres,5df17b3620145578,Cole Escovedo,Alex Caceres,7aa3d6964eff4877
1c5879330d42255f,14a59abb3160ddaa,e9213f53ddeca978,Dhiego Lima,8cad40a75e5c97f5,Eddie Gordon,Dhiego Lima,e9213f53ddeca978
1c5879330d42255f,94371d1af8aab471,5580771f383e141f,Jesse Ronson,ee9ebceabfd16fa7,Kevin Lee,Kevin Lee,ee9ebceabfd16fa7
1c5879330d42255f,bdcb43bf1daa790b,f2688492b9a525a3,Frankie Edgar,73c7cfa551289285,BJ Penn,Frankie Edgar,f2688492b9a525a3
1c5879330d42255f,de17a01ce8a0c654,9fa568ad2bf2cb0b,Justin Scoggins,f53c1f4ceeed8c08,Dustin Ortiz,Dustin Ortiz,f53c1f4ceeed8c08
1c7cce2f5c17160d,78e38f1ad43c3479,eae431e70064e046,Abdul Razak Alhassan,16690d100f995f8f,Omari Akhmedov,Omari Akhmedov,16690d100f995f8f
1c7cce2f5c17160d,923d5041c3b6d763,3c6976f8182d9527,Alexander Gustafsson,7ff97850e8c32bda,Glover Teixeira,Glover Teixeira,7ff97850e8c32bda
1c7cce2f5c17160d,8cdc9c13d75adb28,1fcfc3709fe58151,Peter Sobotta,484acc7b0f856ce9,Ben Saunders,Peter Sobotta,1fcfc3709fe58151
1c7cce2f5c17160d,79be3a6d483ad64a,0845c81e37d3bcb3,Volkan Oezdemir,67f272324a030d00,Misha Cirkunov,Volkan Oezdemir,0845c81e37d3bcb3
1c7cce2f5c17160d,2105210529457ffd,0a1942069c9ad6b6,Jack Hermansson,2b6d855c6e280fb1,Alex Nicholson,Jack Hermansson,0a1942069c9ad6b6
1c7cce2f5c17160d,2c101a0bcf334d31,e25bcbcdaf6537a1,Reza Madadi,ae7fe94f117f98cf,Joaquim Silva,Joaquim Silva,ae7fe94f117f98cf
1c7cce2f5c17160d,ac6cb989ccc38f73,f797f0c57a83353e,Trevor Smith,6c2030e0a143a94b,Chris Camozzi,Chris Camozzi,6c2030e0a143a94b
1c7cce2f5c17160d,b166f1582946fbbc,bf43fed8f29e1671,Marcin Held,38c626ca912c7bac,Damir Hadzovic,Marcin Held,bf43fed8f29e1671
1c7cce2f5c17160d,9c3f3bc7f7472e0c,8b5f9ea38184ded3,Nicholas Musoke,fcce75a25c14a804,Bojan Velickovic,Nicholas Musoke,8b5f9ea38184ded3
1c7cce2f5c17160d,1ed9dbbe604654b9,9ce6d5a03af801b7,Darren Till,6eaec40f724852f4,Jessin Ayari,Darren Till,9ce6d5a03af801b7
1c7cce2f5c17160d,9674c37e3a2bc399,6bd02119599741a4,Pedro Munhoz,42a7e90605df3c8a,Damian Stasiak,Pedro Munhoz,6bd02119599741a4
1c7cce2f5c17160d,33913e8e56c49a4c,330bafba312face4,Oliver Enkamp,49858bf46dabf6fb,Nordine Taleb,Nordine Taleb,49858bf46dabf6fb
1ccff7f0cfdf85eb,a69afe4a88c0ca12,132deb59abae64b1,Valentina Shevchenko,e8b731feff72294b,Alexa Grasso,Valentina Shevchenko,132deb59abae64b1
1ccff7f0cfdf85eb,d6d034e98ce85246,72db2a14ffa73ece,Mateusz Gamrot,4d8fa64202cee4c1,Jalin Turner,Mateusz Gamrot,72db2a14ffa73ece
1ccff7f0cfdf85eb,636fd144716a3084,07f72a2a7591b409,Jon Jones,787bb1f087ccff8a,Ciryl Gane,Jon Jones,07f72a2a7591b409
1ccff7f0cfdf85eb,2b9daf452ab40b9b,35673bf5204524ee,Bo Nickal,830f60497fab345a,Jamie Pickett,Bo Nickal,35673bf5204524ee
1ccff7f0cfdf85eb,c2fc4c1e0c769655,b1a3e0aca758b322,Derek Brunson,0d7b51c9d2649a6e,Dricus Du Plessis,Dricus Du Plessis,0d7b51c9d2649a6e
1ccff7f0cfdf85eb,c3b9b97467f828d1,c742287ed86a09bc,Jessica Penne,d25240135aee03e5,Tabatha Ricci,Tabatha Ricci,d25240135aee03e5
1ccff7f0cfdf85eb,22fc6b3f4e48cfa3,b997be68943010fc,Geoff Neal,01afe0916a40c7c5,Shavkat Rakhmonov,Shavkat Rakhmonov,01afe0916a40c7c5
1ccff7f0cfdf85eb,009feda296ae589c,36541f1e6c5d4955,Viviane Araujo,beecb672a279223e,Amanda Ribas,Amanda Ribas,beecb672a279223e
1ccff7f0cfdf85eb,c29e2c49e1e417c8,d0e1b42d41dab603,Julian Marquez,8e9eb3fc86db0f7d,Marc-Andre Barriault,Marc-Andre Barriault,8e9eb3fc86db0f7d
1ccff7f0cfdf85eb,ec490d4224d3bc78,d8c7c61b176e3994,Cody Garbrandt,ec23c1be628d8057,Trevin Jones,Cody Garbrandt,d8c7c61b176e3994
1ccff7f0cfdf85eb,cd20dac4daa4f93a,da22387a0407a2dc,Da'Mon Blackshear,a09ed60aa67a3f67,Farid Basharat,Farid Basharat,a09ed60aa67a3f67
1ccff7f0cfdf85eb,0eb16f1307f66a11,c0386644627a7ee5,Mana Martinez,3c8a5200436e19f3,Cameron Saaiman,Mana Martinez,c0386644627a7ee5
1ccff7f0cfdf85eb,ed9f8f702585ed44,442c9011034ae1fd,Ian Machado Garry,32490e80ddab1e5a,Song Kenan,Ian Machado Garry,442c9011034ae1fd
1ccff7f0cfdf85eb,ee2354d638c078fd,323d4ca260dfa0ba,Esteban Ribovics,8c169fbe1ac33637,Loik Radzhabov,Esteban Ribovics,323d4ca260dfa0ba
1d00756835ca67c9,5a878a6bebc973d7,51018a31ddf31eb2,Molly McCann,528b071cf3da7c56,Luana Carolina,Luana Carolina,528b071cf3da7c56
1d00756835ca67c9,53d0df57a917c6a0,b8a85389d115e35a,Jack Shore,45e738622ea2c02c,Timur Valiev,Jack Shore,b8a85389d115e35a
1d00756835ca67c9,4c7e55061dc3bf89,75353550928a7921,Muhammad Mokaev,7f6ed67d3ed3c036,Cody Durden,Muhammad Mokaev,75353550928a7921
1d00756835ca67c9,5e378c52f26935d6,3351aa64aa83c4d9,Cory McKenna,ac7c765882f2c68c,Elise Reed,Cory McKenna,3351aa64aa83c4d9
1d00756835ca67c9,ae989e21c3839b49,2f5cbecbbe18bac4,Shamil Abdurakhimov,f14cf73e51b29254,Sergei Pavlovich,Sergei Pavlovich,f14cf73e51b29254
1d00756835ca67c9,6e705b2365bc03fa,56fcb2c4d99f9d1b,Mike Grundy,87a1dc546b1c5caf,Makwan Amirkhani,Makwan Amirkhani,87a1dc546b1c5caf
1d00756835ca67c9,766b4f5e77ab0860,1091d4d957141094,Nikita Krylov,eabf206b162b3b83,Paul Craig,Nikita Krylov,1091d4d957141094
1d00756835ca67c9,a200b5dcbdd2506e,4c88a1db5a46c6a4,Jai Herbert,54f64b5e283b0ce7,Ilia Topuria,Ilia Topuria,54f64b5e283b0ce7
1d00756835ca67c9,001441f70c293931,7826923b47f8d72a,Paddy Pimblett,ec18eb918121787c,Kazula Vargas,Paddy Pimblett,7826923b47f8d72a
1d00756835ca67c9,06641a8c62e45661,279566840aa55bf2,Alexander Volkov,399afbabc02376b5,Tom Aspinall,Tom Aspinall,399afbabc02376b5
1d00756835ca67c9,ce3d94186567a684,040a74bb0a465c54,Arnold Allen,193b9d1858bc4df3,Dan Hooker,Arnold Allen,040a74bb0a465c54
1d00756835ca67c9,bcd1e1d71a172d53,fd55393021a8c255,Gunnar Nelson,8abac218746e04ca,Takashi Sato,Gunnar Nelson,fd55393021a8c255
1d147d4163a6989b,ec041009ce404879,b2acebbef8da14ea,Akihiro Gono,eff47295daf721a6,Tamdan McCrory,Akihiro Gono,b2acebbef8da14ea
1d147d4163a6989b,04995619538ae939,349aaa3da11eb587,Karo Parisyan,55a7b2d4e54ffac9,Ryo Chonan,Karo Parisyan,349aaa3da11eb587
1d147d4163a6989b,bdd782059be98dfb,06f36cf4bd97ec77,Ed Herman,dbaaf42313af90fa,Joe Doerksen,Ed Herman,06f36cf4bd97ec77
1d147d4163a6989b,177201b1a7fa0dd0,31ee470ef5dc8d7f,Thiago Alves,91acd6910b802a9e,Chris Lytle,Thiago Alves,31ee470ef5dc8d7f
1d147d4163a6989b,9d59ae86a2e6c444,2924886ee9c4c527,Thiago Silva,0541480fbf719d86,Houston Alexander,Thiago Silva,2924886ee9c4c527
1d147d4163a6989b,0dddf7ec457caab3,f2688492b9a525a3,Frankie Edgar,f34312c2ccfa0e00,Spencer Fisher,Frankie Edgar,f2688492b9a525a3
1d147d4163a6989b,0b217fc503bd0585,ee779c43a8926d52,Rashad Evans,2b93ebd9f5417ad2,Michael Bisping,Michael Bisping,2b93ebd9f5417ad2
1dab0d1d81dd06db,20e28ee267d9b5dc,98b80a717b9bda17,Matt Hamill,947eccadb72f4f6f,Jesse Forbes,Matt Hamill,98b80a717b9bda17
1dab0d1d81dd06db,2168b2c814faada6,b9d0fd83bb8a147a,Keith Jardine,af5b208e97f5d382,Wilson Gouveia,Wilson Gouveia,af5b208e97f5d382
1dab0d1d81dd06db,7cdb56b2f207a41b,cb139171ed1b69fe,Kenny Florian,501b07aec9b8fc2d,Sam Stout,Kenny Florian,cb139171ed1b69fe
1dab0d1d81dd06db,2b95f2982b19518a,234f3767ff0e5701,Kendall Grove,06f36cf4bd97ec77,Ed Herman,Ed Herman,06f36cf4bd97ec77
1dc56b59cb28425d,1531cb3152157ada,d468288756ae3982,Renato Sobral,817e0bdf08efce2e,Elvis Sinosic,Renato Sobral,d468288756ae3982
1e13936d708bcff7,58e72b1a38880ba9,3c5005b66696d790,Anthony Ivy,ae071698e1a3ccd4,Christian Aguilera,Anthony Ivy,3c5005b66696d790
1e13936d708bcff7,dfbb110855354039,6e00cfffd54653c4,Tyson Nam,79cb2a690b9ba5e8,Zarrukh Adashev,Tyson Nam,6e00cfffd54653c4
1e13936d708bcff7,e857ca0bc3b9fdcd,37d5b176d438d2a5,Karl Roberson,7acbb0972e75281a,Marvin Vettori,Marvin Vettori,7acbb0972e75281a
1e13936d708bcff7,7606d2f8d8b0e889,a08ddd04eaffd81d,Mariya Agapova,2244d9a2b64b8c3b,Hannah Cifers,Mariya Agapova,a08ddd04eaffd81d
1e13936d708bcff7,1109a8f2adc81ce0,40093d1d2d78394e,Charles Rosa,cf946e03ba2e7666,Kevin Aguilar,Kevin Aguilar,cf946e03ba2e7666
1e13936d708bcff7,05061dd590c9eb34,c03520b5c88ed6b4,Merab Dvalishvili,93b62c5f2ba18e51,Gustavo Lopez,Merab Dvalishvili,c03520b5c88ed6b4
1e13936d708bcff7,97125cd6a94b6394,86d9dbe1bfcbade7,Julia Avila,016a8d958883167c,Gina Mazany,Julia Avila,86d9dbe1bfcbade7
1e13936d708bcff7,e36b8b88646f72f8,215a70f073a7b726,Jordan Espinosa,f57dd0bfa8c17813,Mark De La Rosa,Jordan Espinosa,215a70f073a7b726
1e13936d708bcff7,b8b692aa2aae3310,f72465a784c1b084,Jessica Eye,98215d037be5bcb7,Cynthia Calvillo,Cynthia Calvillo,98215d037be5bcb7
1e13936d708bcff7,cab532b4544580bd,8fd808923cffff82,Andre Fili,f1d64ae34e088832,Charles Jourdain,Charles Jourdain,f1d64ae34e088832
1ef0eae31904e534,397ace87deeb8697,d3df1add9d9a7efb,Derrick Lewis,279566840aa55bf2,Alexander Volkov,Alexander Volkov,279566840aa55bf2
1ef0eae31904e534,9bc042a700d9a531,7d96bc577e5178b2,Gray Maynard,6fb1ba67bef41b37,Nik Lentz,Gray Maynard,7d96bc577e5178b2
1ef0eae31904e534,c835ccffa472970e,df1eb4354d18a906,Scott Holtzman,cd7763bcadb5d4c8,Alan Patrick,Scott Holtzman,df1eb4354d18a906
1ef0eae31904e534,e2e524bb5392a3ea,d4691518d012b9e7,Aspen Ladd,b12a1d19ee383b7c,Tonya Evinger,Aspen Ladd,d4691518d012b9e7
1ef0eae31904e534,21be9181725ab599,2eeaefbfc7f9fcff,Lina Lansberg,3143bf892608139a,Yana Santos,Yana Santos,3143bf892608139a
1ef0eae31904e534,8f5482992dad74d2,de75d1c45a39e221,Sergio Pettis,b102c26727306ab6,Jussier Formiga,Sergio Pettis,de75d1c45a39e221
1ef0eae31904e534,3eea92e7f26fb05b,032cc3922d871c7f,Khabib Nurmagomedov,f4c49976c75c5ab2,Conor McGregor,Khabib Nurmagomedov,032cc3922d871c7f
1ef0eae31904e534,adee1fc200ed1a12,eb04b9d31e938edb,Michelle Waterson-Gomez,b6850671a008bf9a,Felice Herrig,Michelle Waterson-Gomez,eb04b9d31e938edb
1ef0eae31904e534,8f6dda53ea3b09c7,22a92d7f62195791,Tony Ferguson,cbb682f5fcc44bfc,Anthony Pettis,Tony Ferguson,22a92d7f62195791
1ef0eae31904e534,3c5442bb62ca1505,50db8711c70196cd,Ovince Saint Preux,2e19380f34871c6a,Dominick Reyes,Dominick Reyes,2e19380f34871c6a
1ef0eae31904e534,68ba4aca75b02496,4c7781da8c6cae93,Ryan LaFlare,5331b25a60417ffb,Anthony Rocco Martin,Anthony Rocco Martin,5331b25a60417ffb
1ef0eae31904e534,48ea8a30f7b88cfc,6d4b63c767106d3a,Vicente Luque,4d8fa64202cee4c1,Jalin Turner,Vicente Luque,6d4b63c767106d3a
1f5f75658551f2d3,25783a9abbfee4fc,b72a60a0cadff408,Louis Gaudinot,ffc3e6daaa6da0b7,Johnny Bedford,Johnny Bedford,ffc3e6daaa6da0b7
1f5f75658551f2d3,72481ce1897251cd,55f80a8aeffcdb33,Dustin Pague,7bd94b60d7521e4a,John Albert,John Albert,7bd94b60d7521e4a
1f5f75658551f2d3,9a3908ab337c5f3f,c849740a3ff51931,TJ Dillashaw,99506df1af6c8b3b,John Dodson,TJ Dillashaw,c849740a3ff51931
1f5f75658551f2d3,6e85d8d17c3eed58,c2e3e67b5911bfb7,Diego Brandao,6f242453c91a5af0,Dennis Bermudez,Dennis Bermudez,6f242453c91a5af0
1f5f75658551f2d3,381b2df85ac06615,22a92d7f62195791,Tony Ferguson,5f04e3d58d9ce982,Yves Edwards,Tony Ferguson,22a92d7f62195791
1f9344211ca7fd60,463fac0e48505b62,519e4fe37ce9ff75,Drew Dober,809bd1a871491508,Terrance McKinney,Terrance McKinney,809bd1a871491508
1f9344211ca7fd60,b400c29fbeee0206,9c27f3217891f3f0,Kris Moutinho,d05412b513b19621,Guido Cannetti,Guido Cannetti,d05412b513b19621
1f9344211ca7fd60,3b06c512abfa0494,4aa58269d0664b5b,Matthew Semelsberger,725b1abc9a39d873,AJ Fletcher,Matthew Semelsberger,4aa58269d0664b5b
1f9344211ca7fd60,b55de7d791b9f62d,70d2329a92864fdb,Sabina Mazo,f29a6350c69f4a33,Miranda Maverick,Miranda Maverick,f29a6350c69f4a33
1f9344211ca7fd60,9b46a662b8fa1d8d,fea79f9bc8c68769,Marlon Moraes,efb96bf3e9ada36f,Song Yadong,Song Yadong,efb96bf3e9ada36f
1f9344211ca7fd60,70b8d357e89383bd,94426bb170c88115,Sodiq Yusuff,7aa3d6964eff4877,Alex Caceres,Sodiq Yusuff,94426bb170c88115
1f9344211ca7fd60,23eec2d9cb2d78cd,749f572d1d3161fb,Khalil Rountree Jr.,37d5b176d438d2a5,Karl Roberson,Khalil Rountree Jr.,749f572d1d3161fb
1f9344211ca7fd60,f10c2c84652ef573,6aae253467e8f9ce,Tafon Nchukwi,e90a2f22417af68e,Azamat Murzakanov,Azamat Murzakanov,e90a2f22417af68e
1f9344211ca7fd60,26fbee4ed13ff35d,6fd953151d981979,JJ Aldrich,38c7f72747f4f712,Gillian Robertson,Gillian Robertson,38c7f72747f4f712
1f9344211ca7fd60,8aa16cc1ba99aac1,dea070ed4a2a8281,Thiago Santos,d802174b0c0c1f4e,Magomed Ankalaev,Magomed Ankalaev,d802174b0c0c1f4e
1f9344211ca7fd60,9cb78122a23e6a7d,ce632027bf2a871b,Dalcha Lungiambula,f14f644d41ade29f,Cody Brundage,Cody Brundage,f14f644d41ade29f
1f9344211ca7fd60,b70313eae7c24b27,ec23c1be628d8057,Trevin Jones,bbab3baf66128ae2,Javid Basharat,Javid Basharat,bbab3baf66128ae2
1f9344211ca7fd60,226884e46a10865d,e5549c82bfb5582d,Alex Pereira,12ebd7d157e91701,Bruno Silva,Alex Pereira,e5549c82bfb5582d
1f9344211ca7fd60,5cad3ab6553e9ec9,29af297d9f1de0f8,Damon Jackson,c7d7fda69ec410d3,Kamuela Kirk,Damon Jackson,29af297d9f1de0f8
1fac46d466abd5b8,f3c37e23ca30c87d,31123249b0bbf52e,Matt Brown,a331233f597090a5,Bryan Barberena,Matt Brown,31123249b0bbf52e
1fac46d466abd5b8,c4e866d9dd606faa,fa6796c55d6c5440,Curtis Blaydes,d0aaedcf7ccd0b45,Chris Daukaus,Curtis Blaydes,fa6796c55d6c5440
1fac46d466abd5b8,3f92025b29e06bfd,84b3e7d38f2d2ec5,Neil Magny,b0d6a1d8ac3d563d,Max Griffin,Neil Magny,84b3e7d38f2d2ec5
1fac46d466abd5b8,1b650c76387c0f4b,12f91bfa8f1f723b,Joanne Wood,e8b731feff72294b,Alexa Grasso,Alexa Grasso,e8b731feff72294b
1fac46d466abd5b8,bb31c77bddd1317e,7be74a12d7352df2,Sara McMann,351c4ec637380ad5,Karol Rosa,Karol Rosa,351c4ec637380ad5
1fac46d466abd5b8,410e65e4d1782bfc,b1d19449397541dc,Askar Askarov,853eb0dd5c0e2149,Kai Kara-France,Askar Askarov,b1d19449397541dc
1fac46d466abd5b8,d0b7a79d3e7f3362,45f0cc9d18f35137,Chris Gutierrez,3b0a516d2921e0d6,Batgerel Danaa,Chris Gutierrez,45f0cc9d18f35137
1fac46d466abd5b8,3ecccdab76baa59c,8e1f36476ef02a6a,Jennifer Maia,34ff304266360297,Manon Fiorot,Manon Fiorot,34ff304266360297
1fac46d466abd5b8,f6afaf2a39fa441c,32c355b04fc57f3a,Marc Diakiese,19c591115a58982c,Viacheslav Borshchev,Marc Diakiese,32c355b04fc57f3a
1fac46d466abd5b8,97e522591ac7eb29,12e0fdc606f7e274,Luis Saldana,0e5c4e72237461bb,Bruno Souza,Luis Saldana,12e0fdc606f7e274
1fac46d466abd5b8,6ed495c177d69a3a,7ab478c397cd68ef,Aliaskhab Khizriev,0112352cb32f5026,Denis Tiuliulin,Aliaskhab Khizriev,7ab478c397cd68ef
1fac46d466abd5b8,82b2b97b85c7225c,1a31ef98efce7a79,Matheus Nicolau,9ada30894bf04e19,David Dvorak,Matheus Nicolau,1a31ef98efce7a79
1fcfc3709fe58151,8d7ea177efadc718,82e7929bf6c2b689,Diego Sanchez,4f732e58ed907eff,Ross Pearson,Diego Sanchez,82e7929bf6c2b689
1fcfc3709fe58151,dbc35626d0f0576b,99506df1af6c8b3b,John Dodson,92437c6775b3f7d1,John Moraga,John Dodson,99506df1af6c8b3b
1fcfc3709fe58151,6597b770486021b8,fb8a3025ae722e64,Bobby Voelker,5431dccc09118234,Lance Benoist,Lance Benoist,5431dccc09118234
1fcfc3709fe58151,d02ac0447fb2a7a0,0b64d0fed453ef7f,Scott Jorgensen,8a9c6c4301f6d088,Danny Martinez,Scott Jorgensen,0b64d0fed453ef7f
1fcfc3709fe58151,6eee347f75f223f0,3623bd267a2eef2e,Yaotzin Meza,de75d1c45a39e221,Sergio Pettis,Sergio Pettis,de75d1c45a39e221
1fcfc3709fe58151,753004dcc9c53eb6,2676b28836a5a836,Benson Henderson,9b7694d064a8a0ad,Rustam Khabilov,Benson Henderson,2676b28836a5a836
1fcfc3709fe58151,b97d2f97d109cfc8,6a2f7c151031653d,Rafael Dos Anjos,e5d03e4d966126bd,Jason High,Rafael Dos Anjos,6a2f7c151031653d
1fcfc3709fe58151,6ff8fff0fe2a3cd9,5f04e3d58d9ce982,Yves Edwards,a3be148af5c7b088,Piotr Hallmann,Yves Edwards,5f04e3d58d9ce982
1fcfc3709fe58151,410e3163827d6d3b,af62f99eb7606308,Erik Perez,5ef0088c1b19beeb,Bryan Caraway,Erik Perez,af62f99eb7606308
1ffc38f67785797b,032a61c6f9439b1d,523fa774700d7d3f,Court McGee,aed06011bf62237b,Dongi Yang,Dongi Yang,aed06011bf62237b
1ffc38f67785797b,1fa175b6a35e95e2,fe435e440b5de0ff,Jake Shields,d81ac739417d7f53,Jake Ellenberger,Jake Ellenberger,d81ac739417d7f53
1ffc38f67785797b,5dc4552c9288441a,7be63795363029e8,Cody McKenzie,d403b1a6f278c95e,Vagner Rocha,Vagner Rocha,d403b1a6f278c95e
1ffc38f67785797b,a7fca585b4fd4255,4130a743d9d22163,Alan Belcher,2be6596a9db33bf5,Jason MacDonald,Alan Belcher,4130a743d9d22163
1ffc38f67785797b,be5cdd4872fbd0b7,83a477a7dba1ca58,Clay Harvison,fd5b6598a3b70c0a,Seth Baczynski,Seth Baczynski,fd5b6598a3b70c0a
1ffc38f67785797b,fdc82a98c68588c4,e5c9de15bb58b1c6,Evan Dunham,e2b8186b618b00c4,Shamar Bailey,Evan Dunham,e5c9de15bb58b1c6
1ffc38f67785797b,558b54d28a662cca,d023ae89a2a4a41e,Matthew Riddle,5431dccc09118234,Lance Benoist,Matthew Riddle,d023ae89a2a4a41e
1ffc38f67785797b,b4daedb1e0c4ee02,b0a6124751a56bc4,Jonathan Brookins,99bd87a300079ed9,Erik Koch,Erik Koch,99bd87a300079ed9
20821819c401ced8,752f19e9c201ea57,4234f0097c83fa62,Sijara Eubanks,4498b382c65a7faa,Roxanne Modafferi,Sijara Eubanks,4234f0097c83fa62
20821819c401ced8,33116969380185a9,efa1f6b42c86793c,Adam Wieczorek,ab943cd2c3c17825,Marcos Rogerio de Lima,Marcos Rogerio de Lima,ab943cd2c3c17825
20821819c401ced8,b8b2cdf962cc65a0,4e0692ad070976e4,Lyman Good,484acc7b0f856ce9,Ben Saunders,Lyman Good,4e0692ad070976e4
20821819c401ced8,7aede55e4e47c698,37d5b176d438d2a5,Karl Roberson,045f25b3a4c08e81,Jack Marshman,Karl Roberson,37d5b176d438d2a5
20821819c401ced8,3729ff914eaede07,98d961097baaf308,Shane Burgos,a7151778b3381036,Kurt Holobaugh,Shane Burgos,98d961097baaf308
20821819c401ced8,78bb2b441917848c,bb1a2cdad6ff34db,Jason Knight,c07efc18b231f170,Jordan Rinaldi,Jason Knight,bb1a2cdad6ff34db
20821819c401ced8,41be95916aef568f,1291edf2d566a71a,Julio Arce,0d62719b1dcf7c40,Sheymon Moraes,Julio Arce,1291edf2d566a71a
20821819c401ced8,b4ec3e067604f90a,d2c55d1d2e67773b,David Branch,13a0275fa13c4d26,Jared Cannonier,Jared Cannonier,13a0275fa13c4d26
20821819c401ced8,e4e1d12441b90866,b1a3e0aca758b322,Derek Brunson,1338e2c7480bdf9e,Israel Adesanya,Israel Adesanya,1338e2c7480bdf9e
20821819c401ced8,c037cdc1de53de8e,3a8176e15b9887c1,Chris Weidman,7a703c565ccaa18f,Jacare Souza,Chris Weidman,3a8176e15b9887c1
20821819c401ced8,e9700d51ec2b940b,d967f0128c323de6,Daniel Cormier,d3df1add9d9a7efb,Derrick Lewis,Daniel Cormier,d967f0128c323de6
20bd6c3e03c46ee6,ef99fb08c6b06963,0e041d43a47d2e4b,Matt Lindland,91186547a7f3f758,Ricardo Almeida,Matt Lindland,0e041d43a47d2e4b
20e403a1acfef130,42ad1437a1280294,c9cf753cfdf77fc2,Marcin Tybura,e5bda12faabfc850,Luis Henrique,Marcin Tybura,c9cf753cfdf77fc2
20e403a1acfef130,08b65f5009c34997,ad56b3f00ca38dfd,Mark Godbeer,f86cb5f25d545e0e,Daniel Spitz,Daniel Spitz,f86cb5f25d545e0e
20e403a1acfef130,2d4743a82fc55642,544d7460b3e44393,Albert Morales,d0e50a3d1b250708,Andre Soukhamthath,Andre Soukhamthath,d0e50a3d1b250708
20e403a1acfef130,6db4d7827082d5b9,49e96ff8ab781589,Tyson Pedro,eabf206b162b3b83,Paul Craig,Tyson Pedro,49e96ff8ab781589
20e403a1acfef130,4804776154430aad,2f95a3c6d58b2aad,Iuri Alcantara,96428b9e9bd048ea,Luke Sanders,Iuri Alcantara,2f95a3c6d58b2aad
20e403a1acfef130,c79b862be039d9f0,b4ad3a06ee4d660c,Alistair Overeem,eef9b891edbd4604,Mark Hunt,Alistair Overeem,b4ad3a06ee4d660c
20e403a1acfef130,7ac4b9823b1e139b,f9b200db02b488d9,Lando Vannata,2747c60e42d9d75f,David Teymur,David Teymur,2747c60e42d9d75f
20e403a1acfef130,54f9e3e1fad7a589,d4a31850a7457f1b,Amanda Cooper,98215d037be5bcb7,Cynthia Calvillo,Cynthia Calvillo,98215d037be5bcb7
20e403a1acfef130,e3ca9462ad0d7685,ee779c43a8926d52,Rashad Evans,bdcbb976816fd256,Daniel Kelly,Rashad Evans,ee779c43a8926d52
20e403a1acfef130,dfc8c5161ea0ccb5,effd9de9937996f8,Tyron Woodley,4a28cb716c19157a,Stephen Thompson,Stephen Thompson,4a28cb716c19157a
20e403a1acfef130,3b536afcc9098925,cbd3e590a85b18c5,Mirsad Bektic,92a9aa9c93192871,Darren Elkins,Darren Elkins,92a9aa9c93192871
20fbff570c678e1c,c5ce4f39269c842c,b12fc8a41e82d3a2,Joby Sanchez,c169545ab0825f44,Geane Herrera,Geane Herrera,c169545ab0825f44
20fbff570c678e1c,465707233fa9cf7c,4c7781da8c6cae93,Ryan LaFlare,236a37d96d476164,Mike Pierce,Ryan LaFlare,4c7781da8c6cae93
20fbff570c678e1c,c64c2ca5d4d2c7b8,64a50dad704d1d49,Edson Barboza,22a92d7f62195791,Tony Ferguson,Tony Ferguson,22a92d7f62195791
20fbff570c678e1c,18292c8eb20ae045,f2688492b9a525a3,Frankie Edgar,b5b684eac99ae0a3,Chad Mendes,Chad Mendes,b5b684eac99ae0a3
20fbff570c678e1c,ce82f34bc14f7af0,80d918336163b80c,Tatsuya Kawajiri,bb1a2cdad6ff34db,Jason Knight,Tatsuya Kawajiri,80d918336163b80c
20fbff570c678e1c,991680cd8d0b7900,3bad7ef643840f67,Joe Lauzon,e5c9de15bb58b1c6,Evan Dunham,Evan Dunham,e5c9de15bb58b1c6
20fbff570c678e1c,1123fceef316106e,02f2a9702ba3d167,Artem Lobov,8866c6f509c19089,Ryan Hall,Ryan Hall,8866c6f509c19089
21b8a0f5c231096f,77a8a6e2c3a09d19,4130a743d9d22163,Alan Belcher,f8dc544e7077d014,Jorge Santiago,Alan Belcher,4130a743d9d22163
21b8a0f5c231096f,abf6ea197979e634,5eedbf1e9601be35,Brock Larson,65ddc8a9ac4e8531,Keita Nakamura,Brock Larson,5eedbf1e9601be35
21b8a0f5c231096f,844fc95da48937b3,349aaa3da11eb587,Karo Parisyan,d814f5192e58fb2f,Drew Fickett,Karo Parisyan,349aaa3da11eb587
21b8a0f5c231096f,bc0155d267fb5892,82e7929bf6c2b689,Diego Sanchez,d512d9f204059f57,Joe Riggs,Diego Sanchez,82e7929bf6c2b689
21f2974fd08085e3,a90cabf2913fc6ef,3591d0d5d382a381,Francis Carmont,0e21976afc92e4d1,Magnus Cedenblad,Francis Carmont,3591d0d5d382a381
21f2974fd08085e3,806761834799c352,c945adc22c2bfe8f,Brad Pickett,c96e2ae6021144a1,Damacio Page,Brad Pickett,c945adc22c2bfe8f
21f2974fd08085e3,93096cfccdbf4fe8,3c6976f8182d9527,Alexander Gustafsson,2924886ee9c4c527,Thiago Silva,Alexander Gustafsson,3c6976f8182d9527
21f2974fd08085e3,8757fbfa0857415f,30a09e43f15f1d75,Paulo Thiago,aec185309b4843d0,Siyar Bahadurzada,Siyar Bahadurzada,aec185309b4843d0
21f2974fd08085e3,990bf4ef60890853,579fcdfcabd23a7b,Brian Stann,7f955f71fa2ce7ac,Alessio Sakara,Brian Stann,579fcdfcabd23a7b
21f2974fd08085e3,3368c2419e259992,322a56923b396b4d,DaMarques Johnson,1a7745388839e52b,John Maguire,John Maguire,1a7745388839e52b
21f2974fd08085e3,2dc181c1473eb269,5f87a5c00b3d17ed,Dennis Siver,3a24769a4855040a,Diego Nunes,Dennis Siver,5f87a5c00b3d17ed
221b2a3070c7ce3e,5c783cd188425783,a09ed60aa67a3f67,Farid Basharat,f264ba50b007f39e,Victor Hugo,Farid Basharat,a09ed60aa67a3f67
221b2a3070c7ce3e,bde635a4f345bc3e,6a96ad1bc34fb113,Ismail Naurdiev,12ebd7d157e91701,Bruno Silva,Ismail Naurdiev,6a96ad1bc34fb113
221b2a3070c7ce3e,b09f54654b0f95f5,d802174b0c0c1f4e,Magomed Ankalaev,333b9e5c723ac873,Aleksandar Rakic,Magomed Ankalaev,d802174b0c0c1f4e
221b2a3070c7ce3e,781a2ea50f5ae68f,6e8f1bcdda94ff45,Ibo Aslan,09a4447655fd4b7b,Rafael Cerqueira,Ibo Aslan,6e8f1bcdda94ff45
221b2a3070c7ce3e,df7928de73fc2fe8,8667caa0451d245b,Kennedy Nzechukwu,7a5e8c94a86f9895,Chris Barnett,Kennedy Nzechukwu,8667caa0451d245b
221b2a3070c7ce3e,6114076c689e8457,8f765fd5775a8873,Rinat Fakhretdinov,28d421729451c8ca,Carlos Leal,Rinat Fakhretdinov,8f765fd5775a8873
221b2a3070c7ce3e,cc11a0762f246fa4,396fe87b84ac2e1c,Lerone Murphy,82a5152216251682,Dan Ige,Lerone Murphy,396fe87b84ac2e1c
221b2a3070c7ce3e,1d65c141776949d6,b997be68943010fc,Geoff Neal,6a2f7c151031653d,Rafael Dos Anjos,Geoff Neal,b997be68943010fc
221b2a3070c7ce3e,108434acbbd75d26,06734ca9d88dec3a,Shara Magomedov,369ea36e450ae62a,Armen Petrosyan,Shara Magomedov,06734ca9d88dec3a
221b2a3070c7ce3e,af6eeea1cfe33240,36b8f265bcd1b7a4,Abus Magomedov,1e719d4b676dc19a,Brunno Ferreira,Abus Magomedov,36b8f265bcd1b7a4
221b2a3070c7ce3e,919e3c5cc6999cb3,849c5d9979df5357,Mateusz Rebecki,bf2c8e01b07d3eb1,Myktybek Orolbai,Mateusz Rebecki,849c5d9979df5357
221b2a3070c7ce3e,ebf7cea27b83c432,54f64b5e283b0ce7,Ilia Topuria,150ff4cc642270b9,Max Holloway,Max Holloway,150ff4cc642270b9
221b2a3070c7ce3e,b8bf186f884678ea,e1147d3d2dabe1ce,Robert Whittaker,767755fd74662dbf,Khamzat Chimaev,Khamzat Chimaev,767755fd74662dbf
222d6b547de2e035,d417609ea9670fb3,a36556bb1565e32d,Joe Proctor,813550bc53b15fb0,Yancy Medeiros,Yancy Medeiros,813550bc53b15fb0
222d6b547de2e035,a2c28daf0be59fa7,e50cd77732d39967,Aisling Daly,26b63bc5c0c1f65d,Alex Chambers,Aisling Daly,e50cd77732d39967
222d6b547de2e035,73c70a628f0ef14b,d910665038efc639,Carla Esparza,47b63240018d5d86,Rose Namajunas,Carla Esparza,d910665038efc639
222d6b547de2e035,ed3222701a8c0521,31ef8b67e13495b3,Tecia Pennington,bd878a638e0e3be3,Angela Magana,Tecia Pennington,31ef8b67e13495b3
222d6b547de2e035,b079f3d5ad290afb,12f91bfa8f1f723b,Joanne Wood,165c244bcca3ed26,Seo Hee Ham,Joanne Wood,12f91bfa8f1f723b
222d6b547de2e035,54afe8c42e2062d6,907e60fd13407e1e,Bec Rawlings,dd4c16777fb2ccf9,Heather Clark,Heather Clark,dd4c16777fb2ccf9
222d6b547de2e035,18ba44e67d5c5f38,18968f97ad34f15c,Jeremy Stephens,07225ba28ae309b6,Charles Oliveira,Charles Oliveira,07225ba28ae309b6
222d6b547de2e035,fa2bed87e5d6c568,c742287ed86a09bc,Jessica Penne,4a57ebb14315b251,Randa Markos,Jessica Penne,c742287ed86a09bc
2299605af59fd309,98a1121ffbc47657,1fd4fbdcc67de844,Drew McFedries,05866d8c3a321856,Marvin Eastman,Drew McFedries,1fd4fbdcc67de844
2299605af59fd309,31c2d8648b06a001,82e7929bf6c2b689,Diego Sanchez,9583662df31d943f,Luigi Fioravanti,Diego Sanchez,82e7929bf6c2b689
2299605af59fd309,98b1ee14ad4ea1c6,234f3767ff0e5701,Kendall Grove,8f2d9ee27f206f1f,Evan Tanner,Kendall Grove,234f3767ff0e5701
2299605af59fd309,0064bbc554d85421,2650e2f846a30f64,Amir Sadollah,5d7bdab5e03e3216,CB Dollaway,CB Dollaway,5d7bdab5e03e3216
2299605af59fd309,7ddaf46a81b7e616,f34312c2ccfa0e00,Spencer Fisher,18968f97ad34f15c,Jeremy Stephens,Spencer Fisher,f34312c2ccfa0e00
2299605af59fd309,688c8b695e521ce8,a149d6bc670cdb60,Dustin Hazelett,6da99156486ed6c2,Joshua Burkman,Dustin Hazelett,a149d6bc670cdb60
2299605af59fd309,5288ef3edf1eda6e,68c6cd5287b473a7,Dean Lister,8d26912cd2aeb366,Jeremy Horn,Jeremy Horn,8d26912cd2aeb366
2299605af59fd309,6aee27cc2610b56a,31123249b0bbf52e,Matt Brown,de62052b2ede65ba,Matt Arroyo,Matt Brown,31123249b0bbf52e
22f4b6cb6b1bd7fd,b2d731415bd367df,1091d4d957141094,Nikita Krylov,2e19380f34871c6a,Dominick Reyes,Dominick Reyes,2e19380f34871c6a
22f4b6cb6b1bd7fd,e733f148060bef2a,e1248941344b3288,Alexander Volkanovski,f166e93d04a8c274,Diego Lopes,Alexander Volkanovski,e1248941344b3288
22f4b6cb6b1bd7fd,d05cb4c4135ce402,4b93a88f3b1de35b,Michael Chandler,7826923b47f8d72a,Paddy Pimblett,Paddy Pimblett,7826923b47f8d72a
22f4b6cb6b1bd7fd,0eccebee160137b1,c41d426cc7326d1b,Yan Xiaonan,7dda2cf308f24a02,Virna Jandiroba,Yan Xiaonan,c41d426cc7326d1b
22f4b6cb6b1bd7fd,d3be5a4e0ec273e2,cbf5e6f231b55443,Yair Rodriguez,98a58c26c5b1ed17,Patricio Freire,Yair Rodriguez,cbf5e6f231b55443
22f4b6cb6b1bd7fd,fc43d60cbd6b0e6a,82a5152216251682,Dan Ige,4682bc59d5f55145,Sean Woodson,Sean Woodson,4682bc59d5f55145
22f4b6cb6b1bd7fd,08e7a39eb7482ebf,92a9aa9c93192871,Darren Elkins,902ec2cc48c8ae8a,Julian Erosa,Darren Elkins,92a9aa9c93192871
22f4b6cb6b1bd7fd,4bbda6c1f6cf9d4e,4e6738062d469256,Sedriques Dumas,0d65c432720accb9,Michal Oleksiejczuk,Michal Oleksiejczuk,0d65c432720accb9
22f4b6cb6b1bd7fd,8c540eb4afe8c43e,d9c6f19f958643e9,Bryce Mitchell,52ef95b5860fb28c,Jean Silva,Jean Silva,52ef95b5860fb28c
22f4b6cb6b1bd7fd,0e71e69359db4d1e,f2b3f4ef3f780168,Nora Cornolle,3c26c420584d912d,Hailey Cowan,Nora Cornolle,f2b3f4ef3f780168
22f4b6cb6b1bd7fd,b87d6f71d901355b,147e70aa6cc48cfc,Tresean Gore,9384e71bca6c409d,Marco Tulio,Marco Tulio,9384e71bca6c409d
22f4b6cb6b1bd7fd,11eb27a1ac74d225,d1941565abf50b16,Jim Miller,971246648e162f0d,Chase Hooper,Chase Hooper,971246648e162f0d
22f4b6cb6b1bd7fd,fd98843926965cbd,3cf18e01cb6cbde3,Sumudaerji,0be6776db31d98ec,Mitch Raposo,Sumudaerji,3cf18e01cb6cbde3
232c582f29f8f65e,537c77f3b75a75ae,d247691a6c0e9034,Cub Swanson,80d918336163b80c,Tatsuya Kawajiri,Cub Swanson,d247691a6c0e9034
232c582f29f8f65e,02f4277726712796,01b352b6a9074d5c,Chase Sherman,ba1e6cb3d43f7430,Justin Ledet,Chase Sherman,01b352b6a9074d5c
232c582f29f8f65e,58c73a9562adcfe5,b4192a975027aab6,Maryna Moroz,b76c6268dc1d3c05,Danielle Taylor,Danielle Taylor,b76c6268dc1d3c05
232c582f29f8f65e,3fe9e895b2a45049,202b0467521c9d6f,Viktor Pesta,c9cf753cfdf77fc2,Marcin Tybura,Marcin Tybura,c9cf753cfdf77fc2
232c582f29f8f65e,570f3407722cc512,cbf5e6f231b55443,Yair Rodriguez,7aa3d6964eff4877,Alex Caceres,Yair Rodriguez,cbf5e6f231b55443
232c582f29f8f65e,0344687c9852b1d2,6f242453c91a5af0,Dennis Bermudez,b71ce838b01f2cad,Rony Jason,Dennis Bermudez,6f242453c91a5af0
232c582f29f8f65e,78410b48feaba213,cfb65863d5099327,Thales Leites,6c2030e0a143a94b,Chris Camozzi,Thales Leites,cfb65863d5099327
232c582f29f8f65e,787d94246afe18a3,6d1bffff14897645,Santiago Ponzinibbio,4ba8d454f762005d,Zak Cummings,Santiago Ponzinibbio,6d1bffff14897645
232c582f29f8f65e,4a46b63c19cfa932,523fa774700d7d3f,Court McGee,68c11c27d4d56572,Dominique Steele,Court McGee,523fa774700d7d3f
236a37d96d476164,3a3ac7b3987f6799,3df5493bb279226f,Amanda Lemos,6a1901c62ab3870f,Jessica Andrade,Amanda Lemos,3df5493bb279226f
236a37d96d476164,6017351e164dbca3,c47df9303d318c67,Clay Guida,d747eb273a40a920,Claudio Puelles,Claudio Puelles,d747eb273a40a920
236a37d96d476164,173d576e6247a88a,f9b200db02b488d9,Lando Vannata,f1d64ae34e088832,Charles Jourdain,Charles Jourdain,f1d64ae34e088832
236a37d96d476164,6a4ba72b084193b5,6370c1c1e12723d5,Marcin Prachnio,53c943c873cffe90,Philipe Lins,Philipe Lins,53c943c873cffe90
236a37d96d476164,7cf7960c6ccb5fa1,a6f3d15cb84334bb,Dean Barry,0641c21bec209472,Mike Jackson,Dean Barry,a6f3d15cb84334bb
236a37d96d476164,926977ec3ed0ebe1,7d420039bbfe7c1a,Aoriqileng,5f3da9a9610d8969,Cameron Else,Aoriqileng,7d420039bbfe7c1a
236a37d96d476164,e8c57c6259193466,49e96ff8ab781589,Tyson Pedro,f9d0cae37dabfafc,Ike Villanueva,Tyson Pedro,49e96ff8ab781589
236a37d96d476164,9b8a82276f06829f,8be158ca1e5ea6a0,Dwight Grant,90da09db03e41748,Sergey Khandozhko,Sergey Khandozhko,90da09db03e41748
236a37d96d476164,a45d4327bc82bc28,6a740daf1b279661,Maycee Barber,80d8aed0ca9b00f3,Montana De La Rosa,Maycee Barber,6a740daf1b279661
236a37d96d476164,e4d946470fd150fe,9fe7af8b3fbe00a0,Preston Parsons,d9a56ecb6e94f02e,Evan Elder,Preston Parsons,9fe7af8b3fbe00a0
236a37d96d476164,992e84bf59837e21,c878270af633eb11,Jordan Wright,8e9eb3fc86db0f7d,Marc-Andre Barriault,Marc-Andre Barriault,8e9eb3fc86db0f7d
23ab42947c1990e3,b3f4583109b429af,1eacf73d6a0055dc,Cheick Kongo,1cf1310684a841f5,Mostapha Al-Turk,Cheick Kongo,1eacf73d6a0055dc
23ab42947c1990e3,f27bf6f21410547f,7e69a4b0961aa555,Brad Blackburn,55a7b2d4e54ffac9,Ryo Chonan,Brad Blackburn,7e69a4b0961aa555
23ab42947c1990e3,4918b7e3600f67a1,acff437707625fc7,Yushin Okami,68c6cd5287b473a7,Dean Lister,Yushin Okami,acff437707625fc7
23ab42947c1990e3,c62d5962b99938de,ffc088e64fab57e9,Quinton Jackson,a1f6999fe57236e0,Wanderlei Silva,Quinton Jackson,ffc088e64fab57e9
23ab42947c1990e3,b8927a3a2735acb0,5d7bdab5e03e3216,CB Dollaway,5b2d7906aa894274,Mike Massenzio,CB Dollaway,5d7bdab5e03e3216
23ab42947c1990e3,02c54d382fb1c347,1ff9589f9065a9ed,Frank Mir,ee9d73f4fee9cbdd,Antonio Rodrigo Nogueira,Antonio Rodrigo Nogueira,ee9d73f4fee9cbdd
23ab42947c1990e3,041dd0fae4650970,ee779c43a8926d52,Rashad Evans,fcffee71cff5530e,Forrest Griffin,Rashad Evans,ee779c43a8926d52
23bd78c3f89bdb54,f0ac3761d3fdda3e,31ef8b67e13495b3,Tecia Pennington,75a6a390fd5dca46,Juliana Lima,Tecia Pennington,31ef8b67e13495b3
23bd78c3f89bdb54,7f3bd3b913df61f4,06f36cf4bd97ec77,Ed Herman,5d7bdab5e03e3216,CB Dollaway,CB Dollaway,5d7bdab5e03e3216
23bd78c3f89bdb54,c94c3e4bbed24421,f0feeb2192937424,Angela Hill,b4c6c904a9ffc5e8,Ashley Yoder,Angela Hill,f0feeb2192937424
23bd78c3f89bdb54,88c2da7b33cca8d4,7d96bc577e5178b2,Gray Maynard,88cd34d836b4ebcd,Teruto Ishihara,Gray Maynard,7d96bc577e5178b2
23bd78c3f89bdb54,0d5356c506111a57,511e82663651438d,Michael Johnson,9e8f6c728eb01124,Justin Gaethje,Justin Gaethje,9e8f6c728eb01124
23bd78c3f89bdb54,6ec0a046de95fe16,0c6d9ea8306c029e,Brad Tavares,34f88592c0ab7a54,Elias Theodorou,Brad Tavares,0c6d9ea8306c029e
23bd78c3f89bdb54,5934de85b9c53e7c,e9213f53ddeca978,Dhiego Lima,dd992d569aaebee6,Jesse Taylor,Jesse Taylor,dd992d569aaebee6
23bd78c3f89bdb54,3e5a3ecd2b123fc2,99bcdf5eac39898f,Jordan Johnson,d761b3766e38c5db,Marcel Fortuna,Jordan Johnson,99bcdf5eac39898f
23bd78c3f89bdb54,6f836a82a0530884,32c355b04fc57f3a,Marc Diakiese,7cbf7c78d3b34218,Drakkar Klose,Drakkar Klose,7cbf7c78d3b34218
243b07fc65ccbb16,d6482fcb69b04904,777dea713da2441d,Valmir Lazaro,e51fcd9cd84c0b93,Michel Prazeres,Michel Prazeres,e51fcd9cd84c0b93
243b07fc65ccbb16,34a39beb93225e2e,3974fa35c917af1d,Ricardo Lamas,82e7929bf6c2b689,Diego Sanchez,Diego Sanchez,82e7929bf6c2b689
243b07fc65ccbb16,d3ccf71e68480007,84b3e7d38f2d2ec5,Neil Magny,8c0580d4fff106c1,Kelvin Gastelum,Neil Magny,84b3e7d38f2d2ec5
243b07fc65ccbb16,e8d087f822be7b02,b102c26727306ab6,Jussier Formiga,056c493bbd76a918,Henry Cejudo,Henry Cejudo,056c493bbd76a918
243b07fc65ccbb16,83b32e9300fec365,af62f99eb7606308,Erik Perez,8b1ed83b02303075,Taylor Lapilus,Taylor Lapilus,8b1ed83b02303075
243b07fc65ccbb16,4e3611c9a9e20ff0,83fd97284f4bb4a4,Efrain Escudero,159da492e000afbf,Leandro Silva,Leandro Silva,159da492e000afbf
243b07fc65ccbb16,2a702055a79d95a7,4b8fb0453a596b8e,Hector Urbina,e17ac6410c8377f4,Bartosz Fabinski,Bartosz Fabinski,e17ac6410c8377f4
243b07fc65ccbb16,4339e30a856c1da8,80daefbed11ce998,Alejandro Perez,0b64d0fed453ef7f,Scott Jorgensen,Alejandro Perez,80daefbed11ce998
243b07fc65ccbb16,f5eae75fc240aaa6,436f970c9ea9169c,Gabriel Benitez,8fd808923cffff82,Andre Fili,Andre Fili,8fd808923cffff82
24b033b3daf1c9df,38ea5a7a5b4932cb,33011768c3c4dc9a,Terry Etim,6a2f7c151031653d,Rafael Dos Anjos,Rafael Dos Anjos,6a2f7c151031653d
24b033b3daf1c9df,63f744d672fbb8b4,1f454354805b6f75,Anderson Silva,427b5953ac8e3a27,Demian Maia,Anderson Silva,1f454354805b6f75
24b033b3daf1c9df,3a1d4016452477f5,5b407acfe0ef9b76,Nick Osipczak,5b5307450405abf0,Rick Story,Rick Story,5b5307450405abf0
24b033b3daf1c9df,e1f77d40503e5259,3c6976f8182d9527,Alexander Gustafsson,902ab9197b83d0db,Phil Davis,Alexander Gustafsson,3c6976f8182d9527
24b033b3daf1c9df,29c9e57b23116aa2,73c7cfa551289285,BJ Penn,f2688492b9a525a3,Frankie Edgar,Frankie Edgar,f2688492b9a525a3
24b033b3daf1c9df,354a92ca4fd824a1,234f3767ff0e5701,Kendall Grove,179f1948dc234f1f,Mark Munoz,Mark Munoz,179f1948dc234f1f
24b033b3daf1c9df,2fec2ba8ea346a3a,7691a80e6ca3e55b,Jon Madsen,1cf1310684a841f5,Mostapha Al-Turk,Jon Madsen,7691a80e6ca3e55b
24b033b3daf1c9df,867904bc58d656df,322a56923b396b4d,DaMarques Johnson,7e69a4b0961aa555,Brad Blackburn,Brad Blackburn,7e69a4b0961aa555
253d3f9e97ca149a,a2ebb5f86eb64f22,4b93a88f3b1de35b,Michael Chandler,22a92d7f62195791,Tony Ferguson,Tony Ferguson,22a92d7f62195791
253d3f9e97ca149a,c020ccbd7cdefb6e,140745cbbcb023ac,Mauricio Rua,50db8711c70196cd,Ovince Saint Preux,Mauricio Rua,140745cbbcb023ac
253d3f9e97ca149a,7d4e49d8a6678157,07225ba28ae309b6,Charles Oliveira,9e8f6c728eb01124,Justin Gaethje,Charles Oliveira,07225ba28ae309b6
253d3f9e97ca149a,9d61012a6020516e,47b63240018d5d86,Rose Namajunas,d910665038efc639,Carla Esparza,Carla Esparza,d910665038efc639
253d3f9e97ca149a,430309e0f8a315d5,78f485f851891d68,Journey Newson,9e92e1ca498d7244,Fernie Garcia,Journey Newson,78f485f851891d68
253d3f9e97ca149a,88455c967a7ef6fc,c0d5c0c95c59050b,Ariane Carnelossi,8e5d953bdb9ae5e7,Loopy Godinez,Loopy Godinez,8e5d953bdb9ae5e7
253d3f9e97ca149a,60d9d50b763adc62,68d4a891e5cf2029,Tracy Cortez,a4a80dd7336ffd59,Melissa Gatto,Tracy Cortez,68d4a891e5cf2029
253d3f9e97ca149a,80ac36a9dbc4b1a1,6e15f63b6c2e2c15,Brandon Royval,67c1d46f4ed16f9e,Matt Schnell,Brandon Royval,6e15f63b6c2e2c15
253d3f9e97ca149a,8289033e03b4d9a3,102a8fdf8cbf7467,Kleydson Rodrigues,077e3ace32b72be9,CJ Vergara,Kleydson Rodrigues,102a8fdf8cbf7467
253d3f9e97ca149a,397dd9a8694ef413,33efaf2d0941cfcf,Andre Fialho,87e2468b986ebb79,Cameron VanCamp,Andre Fialho,33efaf2d0941cfcf
253d3f9e97ca149a,6a902b97ac98c283,a8283a4f415e1eb9,Francisco Trinaldo,a6cba6bb66c1a8c9,Danny Roberts,Francisco Trinaldo,a8283a4f415e1eb9
253d3f9e97ca149a,8390441d93736719,c6aee362c7a7d482,Randy Brown,2558ae2e5671e318,Khaos Williams,Randy Brown,c6aee362c7a7d482
253d3f9e97ca149a,fc4939b3c9071e66,9cdd2da1a9104a0b,Macy Chiasson,d3f5d33d61cd00c9,Norma Dumont,Norma Dumont,d3f5d33d61cd00c9
253d3f9e97ca149a,ff6c8dab41efcc09,1788eee370f077b7,Blagoy Ivanov,ab943cd2c3c17825,Marcos Rogerio de Lima,Marcos Rogerio de Lima,ab943cd2c3c17825
2549d63da9c456cb,c9d3ccbfef600989,73c7cfa551289285,BJ Penn,029880cdbf5ca089,Sean Sherk,Sean Sherk,029880cdbf5ca089
2549d63da9c456cb,bd5edc0bfa0db8c8,f7a7f7118d4b01b6,Lyoto Machida,2f732dd9210d301f,Tito Ortiz,Lyoto Machida,f7a7f7118d4b01b6
2549d63da9c456cb,628d02b6046d5f73,68dd7b3783c19f9c,Shane Carwin,f1b2a4365799c48b,Christian Wellisch,Shane Carwin,68dd7b3783c19f9c
2549d63da9c456cb,004b9368337d3cd6,d1152823307d7e7c,Rameau Thierry Sokoudjou,b034747dc1d15491,Kazuhiro Nakamura,Rameau Thierry Sokoudjou,d1152823307d7e7c
2549d63da9c456cb,c5bef3da17e595ee,132f860d02953f4c,Goran Reljic,af5b208e97f5d382,Wilson Gouveia,Wilson Gouveia,af5b208e97f5d382
2549d63da9c456cb,02d2da0420fbdd39,7d21de9c6d7c98b2,Rich Clementi,33011768c3c4dc9a,Terry Etim,Rich Clementi,7d21de9c6d7c98b2
2549d63da9c456cb,e57d1260201e5101,2924886ee9c4c527,Thiago Silva,3795fca327cbcf23,Antonio Mendes,Thiago Silva,2924886ee9c4c527
2549d63da9c456cb,6baa381a75582d98,a1f6999fe57236e0,Wanderlei Silva,b9d0fd83bb8a147a,Keith Jardine,Wanderlei Silva,a1f6999fe57236e0
269d103c96a4c3a5,ae0b5ab5bc4bb6a7,22a92d7f62195791,Tony Ferguson,d1e7fc58d4225cdf,Danny Castillo,Tony Ferguson,22a92d7f62195791
269d103c96a4c3a5,e8c16b26a4bfe163,c849740a3ff51931,TJ Dillashaw,a4e85a58fbce64b2,Joe Soto,TJ Dillashaw,c849740a3ff51931
269d103c96a4c3a5,1748b2b5aabe23a5,22aa91e402d0fe1f,Ramsey Nijem,f53d4f21d1b5f2dc,Diego Ferreira,Diego Ferreira,f53d4f21d1b5f2dc
269d103c96a4c3a5,bd83e4a6f216230f,9450848a71d53776,Lorenz Larkin,b1a3e0aca758b322,Derek Brunson,Derek Brunson,b1a3e0aca758b322
269d103c96a4c3a5,7cfb05c08ec91525,813550bc53b15fb0,Yancy Medeiros,29af297d9f1de0f8,Damon Jackson,Damon Jackson,29af297d9f1de0f8
269d103c96a4c3a5,c303b8a07d0d06d2,7e208569469c8bc8,Ruan Potts,c727c7d31c50c4cf,Anthony Hamilton,Anthony Hamilton,c727c7d31c50c4cf
2719f300b0439039,62d53ad8f8769666,a7151778b3381036,Kurt Holobaugh,d2cd7a69cc55e7ed,Austin Hubbard,Austin Hubbard,d2cd7a69cc55e7ed
2719f300b0439039,845e38dfbfea6e53,1ebe20ebbfa15e29,Zhang Weili,3df5493bb279226f,Amanda Lemos,Zhang Weili,1ebe20ebbfa15e29
2719f300b0439039,1a95cc401f68f4c8,3a8176e15b9887c1,Chris Weidman,0c6d9ea8306c029e,Brad Tavares,Chris Weidman,3a8176e15b9887c1
2719f300b0439039,fd4d30036a3f3efb,da22387a0407a2dc,Da'Mon Blackshear,bc711b6dd95c1af6,Mario Bautista,Mario Bautista,bc711b6dd95c1af6
2719f300b0439039,9f7c28381b6913c8,5f61780fe5e9b6d0,Andre Petroski,6ac9bc2953c47345,Gerald Meerschaert,Andre Petroski,5f61780fe5e9b6d0
2719f300b0439039,e9754f597ec50f6f,7b433309b0fd12aa,Brad Katona,700a674c042b7a96,Cody Gibson,Brad Katona,7b433309b0fd12aa
2719f300b0439039,78d2c01dc963f204,84b3e7d38f2d2ec5,Neil Magny,442c9011034ae1fd,Ian Machado Garry,Ian Machado Garry,442c9011034ae1fd
2719f300b0439039,f995ed679ef8bdf4,d1c65d2cf2925ddd,Gregory Rodrigues,0112352cb32f5026,Denis Tiuliulin,Gregory Rodrigues,d1c65d2cf2925ddd
2719f300b0439039,f329bd89e375d6df,9d62c2d8ee151f08,Karine Silva,b4192a975027aab6,Maryna Moroz,Karine Silva,9d62c2d8ee151f08
2719f300b0439039,8c7b5b21b3532027,05fa626cb33d15b8,Andrea Lee,262d32ebda89efc4,Natalia Silva,Natalia Silva,262d32ebda89efc4
2719f300b0439039,ee796ecb4ee8680b,cb696ebfb6598724,Aljamain Sterling,b50a426a33da0012,Sean O'Malley,Aljamain Sterling,cb696ebfb6598724
2719f300b0439039,621e6f0929a3dbfc,7c7332319c14094c,Marlon Vera,6bd02119599741a4,Pedro Munhoz,Marlon Vera,7c7332319c14094c
271fe91f4ba9d2c5,06a75406d3dd5cfd,cb46dface0e28a2c,Jorge Rivera,8a8a84b743ae7699,Dennis Hallman,Jorge Rivera,cb46dface0e28a2c
271fe91f4ba9d2c5,f15be91b30b11e0c,d512d9f204059f57,Joe Riggs,91acd6910b802a9e,Chris Lytle,Joe Riggs,d512d9f204059f57
271fe91f4ba9d2c5,e917559aedf85a98,fcffee71cff5530e,Forrest Griffin,817e0bdf08efce2e,Elvis Sinosic,Forrest Griffin,fcffee71cff5530e
271fe91f4ba9d2c5,75926dd5b984aa06,d468288756ae3982,Renato Sobral,48d1f690b763934c,Chael Sonnen,Chael Sonnen,48d1f690b763934c
271fe91f4ba9d2c5,1c45d0feab67364f,3738e68d2261e60f,Andrei Arlovski,f0abbb6f3444dae7,Paul Buentello,Andrei Arlovski,3738e68d2261e60f
27541033b97c076d,512af32553d9bd70,57b10fca4f9c9a7a,Alex Oliveira,c6aee362c7a7d482,Randy Brown,Randy Brown,c6aee362c7a7d482
27541033b97c076d,1820fed0fbcf6294,65578a75fa7900e3,Uriah Hall,3a8176e15b9887c1,Chris Weidman,Chris Weidman,3a8176e15b9887c1
27541033b97c076d,6d8da45352344964,1ebe20ebbfa15e29,Zhang Weili,47b63240018d5d86,Rose Namajunas,Zhang Weili,1ebe20ebbfa15e29
27541033b97c076d,34d2632fd26e7078,132deb59abae64b1,Valentina Shevchenko,6a1901c62ab3870f,Jessica Andrade,Valentina Shevchenko,132deb59abae64b1
27541033b97c076d,6a5eb525331fa1fc,f1b2aa7853d1ed6e,Kamaru Usman,47b9e0e7703a4868,Jorge Masvidal,Kamaru Usman,f1b2aa7853d1ed6e
27541033b97c076d,c5dfce1eaa2dc169,8be158ca1e5ea6a0,Dwight Grant,348dff4e03bd18c6,Stefan Sekulic,Dwight Grant,8be158ca1e5ea6a0
27541033b97c076d,f5dd0a24a7dba53c,37d5b176d438d2a5,Karl Roberson,2f181c0467965b98,Brendan Allen,Brendan Allen,2f181c0467965b98
27541033b97c076d,c3b8d8e7d256c307,ec18eb918121787c,Kazula Vargas,a13d755965a4ec9f,Rongzhu,Rongzhu,a13d755965a4ec9f
27541033b97c076d,a3cde349c8e018fb,ec0dcceace7d25a3,Liang Na,c0d5c0c95c59050b,Ariane Carnelossi,Ariane Carnelossi,c0d5c0c95c59050b
27541033b97c076d,6a7347d1da8a2b87,b8bbdeff718dbb7d,Pat Sabatini,2ebfbe72ed703925,Tristan Connelly,Pat Sabatini,b8bbdeff718dbb7d
27541033b97c076d,b5a8323de18f7e95,7d420039bbfe7c1a,Aoriqileng,008ea710276c9606,Jeff Molina,Jeff Molina,008ea710276c9606
27541033b97c076d,eb5d62bda1581c62,3b0a516d2921e0d6,Batgerel Danaa,0c258d1d8e16e5f1,Kevin Natividad,Batgerel Danaa,3b0a516d2921e0d6
27541033b97c076d,00bbcd4a6d647fdf,d4c9dcd330403612,Anthony Smith,70e1f8a821b72c8b,Jimmy Crute,Anthony Smith,d4c9dcd330403612
277ffed20cf07aea,559c0c3d752f327a,e13abac8089a801a,Justin Tafa,2b68d9f125d07b42,Jared Vanderaa,Justin Tafa,e13abac8089a801a
277ffed20cf07aea,e624d85a0d718578,523fa774700d7d3f,Court McGee,6f7c616b98e18c29,Claudio Silva,Claudio Silva,6f7c616b98e18c29
277ffed20cf07aea,82d48296fd06c27f,029afd138865d20a,Rafael Alves,135d124172a0bea3,Damir Ismagulov,Damir Ismagulov,135d124172a0bea3
277ffed20cf07aea,d44a814b106b94ff,9ada30894bf04e19,David Dvorak,4a043165cf47cab2,Juancamilo Ronderos,David Dvorak,9ada30894bf04e19
277ffed20cf07aea,3627f5133ce55902,bd58d34e39b7b12a,Ben Rothwell,7a5e8c94a86f9895,Chris Barnett,Ben Rothwell,bd58d34e39b7b12a
277ffed20cf07aea,d16f7ab4e28171ea,05339613bf8e9808,Rob Font,d8c7c61b176e3994,Cody Garbrandt,Rob Font,05339613bf8e9808
277ffed20cf07aea,ae0afbff5ba07a34,1ae8f3c723aacff4,Ricardo Ramos,9abc648e76c4493a,Bill Algeo,Ricardo Ramos,1ae8f3c723aacff4
277ffed20cf07aea,7f8340dfe4220c3e,0a1942069c9ad6b6,Jack Hermansson,4144798612ef96e5,Edmen Shahbazyan,Jack Hermansson,0a1942069c9ad6b6
277ffed20cf07aea,b381dc272b32ce03,294aa73dbf37d281,Bruno Silva,f6e5972c9d16c40e,Victor Rodriguez,Bruno Silva,294aa73dbf37d281
277ffed20cf07aea,c7cf2194fe5c751f,6751eacd16bd59bc,Josh Culibao,0a73acff6325c1e2,Shayilan Nuerdanbieke,Shayilan Nuerdanbieke,0a73acff6325c1e2
277ffed20cf07aea,138f719d370e8ba0,39d91e95949de3d9,Felicia Spencer,d3f5d33d61cd00c9,Norma Dumont,Norma Dumont,d3f5d33d61cd00c9
277ffed20cf07aea,16369fa06392f6a0,c41d426cc7326d1b,Yan Xiaonan,d910665038efc639,Carla Esparza,Yan Xiaonan,c41d426cc7326d1b
279093302a6f44b3,2822226962195259,5b2d7906aa894274,Mike Massenzio,1fd4fbdcc67de844,Drew McFedries,Drew McFedries,1fd4fbdcc67de844
279093302a6f44b3,d460961065f1198b,c47df9303d318c67,Clay Guida,86f582852a5b240a,Mac Danzig,Clay Guida,c47df9303d318c67
279093302a6f44b3,f6ea148cfeb1aaf7,3bad7ef643840f67,Joe Lauzon,a6959da32f0e6b5d,Kyle Bradley,Joe Lauzon,3bad7ef643840f67
279093302a6f44b3,505d3d9b006014c8,f59f1d3a2ff13edd,Eric Schafer,0541480fbf719d86,Houston Alexander,Eric Schafer,f59f1d3a2ff13edd
279093302a6f44b3,3818a33c9103c88f,4130a743d9d22163,Alan Belcher,06f36cf4bd97ec77,Ed Herman,Alan Belcher,4130a743d9d22163
279093302a6f44b3,43e8fcd8e4d015fb,af5b208e97f5d382,Wilson Gouveia,aae99701b21554e4,Ryan Jensen,Wilson Gouveia,af5b208e97f5d382
279093302a6f44b3,9fc232c3829a1ef0,8355922d564b152c,Nate Diaz,d1a1314976c50bef,Josh Neer,Nate Diaz,8355922d564b152c
279093302a6f44b3,1992dcae0699200e,d0c29452d3272603,Dan Miller,054defd5420a551f,Rob Kimmons,Dan Miller,d0c29452d3272603
282fa667ff9c51ed,a60ba933a7ea898e,ba280572acfba13f,Matt Mitrione,219a254e15d60135,Tim Hague,Matt Mitrione,ba280572acfba13f
282fa667ff9c51ed,a245b4d0a7861fb8,322a56923b396b4d,DaMarques Johnson,eaea0fc7b76525a8,Mike Guymon,Mike Guymon,eaea0fc7b76525a8
282fa667ff9c51ed,dc58af0c02a42743,282fa667ff9c51ed,Cole Miller,eb29176b03dfa888,Matt Wiman,Matt Wiman,eb29176b03dfa888
282fa667ff9c51ed,ba5b23e7ef308883,94527830000ab715,Rani Yahya,e0b74df14f52cd15,Mike Brown,Rani Yahya,94527830000ab715
282fa667ff9c51ed,ab8b506dd2277da3,7be63795363029e8,Cody McKenzie,5f04e3d58d9ce982,Yves Edwards,Yves Edwards,5f04e3d58d9ce982
282fa667ff9c51ed,89cb6801b51f2216,901cddcbfa079097,Will Campuzano,b2e3aca4cd363477,Chris Cariaso,Chris Cariaso,b2e3aca4cd363477
282fa667ff9c51ed,4abf375aa97364f6,658c3465581ae46b,Pat Barry,46baf0f57edfa4df,Joey Beltran,Pat Barry,658c3465581ae46b
282fa667ff9c51ed,9a71dc94152a76ac,0a97691039c4bbfb,Mark Hominick,3c0437fbeda06962,George Roop,Mark Hominick,0a97691039c4bbfb
282fa667ff9c51ed,6963c65b49e47277,ccd1299e0345e0ce,Melvin Guillard,e5c9de15bb58b1c6,Evan Dunham,Melvin Guillard,ccd1299e0345e0ce
28d8638ea0a71908,77f960d82cda0b76,1091d4d957141094,Nikita Krylov,ef5dcb10d2bd4b0f,Bogdan Guskov,Nikita Krylov,1091d4d957141094
28d8638ea0a71908,582d66ce97309e29,06734ca9d88dec3a,Shara Magomedov,8e9eb3fc86db0f7d,Marc-Andre Barriault,Shara Magomedov,06734ca9d88dec3a
28d8638ea0a71908,e72c691b7c68b03a,d9c6f19f958643e9,Bryce Mitchell,0fd5f4b838e890cc,Said Nurmagomedov,Bryce Mitchell,d9c6f19f958643e9
28d8638ea0a71908,6b8be0ee3e569ad2,e1147d3d2dabe1ce,Robert Whittaker,d549cefc7c54ab78,Reinier de Ridder,Robert Whittaker,e1147d3d2dabe1ce
28d8638ea0a71908,0a598768f5c8d540,8eb046f83e82bf26,Martin Buday,095854a135e6db55,Marcus Buchecha,Martin Buday,8eb046f83e82bf26
28d8638ea0a71908,f9dac7702609669f,6e8f1bcdda94ff45,Ibo Aslan,07a74004d964c7f4,Billy Elekana,Ibo Aslan,6e8f1bcdda94ff45
28d8638ea0a71908,7c075e3383198e14,447f9858ae78f921,Muslim Salikhov,28d421729451c8ca,Carlos Leal,Muslim Salikhov,447f9858ae78f921
28d8638ea0a71908,017a825c7820d12e,113df4fde64735c6,Davey Grant,da22387a0407a2dc,Da'Mon Blackshear,Da'Mon Blackshear,da22387a0407a2dc
28d8638ea0a71908,23ddf51ce630028d,3753714927f18437,Mohammad Yahya,69037fc7730e4225,Steven Nguyen,Steven Nguyen,69037fc7730e4225
28d8638ea0a71908,3e6067763978d862,beecb672a279223e,Amanda Ribas,d25240135aee03e5,Tabatha Ricci,Tabatha Ricci,d25240135aee03e5
28d8638ea0a71908,d4d4ee045b0ca695,d661ce4da776fc20,Petr Yan,c0ac37a4a1133da9,Marcus McGhee,Petr Yan,d661ce4da776fc20
28d8638ea0a71908,887c61da1a78a5e1,8d3273573b85be09,Asu Almabayev,88be62d6c1e6dadb,Jose Ochoa,Asu Almabayev,8d3273573b85be09
28f3c2258a1d8874,25cb0e15dfc8deb3,ee779c43a8926d52,Rashad Evans,48d1f690b763934c,Chael Sonnen,Chael Sonnen,48d1f690b763934c
28f3c2258a1d8874,6c1fa30e1dd38c0b,cbd5d3cdd862e90e,Rory MacDonald,f2925e6db404bf1d,Robbie Lawler,Rory MacDonald,cbd5d3cdd862e90e
28f3c2258a1d8874,67222a0d79c83086,1d00756835ca67c9,Donald Cerrone,e5c9de15bb58b1c6,Evan Dunham,Donald Cerrone,1d00756835ca67c9
28f3c2258a1d8874,e9ed827818e8cadf,06f36cf4bd97ec77,Ed Herman,cfb65863d5099327,Thales Leites,Thales Leites,cfb65863d5099327
28f3c2258a1d8874,3081e6e1bc1235a8,c96d9178c9ed9e62,Tim Elliott,3dd92ff9fb0412b3,Ali Bagautinov,Ali Bagautinov,3dd92ff9fb0412b3
28f3c2258a1d8874,9bec9d2d0dd1d7f7,32ba186f4b0e3267,Brian Ebersole,5b5307450405abf0,Rick Story,Brian Ebersole,32ba186f4b0e3267
28f3c2258a1d8874,9cc0582c703637aa,af62f99eb7606308,Erik Perez,bbfca6d5c27d9cd8,Edwin Figueroa,Erik Perez,af62f99eb7606308
28f3c2258a1d8874,7ff036c99621eb1c,6506c1d34da9c013,Georges St-Pierre,0941df56f6ac954b,Johny Hendricks,Georges St-Pierre,6506c1d34da9c013
28f3c2258a1d8874,1f5c71dd2a0672ac,dd37fd509af89f15,Josh Koscheck,effd9de9937996f8,Tyron Woodley,Tyron Woodley,effd9de9937996f8
28f3c2258a1d8874,d8b864e673f53ec2,7bc96507e4b38d3b,Cody Donovan,fcd448a2fe1a23cc,Gian Villante,Gian Villante,fcd448a2fe1a23cc
28f3c2258a1d8874,55f4c3598797ce6f,901cddcbfa079097,Will Campuzano,de75d1c45a39e221,Sergio Pettis,Sergio Pettis,de75d1c45a39e221
29b5791e51e7e832,1df12710cfdb60f4,31123249b0bbf52e,Matt Brown,0359313549d230a1,Pete Sell,Matt Brown,31123249b0bbf52e
29b5791e51e7e832,d9d7e8e9149e61b1,234f3767ff0e5701,Kendall Grove,a6fd2173d5e2d7f0,Jason Day,Kendall Grove,234f3767ff0e5701
29b5791e51e7e832,21b02cb26307ac0f,2db7fa8db6bc9632,Shane Nelson,f2c8ebbeafd45f2b,Aaron Riley,Shane Nelson,2db7fa8db6bc9632
29b5791e51e7e832,789a8911fcd6de13,7d96bc577e5178b2,Gray Maynard,d1941565abf50b16,Jim Miller,Jim Miller,d1941565abf50b16
29b5791e51e7e832,011d818ec9bb3de6,ffc088e64fab57e9,Quinton Jackson,b9d0fd83bb8a147a,Keith Jardine,Quinton Jackson,ffc088e64fab57e9
29b5791e51e7e832,038c472ae3fd7728,68dd7b3783c19f9c,Shane Carwin,270b89c00ef0c55c,Gabriel Gonzaga,Shane Carwin,68dd7b3783c19f9c
29b5791e51e7e832,798ca95afb5875ef,98b80a717b9bda17,Matt Hamill,179f1948dc234f1f,Mark Munoz,Matt Hamill,98b80a717b9bda17
29b5791e51e7e832,39b79764bbac93cb,497ba5b12a4bfc47,Jason Brilz,c80095f6092271a7,Tim Boetsch,Tim Boetsch,c80095f6092271a7
2a470ad41c22c25a,a43dcd04788d95c7,2f13e4020cea5b38,Raphael Assuncao,5987b2458f4b5290,Ricky Simon,Ricky Simon,5987b2458f4b5290
2a470ad41c22c25a,4b7ec02b39fc6f70,d3df1add9d9a7efb,Derrick Lewis,d0aaedcf7ccd0b45,Chris Daukaus,Derrick Lewis,d3df1add9d9a7efb
2a470ad41c22c25a,b4f88d65b47c2a39,f1d64ae34e088832,Charles Jourdain,5f6f049d54728e88,Andre Ewell,Charles Jourdain,f1d64ae34e088832
2a470ad41c22c25a,a760d0f5de2e1aaa,1a9480fc288e55d7,Don'Tale Mayes,b5da8f7d05e85a55,Josh Parisian,Don'Tale Mayes,1a9480fc288e55d7
2a470ad41c22c25a,ea76a3af8c5ecc55,ac026518a9b4dc0f,Jordan Leavitt,5b8ba8f5512893b1,Matt Sayles,Jordan Leavitt,ac026518a9b4dc0f
2a470ad41c22c25a,2e200563dd7c4922,3df5493bb279226f,Amanda Lemos,f0feeb2192937424,Angela Hill,Amanda Lemos,3df5493bb279226f
2a470ad41c22c25a,8b3b38167060b1d7,4a28cb716c19157a,Stephen Thompson,b1b0729d27936f2f,Belal Muhammad,Belal Muhammad,b1b0729d27936f2f
2a470ad41c22c25a,730f14ccff80f3b0,f53d4f21d1b5f2dc,Diego Ferreira,72db2a14ffa73ece,Mateusz Gamrot,Mateusz Gamrot,72db2a14ffa73ece
2a470ad41c22c25a,2a5484a6d5e7a2da,d247691a6c0e9034,Cub Swanson,92a9aa9c93192871,Darren Elkins,Cub Swanson,d247691a6c0e9034
2a470ad41c22c25a,bdaca0a96d44438a,71505842fb6455c3,Dustin Stoltzfus,6ac9bc2953c47345,Gerald Meerschaert,Gerald Meerschaert,6ac9bc2953c47345
2a470ad41c22c25a,fc0927c657c51622,e13abac8089a801a,Justin Tafa,f703250471acaf96,Harry Hunsucker,Justin Tafa,e13abac8089a801a
2a470ad41c22c25a,dd552b389152636a,4234f0097c83fa62,Sijara Eubanks,a4a80dd7336ffd59,Melissa Gatto,Melissa Gatto,a4a80dd7336ffd59
2a470ad41c22c25a,85d9a516c3c6c205,fc169c387b4b465d,Raquel Pennington,9cdd2da1a9104a0b,Macy Chiasson,Raquel Pennington,fc169c387b4b465d
2a542ee8a8b83559,41b9240c854b0956,f7a7f7118d4b01b6,Lyoto Machida,2924886ee9c4c527,Thiago Silva,Lyoto Machida,f7a7f7118d4b01b6
2a542ee8a8b83559,a158e4ff7ea93d43,6506c1d34da9c013,Georges St-Pierre,73c7cfa551289285,BJ Penn,Georges St-Pierre,6506c1d34da9c013
2a542ee8a8b83559,c598261fac8cf23a,6f018c039b4d5d80,Jon Fitch,b2acebbef8da14ea,Akihiro Gono,Jon Fitch,6f018c039b4d5d80
2a542ee8a8b83559,e6dd15ef9fd7927e,8a59d346dc976a10,Thiago Tavares,cc6f9d1e89f3449a,Manvel Gamburyan,Thiago Tavares,8a59d346dc976a10
2a542ee8a8b83559,08f5bdfe45082ec5,fc31f896cde2bc2e,John Howard,a56607a451e4c70d,Chris Wilson,John Howard,fc31f896cde2bc2e
2a542ee8a8b83559,92e9c53671ac8fe7,c47df9303d318c67,Clay Guida,8355922d564b152c,Nate Diaz,Nate Diaz,8355922d564b152c
2a542ee8a8b83559,1cb28e867dd749b8,20bcc9966affb19c,Jake O'Brien,f1b2a4365799c48b,Christian Wellisch,Jake O'Brien,20bcc9966affb19c
2a542ee8a8b83559,afb9d3476c5caafa,07f72a2a7591b409,Jon Jones,c6a33ff198aaaeeb,Stephan Bonnar,Jon Jones,07f72a2a7591b409
2a6f8136da1e52c0,6a9e343bd12dfa64,029880cdbf5ca089,Sean Sherk,e0ec3c3b6b611f7e,Hermes Franca,Sean Sherk,029880cdbf5ca089
2a6f8136da1e52c0,eff9207427f0e02c,1f454354805b6f75,Anderson Silva,a8e6a69796280f17,Nate Marquardt,Anderson Silva,1f454354805b6f75
2a6f8136da1e52c0,19da32f5af2e8e2b,cb139171ed1b69fe,Kenny Florian,cbe79765d44bd172,Alvin Robinson,Kenny Florian,cb139171ed1b69fe
2a6f8136da1e52c0,2748001ead121b8a,f2688492b9a525a3,Frankie Edgar,cf9d24e4bd0cf2ce,Mark Bocek,Frankie Edgar,f2688492b9a525a3
2a6f8136da1e52c0,4dd2cd7da33e35d7,ee9d73f4fee9cbdd,Antonio Rodrigo Nogueira,7450525c7ba032a0,Heath Herring,Heath Herring,7450525c7ba032a0
2a74bbba57058f12,19d1ae54681bc722,cc7040fe76f0ef91,Devin Clark,333b9e5c723ac873,Aleksandar Rakic,Aleksandar Rakic,333b9e5c723ac873
2a74bbba57058f12,e909e34cdee01831,c03a5022f8439f2a,Chad Laprise,e9213f53ddeca978,Dhiego Lima,Chad Laprise,c03a5022f8439f2a
2a74bbba57058f12,4e55251b7a0df0c2,150ff4cc642270b9,Max Holloway,def8166ff24bd237,Brian Ortega,Max Holloway,150ff4cc642270b9
2a74bbba57058f12,48a2a476d3b59866,132deb59abae64b1,Valentina Shevchenko,3d6749c4267da18f,Joanna Jedrzejczyk,Valentina Shevchenko,132deb59abae64b1
2a74bbba57058f12,3a42dd84680f444b,57b10fca4f9c9a7a,Alex Oliveira,fd55393021a8c255,Gunnar Nelson,Gunnar Nelson,fd55393021a8c255
2a74bbba57058f12,7d679c16024f6f38,34f88592c0ab7a54,Elias Theodorou,cad24459b28592ca,Eryk Anders,Elias Theodorou,34f88592c0ab7a54
2a74bbba57058f12,41feee2c08af2235,7b433309b0fd12aa,Brad Katona,2fc7e9701642ca38,Matthew Lopez,Brad Katona,7b433309b0fd12aa
2a74bbba57058f12,e0e22d7bc5a293e8,2c9d00968f818270,Hakeem Dawodu,c5af5750e8bae4f0,Kyle Bochniak,Hakeem Dawodu,2c9d00968f818270
2a74bbba57058f12,00b1e95f6aea7027,e872e9a9a902c045,Katlyn Cerminara,f72465a784c1b084,Jessica Eye,Katlyn Cerminara,e872e9a9a902c045
2a74bbba57058f12,37a7dc68f3a0e65d,1e1dbd1cc5a7469e,Jimi Manuwa,dea070ed4a2a8281,Thiago Santos,Thiago Santos,dea070ed4a2a8281
2a74bbba57058f12,d5577e3272ef3032,ec34349e7dffcde7,Claudia Gadelha,d343df8ba11f4c4e,Nina Nunes,Claudia Gadelha,ec34349e7dffcde7
2a74bbba57058f12,fdc97f9b88bdef7d,f53d4f21d1b5f2dc,Diego Ferreira,31f8081c7600da93,Kyle Nelson,Diego Ferreira,f53d4f21d1b5f2dc
2a74bbba57058f12,1fa8537d3992a09a,55ee431411ccf07a,Olivier Aubin-Mercier,23024fdfc966410a,Gilbert Burns,Gilbert Burns,23024fdfc966410a
2a898bf9fb7710b3,ae89ba793121fe0c,4bdedbdeedff7d1d,Bolaji Oki,01c9e4013afce141,Michael Aswell,Bolaji Oki,4bdedbdeedff7d1d
2a898bf9fb7710b3,73240bea13ed5e71,02bb48869eb7ac8f,Rayanne dos Santos,87f8699fdcc2c404,Alice Ardelean,Alice Ardelean,87f8699fdcc2c404
2a898bf9fb7710b3,baa2ee0bf7f97079,65adf3856c4d9256,Jafel Filho,253076a23d03dcd0,Allan Nascimento,Allan Nascimento,253076a23d03dcd0
2a898bf9fb7710b3,2521fed000747f47,a7151778b3381036,Kurt Holobaugh,ac026518a9b4dc0f,Jordan Leavitt,Jordan Leavitt,ac026518a9b4dc0f
2a898bf9fb7710b3,ad68450307a21ab1,23dec7c47cb418f8,Zachary Reese,866fd7b1a6c90e7f,Dusko Todorovic,Zachary Reese,23dec7c47cb418f8
2a898bf9fb7710b3,7aaa810540132a4b,e4277e87a789d687,Dustin Jacoby,0abcf6bc47191219,Bruno Lopes,Dustin Jacoby,e4277e87a789d687
2a898bf9fb7710b3,212527d462690304,72db2a14ffa73ece,Mateusz Gamrot,5b86d491d63890c5,Ludovit Klein,Mateusz Gamrot,72db2a14ffa73ece
2a898bf9fb7710b3,106918bfbe24335d,b9706f80d005036c,Ketlen Vieira,9cdd2da1a9104a0b,Macy Chiasson,Ketlen Vieira,b9706f80d005036c
2a898bf9fb7710b3,305d8c85b35a7d4e,fa07345cc9db5cc9,Billy Ray Goff,3d074044a33825e7,Ramiz Brahimaj,Ramiz Brahimaj,3d074044a33825e7
2b1587a3376ab743,4a1f37200bc69376,817e0bdf08efce2e,Elvis Sinosic,8d26912cd2aeb366,Jeremy Horn,Jeremy Horn,8d26912cd2aeb366
2b1587a3376ab743,f8820294bbe01486,2f732dd9210d301f,Tito Ortiz,8f2d9ee27f206f1f,Evan Tanner,Tito Ortiz,2f732dd9210d301f
2b1587a3376ab743,a38ec65ac140fcf8,44260175069b6276,Jens Pulver,eb1723480fa2f96c,Caol Uno,Caol Uno,eb1723480fa2f96c
2b4faacc16d66898,69ecd4aa5a550f7b,1fcfc3709fe58151,Peter Sobotta,9d19d9e4aa2662e8,Nicolas Dalby,Nicolas Dalby,9d19d9e4aa2662e8
2b4faacc16d66898,0549b655619774c5,3c6976f8182d9527,Alexander Gustafsson,99df7d0a2a08a8a8,Jan Blachowicz,Alexander Gustafsson,3c6976f8182d9527
2b4faacc16d66898,c5c1deb1607f69b4,9b7694d064a8a0ad,Rustam Khabilov,159da492e000afbf,Leandro Silva,Rustam Khabilov,9b7694d064a8a0ad
2b4faacc16d66898,bd887c173d3050bf,fc6e681bf6658faf,Ashlee Evans-Smith,4798e823ada58fe9,Veronica Hardy,Veronica Hardy,4798e823ada58fe9
2b4faacc16d66898,f24144fbe9e32c10,8b1ed83b02303075,Taylor Lapilus,d1e1fdcea7c8a90a,Leandro Issa,Taylor Lapilus,8b1ed83b02303075
2b4faacc16d66898,d38cd293a0c3fdfd,06827d70c53ff0d9,Scott Askham,0a1942069c9ad6b6,Jack Hermansson,Jack Hermansson,0a1942069c9ad6b6
2b4faacc16d66898,5237736e6b37c609,c0ab242c40decc55,Ryan Bader,e9a3aeb207578eea,Ilir Latifi,Ryan Bader,c0ab242c40decc55
2b4faacc16d66898,31dd8b5d6444f19b,2816ced060a21be3,Nick Hein,9a2d3567abc02e34,Tae Hyun Bang,Tae Hyun Bang,9a2d3567abc02e34
2b4faacc16d66898,a3b972117a3998ee,3738e68d2261e60f,Andrei Arlovski,ad3f53c454cbbead,Josh Barnett,Josh Barnett,ad3f53c454cbbead
2c104b7e59a72629,a072be4f806d360f,351c4ec637380ad5,Karol Rosa,e99821959a840bb8,Lara Procopio,Karol Rosa,351c4ec637380ad5
2c104b7e59a72629,2e001d8c2f6106fc,1897b7b913736a7c,Alatengheili,3b0a516d2921e0d6,Batgerel Danaa,Batgerel Danaa,3b0a516d2921e0d6
2c104b7e59a72629,55480808b1fa1f9c,e64b96c07d7ce999,Li Jingliang,8adcbd525fab8d9b,Elizeu Zaleski dos Santos,Elizeu Zaleski dos Santos,8adcbd525fab8d9b
2c104b7e59a72629,b07188063c49b755,853eb0dd5c0e2149,Kai Kara-France,f57dd0bfa8c17813,Mark De La Rosa,Kai Kara-France,853eb0dd5c0e2149
2c104b7e59a72629,8182dbc752c71137,285ae0b4a68221f4,JunYong Park,093e1f5bb73850be,Anthony Hernandez,Anthony Hernandez,093e1f5bb73850be
2c104b7e59a72629,676561d9690ce31d,32490e80ddab1e5a,Song Kenan,714e1e0681ddb703,Derrick Krantz,Song Kenan,32490e80ddab1e5a
2c104b7e59a72629,357cf8a9b6737625,6a1901c62ab3870f,Jessica Andrade,1ebe20ebbfa15e29,Zhang Weili,Zhang Weili,1ebe20ebbfa15e29
2c104b7e59a72629,5ff390f7bbf2bec8,74f9448b97bf8bec,Da Woon Jung,c3218c810959d279,Khadis Ibragimov,Da Woon Jung,74f9448b97bf8bec
2c104b7e59a72629,09b91014bd88f815,3cf18e01cb6cbde3,Sumudaerji,d0e50a3d1b250708,Andre Soukhamthath,Sumudaerji,3cf18e01cb6cbde3
2c104b7e59a72629,060dfbc982c6c4ef,135d124172a0bea3,Damir Ismagulov,d945aae53e3e54e6,Thiago Moises,Damir Ismagulov,135d124172a0bea3
2c104b7e59a72629,5f900e4437e079b3,fdbefee0827e1567,Wu Yanan,43a59ce3bb40449e,Mizuki,Mizuki,43a59ce3bb40449e
2c733e059462c1dc,6bcaa0de4003cc41,25f9a5f3e8a52618,Jhonata Diniz,d35f734c56a89103,Karl Williams,Karl Williams,d35f734c56a89103
2c733e059462c1dc,1332c1037c955d82,148bb103cfbf123e,Toshiomi Kazama,68b8ebdfce9dbb61,Charalampos Grigoriou,Charalampos Grigoriou,68b8ebdfce9dbb61
2c733e059462c1dc,1b5d5af1bc0a34c7,1b35af4d1529adf6,Stephanie Luciano,d35298b6df168456,Talita Alencar,Stephanie Luciano,1b35af4d1529adf6
2c733e059462c1dc,cd9851b8eadb53a9,52c2ae6d2f2d2613,Youssef Zalal,082eba4cd80f736f,Jarno Errens,Youssef Zalal,52c2ae6d2f2d2613
2c733e059462c1dc,a7ac1dfcdc083694,351c4ec637380ad5,Karol Rosa,91dac5e69e28d5b5,Pannie Kianzad,Karol Rosa,351c4ec637380ad5
2c733e059462c1dc,84973bbdffaf0d0e,c9cf753cfdf77fc2,Marcin Tybura,e2f6b2769aaedd6c,Serghei Spivac,Marcin Tybura,c9cf753cfdf77fc2
2c733e059462c1dc,6aa89b7b5350b8e2,45f0cc9d18f35137,Chris Gutierrez,32feae6d9a1e5047,Quang Le,Chris Gutierrez,45f0cc9d18f35137
2c733e059462c1dc,e72a2130e7387637,29af297d9f1de0f8,Damon Jackson,e0c6edcb5b5d0b90,Chepe Mariscal,Chepe Mariscal,e0c6edcb5b5d0b90
2c733e059462c1dc,7b4284bd3033a319,b7c5eb7cdbac6a63,Danny Barlow,0f1efce7d2571d10,Nikolay Veretennikov,Danny Barlow,b7c5eb7cdbac6a63
2c733e059462c1dc,e0b14afd93af5638,3143bf892608139a,Yana Santos,af9efbfd63d39734,Chelsea Chandler,Yana Santos,3143bf892608139a
2ce6541127b0e232,1bf7f647f309464e,b4eeac608fc82f88,Yves Jabouin,71002dbc1743b9a7,Felipe Arantes,Yves Jabouin,b4eeac608fc82f88
2ce6541127b0e232,20b70a226f1c13fb,b4192a975027aab6,Maryna Moroz,46a2f24feb258ae0,Valerie Letourneau,Valerie Letourneau,46a2f24feb258ae0
2ce6541127b0e232,3945b08be8d62861,501b07aec9b8fc2d,Sam Stout,96c336b463e0662c,Frankie Perez,Frankie Perez,96c336b463e0662c
2ce6541127b0e232,2d23ca9d8abc0c97,784285b7ae7dd85f,Shane Campbell,52ba464d9068d871,Elias Silverio,Elias Silverio,52ba464d9068d871
2ce6541127b0e232,21d6db22c6089308,ab943cd2c3c17825,Marcos Rogerio de Lima,1091d4d957141094,Nikita Krylov,Nikita Krylov,1091d4d957141094
2ce6541127b0e232,22e5596f75d9d8e7,67f272324a030d00,Misha Cirkunov,eeabcd4dc6619129,Daniel Jolly,Misha Cirkunov,67f272324a030d00
2ce6541127b0e232,05e2832cd5ffb7a6,150ff4cc642270b9,Max Holloway,07225ba28ae309b6,Charles Oliveira,Max Holloway,150ff4cc642270b9
2ce6541127b0e232,870a98d6f943d9b7,c03a5022f8439f2a,Chad Laprise,a8283a4f415e1eb9,Francisco Trinaldo,Francisco Trinaldo,a8283a4f415e1eb9
2ce6541127b0e232,2c01f4df404ff6ee,84b3e7d38f2d2ec5,Neil Magny,5866fc86183a9fb8,Erick Silva,Neil Magny,84b3e7d38f2d2ec5
2ce6541127b0e232,961246a6d621ef40,55ee431411ccf07a,Olivier Aubin-Mercier,57bad6a84230f0c9,Tony Sims,Olivier Aubin-Mercier,55ee431411ccf07a
2ce6541127b0e232,785dd27b03946f95,56c9acc4e86046a2,Chris Kelades,55f446032177b119,Chris Beal,Chris Beal,55f446032177b119
2ce6541127b0e232,499557c33e67deaf,9fa3bd637edd9aa2,Patrick Cote,6da99156486ed6c2,Joshua Burkman,Patrick Cote,9fa3bd637edd9aa2
2d5fbe2103f97053,851645c373f50e16,effd9de9937996f8,Tyron Woodley,f1b2aa7853d1ed6e,Kamaru Usman,Kamaru Usman,f1b2aa7853d1ed6e
2d5fbe2103f97053,bac3ac8d7330d05d,18968f97ad34f15c,Jeremy Stephens,87aa9fb63d6b51a1,Zabit Magomedsharipov,Zabit Magomedsharipov,87aa9fb63d6b51a1
2d5fbe2103f97053,3744d4cdaa6b242b,bf7ad5628363eec9,Cody Stamann,80daefbed11ce998,Alejandro Perez,Cody Stamann,bf7ad5628363eec9
2d5fbe2103f97053,97dabff880f33202,f2925e6db404bf1d,Robbie Lawler,0b31f87be71ebbb1,Ben Askren,Robbie Lawler,f2925e6db404bf1d
2d5fbe2103f97053,0405e4446e8f239a,9673a497a9da119a,Polyana Viana,2244d9a2b64b8c3b,Hannah Cifers,Polyana Viana,9673a497a9da119a
2d5fbe2103f97053,8adc6266a7c2fd40,016a8d958883167c,Gina Mazany,9cdd2da1a9104a0b,Macy Chiasson,Macy Chiasson,9cdd2da1a9104a0b
2d5fbe2103f97053,ec149b086b0e7fac,31ef8b67e13495b3,Tecia Pennington,1ebe20ebbfa15e29,Zhang Weili,Zhang Weili,1ebe20ebbfa15e29
2d5fbe2103f97053,e3826e06d68ed4af,82e7929bf6c2b689,Diego Sanchez,9e50097a89442158,Mickey Gall,Diego Sanchez,82e7929bf6c2b689
2d5fbe2103f97053,7a26c9407ef64e10,4144798612ef96e5,Edmen Shahbazyan,76ee3d666c648f6b,Charles Byrd,Edmen Shahbazyan,4144798612ef96e5
2d5fbe2103f97053,39fa341fb9161d6f,d8c7c61b176e3994,Cody Garbrandt,6bd02119599741a4,Pedro Munhoz,Cody Garbrandt,d8c7c61b176e3994
2d5fbe2103f97053,7adaf85915993137,67f272324a030d00,Misha Cirkunov,c21f26bbde777573,Johnny Walker,Johnny Walker,c21f26bbde777573
2d5fbe2103f97053,5b9f545890407976,07f72a2a7591b409,Jon Jones,d4c9dcd330403612,Anthony Smith,Jon Jones,07f72a2a7591b409
2db7fa8db6bc9632,81ec228bf7af0fc1,d81ac739417d7f53,Jake Ellenberger,0d506315895efffc,Sean Pierson,Jake Ellenberger,d81ac739417d7f53
2db7fa8db6bc9632,eb8e4c57d131fb46,cf9d24e4bd0cf2ce,Mark Bocek,2676b28836a5a836,Benson Henderson,Benson Henderson,2676b28836a5a836
2db7fa8db6bc9632,f0e299c134cbac37,f7a7f7118d4b01b6,Lyoto Machida,0aa92558424ced9e,Randy Couture,Lyoto Machida,f7a7f7118d4b01b6
2db7fa8db6bc9632,9c3c0818f0c32768,6506c1d34da9c013,Georges St-Pierre,fe435e440b5de0ff,Jake Shields,Georges St-Pierre,6506c1d34da9c013
2db7fa8db6bc9632,eb6a55ee772dd722,22edaf53ad59a967,Daniel Roberts,56116a79e4deed06,Claude Patrick,Claude Patrick,56116a79e4deed06
2db7fa8db6bc9632,6d83de8d54f75ffc,5755960ebd0b16f6,Ivan Menjivar,8a0be41c0380188d,Charlie Valencia,Ivan Menjivar,5755960ebd0b16f6
2db7fa8db6bc9632,12b94f0229c30ead,d0f3959b4a9747e6,Jose Aldo,0a97691039c4bbfb,Mark Hominick,Jose Aldo,d0f3959b4a9747e6
2db7fa8db6bc9632,6f0dc5319bf900dc,8355922d564b152c,Nate Diaz,cbd5d3cdd862e90e,Rory MacDonald,Rory MacDonald,cbd5d3cdd862e90e
2db7fa8db6bc9632,5aef2af22f5f2fbd,2be6596a9db33bf5,Jason MacDonald,aae99701b21554e4,Ryan Jensen,Jason MacDonald,2be6596a9db33bf5
2db7fa8db6bc9632,8348ff428d1687ab,b4eeac608fc82f88,Yves Jabouin,8e5bfd4e82352340,Pablo Garza,Pablo Garza,8e5bfd4e82352340
2db7fa8db6bc9632,520de85f6d492264,ccdd90bd1fc7dab6,Vladimir Matyushenko,497ba5b12a4bfc47,Jason Brilz,Vladimir Matyushenko,ccdd90bd1fc7dab6
2dc7f1762dc0a7ef,1c85f793ea4f9caa,813550bc53b15fb0,Yancy Medeiros,ab850a77a0fa487d,Sean Spencer,Sean Spencer,ab850a77a0fa487d
2dc7f1762dc0a7ef,c8ca99d1adc5448d,0c6d9ea8306c029e,Brad Tavares,0c5c66ddd1886b83,Caio Magalhaes,Brad Tavares,0c6d9ea8306c029e
2dc7f1762dc0a7ef,5d5abb5dade718de,519e4fe37ce9ff75,Drew Dober,e45cfa47f504033a,Jason Gonzalez,Drew Dober,519e4fe37ce9ff75
2dc7f1762dc0a7ef,52bc6927e80aca5d,6a1901c62ab3870f,Jessica Andrade,12f91bfa8f1f723b,Joanne Wood,Jessica Andrade,6a1901c62ab3870f
2dc7f1762dc0a7ef,e9ffcf05270a320a,f72465a784c1b084,Jessica Eye,673ea7dcc786b1b3,Bethe Correia,Bethe Correia,673ea7dcc786b1b3
2dc7f1762dc0a7ef,26e6a2705a1e9e72,a8c9d16fe2a14d72,CM Punk,9e50097a89442158,Mickey Gall,Mickey Gall,9e50097a89442158
2dc7f1762dc0a7ef,409bcfacb259999a,492b202d2064e7a9,Fabricio Werdum,3236bf606fe9fa5b,Travis Browne,Fabricio Werdum,492b202d2064e7a9
2dc7f1762dc0a7ef,971d9fa5947a4bb7,78114b7199cef90c,Urijah Faber,9c907996820d2d69,Jimmie Rivera,Jimmie Rivera,9c907996820d2d69
2dc7f1762dc0a7ef,19df0d0cb1269fa7,d28dee5c705991df,Stipe Miocic,b4ad3a06ee4d660c,Alistair Overeem,Alistair Overeem,b4ad3a06ee4d660c
2dea80c069847321,3dd55cca2358a511,c4af2feb4b58bc3b,Kazuki Tokudome,1f4b04a926ef1287,Johnny Case,Johnny Case,1f4b04a926ef1287
2dea80c069847321,c2a36e996bba3a4a,98aa60cf58071fd6,Kyoji Horiguchi,0d0351c20169a499,Jon Delos Reyes,Kyoji Horiguchi,98aa60cf58071fd6
2dea80c069847321,b516beb27416e492,7aa3d6964eff4877,Alex Caceres,f3a078277b3b8ff4,Masanori Kanehara,Alex Caceres,7aa3d6964eff4877
2dea80c069847321,7690e946d9d81f51,44470bfd9483c7ad,Katsunori Kikuno,b8aef0faf4ce9b31,Sam Sicilia,Sam Sicilia,b8aef0faf4ce9b31
2dea80c069847321,284e05afc9479620,4a1329cc8eb0928a,Maximo Blanco,193b9d1858bc4df3,Dan Hooker,Dan Hooker,193b9d1858bc4df3
2dea80c069847321,a4398b9257a93d78,64788ee44b062ded,Michinori Tanaka,a7897d200692ab64,Kyung Ho Kang,Kyung Ho Kang,a7897d200692ab64
2dea80c069847321,5ff0c4c6006f0873,08e908ed6d18d6a0,Myles Jury,3be081c29bf734d9,Takanori Gomi,Myles Jury,08e908ed6d18d6a0
2dea80c069847321,ef3c1a2ac6510d26,eef9b891edbd4604,Mark Hunt,3f7c14c7eca7195d,Roy Nelson,Mark Hunt,eef9b891edbd4604
2dea80c069847321,1e797ccd275a98d0,b0550072e5f0afa7,Yoshihiro Akiyama,2650e2f846a30f64,Amir Sadollah,Amir Sadollah,2650e2f846a30f64
2dea80c069847321,26cd506de4221057,71df36d6d8cf0d74,Kiichi Kunimoto,303a05a7aa3ff761,Richard Walsh,Richard Walsh,303a05a7aa3ff761
2e04a3b4a2011b97,2ce541a11b2eb392,349aaa3da11eb587,Karo Parisyan,6da99156486ed6c2,Joshua Burkman,Karo Parisyan,349aaa3da11eb587
2e04a3b4a2011b97,5157988b77ca1097,0541480fbf719d86,Houston Alexander,b9d0fd83bb8a147a,Keith Jardine,Keith Jardine,b9d0fd83bb8a147a
2e04a3b4a2011b97,88b225f6f1fa5c59,ffc088e64fab57e9,Quinton Jackson,a390eb8a9b2df298,Chuck Liddell,Quinton Jackson,ffc088e64fab57e9
2e04a3b4a2011b97,dab2d3e9f2052047,af5b208e97f5d382,Wilson Gouveia,aa03a3ca00ac6827,Carmelo Marrero,Wilson Gouveia,af5b208e97f5d382
2e04a3b4a2011b97,cc444b10ea87c381,2924886ee9c4c527,Thiago Silva,a7f4d0902bb64092,James Irvin,Thiago Silva,2924886ee9c4c527
2e04a3b4a2011b97,71348fd10e392dac,c8136ab8aa32c974,Kalib Starnes,d43a048a880efdff,Chris Leben,Chris Leben,d43a048a880efdff
2e2cdb6e9eb84bb9,c9144a294c73b06f,253076a23d03dcd0,Allan Nascimento,798e48f9e7f6ba22,Carlos Hernandez,Allan Nascimento,253076a23d03dcd0
2e2cdb6e9eb84bb9,622cc4ef46913020,b9706f80d005036c,Ketlen Vieira,fc169c387b4b465d,Raquel Pennington,Ketlen Vieira,b9706f80d005036c
2e2cdb6e9eb84bb9,c88a7dbe7717d2da,82a5152216251682,Dan Ige,29af297d9f1de0f8,Damon Jackson,Dan Ige,82a5152216251682
2e2cdb6e9eb84bb9,d4420be78065de03,64facb6cc564262d,Punahele Soriano,9d83f6da776ff7d6,Roman Kopylov,Roman Kopylov,9d83f6da776ff7d6
2e2cdb6e9eb84bb9,5a2fa552e70958d4,bbab3baf66128ae2,Javid Basharat,48812daf291a4e23,Mateus Mendonca,Javid Basharat,bbab3baf66128ae2
2e2cdb6e9eb84bb9,a4c7d59d340794c0,2b6fc1c02736833d,Umar Nurmagomedov,b9f28e7045fdfce7,Raoni Barcelos,Umar Nurmagomedov,2b6fc1c02736833d
2e2cdb6e9eb84bb9,868c83e734dbbceb,0d8011111be000b2,Sean Strickland,881bf86d4cba8578,Nassourdine Imavov,Sean Strickland,0d8011111be000b2
2e2cdb6e9eb84bb9,b6723b9c6ff4d594,814e5233e2acf2ee,Charles Johnson,09e62c450e754913,Jimmy Flick,Charles Johnson,814e5233e2acf2ee
2e2cdb6e9eb84bb9,76b6058cddda9238,849c5d9979df5357,Mateusz Rebecki,036e96c1c12b8a59,Nick Fiore,Mateusz Rebecki,849c5d9979df5357
2e2cdb6e9eb84bb9,5305049e4215d263,972c456ff38b2015,Claudio Ribeiro,eae431e70064e046,Abdul Razak Alhassan,Abdul Razak Alhassan,eae431e70064e046
2e2cdb6e9eb84bb9,9f09e77e46f15766,e4ba58725825412d,Dan Argueta,0978385b2bd9ef9b,Nick Aguirre,Dan Argueta,e4ba58725825412d
2eab7a6c8b0ed8cc,0c3622569cd8062a,fa6796c55d6c5440,Curtis Blaydes,279566840aa55bf2,Alexander Volkov,Alexander Volkov,279566840aa55bf2
2eab7a6c8b0ed8cc,7f0175f71481b63d,764342d39cdaa54a,Frank Camacho,304a21d0595e1a08,Justin Jaynes,Frank Camacho,764342d39cdaa54a
2eab7a6c8b0ed8cc,d333a6c34ff16397,d2cd7a69cc55e7ed,Austin Hubbard,59a27d2e6d0802ac,Max Rohskopf,Austin Hubbard,d2cd7a69cc55e7ed
2eab7a6c8b0ed8cc,088b47d890b389e9,4498b382c65a7faa,Roxanne Modafferi,729d4bd5a6cd0a97,Lauren Murphy,Lauren Murphy,729d4bd5a6cd0a97
2eab7a6c8b0ed8cc,d851cbbbdfd05a49,c47df9303d318c67,Clay Guida,887961364be5ceb3,King Green,King Green,887961364be5ceb3
2eab7a6c8b0ed8cc,9b39e15b42422a08,d1941565abf50b16,Jim Miller,37c5366d18ed6c05,Roosevelt Roberts,Jim Miller,d1941565abf50b16
2eab7a6c8b0ed8cc,8b9e9f283e76b429,fc169c387b4b465d,Raquel Pennington,c7d297714d9ab1a4,Marion Reneau,Raquel Pennington,fc169c387b4b465d
2eab7a6c8b0ed8cc,1adee75d6c671cc8,31ef8b67e13495b3,Tecia Pennington,b53c46f613f6f248,Brianna Fortino,Tecia Pennington,31ef8b67e13495b3
2eab7a6c8b0ed8cc,4f99b4a39925cb47,fba03cd6cc28dc41,Josh Emmett,98d961097baaf308,Shane Burgos,Josh Emmett,fba03cd6cc28dc41
2eab7a6c8b0ed8cc,90715135a543b6e3,5f179af5fffeb9f6,Cortney Casey,38c7f72747f4f712,Gillian Robertson,Gillian Robertson,38c7f72747f4f712
2eab7a6c8b0ed8cc,f00921c62315be96,b1b0729d27936f2f,Belal Muhammad,4e0692ad070976e4,Lyman Good,Belal Muhammad,b1b0729d27936f2f
2eae41f61776c60f,5a09fd7cb3db9705,e1147d3d2dabe1ce,Robert Whittaker,f77c68bb4be8516d,Yoel Romero,Robert Whittaker,e1147d3d2dabe1ce
2eae41f61776c60f,8f9b16f170dbdbb6,ee779c43a8926d52,Rashad Evans,d4c9dcd330403612,Anthony Smith,Rashad Evans,ee779c43a8926d52
2eae41f61776c60f,140e810f952714ea,d1528ac5675558b1,Rashad Coulter,e51ee8ded927fc51,Chris de la Rocha,Chris de la Rocha,e51ee8ded927fc51
2eae41f61776c60f,32990cbf8976d94b,3974fa35c917af1d,Ricardo Lamas,cbd3e590a85b18c5,Mirsad Bektic,Mirsad Bektic,cbd3e590a85b18c5
2eae41f61776c60f,5e2f2f5d9a756de9,80eacd4da0617c57,Joseph Benavidez,de75d1c45a39e221,Sergio Pettis,Joseph Benavidez,80eacd4da0617c57
2eae41f61776c60f,d3f5854d16fc31f9,bc656db347f31e19,Mike Santiago,82a5152216251682,Dan Ige,Dan Ige,82a5152216251682
2eae41f61776c60f,7fd0f7b3866b2c75,b4ad3a06ee4d660c,Alistair Overeem,fa6796c55d6c5440,Curtis Blaydes,Curtis Blaydes,fa6796c55d6c5440
2eae41f61776c60f,e82d734674ce4d46,c47df9303d318c67,Clay Guida,07225ba28ae309b6,Charles Oliveira,Charles Oliveira,07225ba28ae309b6
2eae41f61776c60f,c3425412e4f2f486,ec34349e7dffcde7,Claudia Gadelha,d910665038efc639,Carla Esparza,Carla Esparza,d910665038efc639
2eae41f61776c60f,319b09306094259b,3738e68d2261e60f,Andrei Arlovski,c62fbc117d57b943,Tai Tuivasa,Andrei Arlovski,3738e68d2261e60f
2eae41f61776c60f,eb6f80ccaf2a3dbc,6a2f7c151031653d,Rafael Dos Anjos,dc9572dd6ec74859,Colby Covington,Colby Covington,dc9572dd6ec74859
2eae41f61776c60f,051124b25d576906,634e2fb70bde3fd5,Holly Holm,a0e75f4a13eb73f1,Megan Anderson,Holly Holm,634e2fb70bde3fd5
2ee09ec2a0695eb9,392089df68b1a721,84ac950d4c1722dd,Duane Ludwig,fb1538b46877a695,Jonathan Goulet,Duane Ludwig,84ac950d4c1722dd
2ee09ec2a0695eb9,52125c3e41a1bd1e,f34312c2ccfa0e00,Spencer Fisher,f2c8ebbeafd45f2b,Aaron Riley,Spencer Fisher,f34312c2ccfa0e00
2ee09ec2a0695eb9,fbd75b08f377d149,6da99156486ed6c2,Joshua Burkman,d814f5192e58fb2f,Drew Fickett,Drew Fickett,d814f5192e58fb2f
2ee09ec2a0695eb9,bd5afec6940c5d32,c6a33ff198aaaeeb,Stephan Bonnar,a7f4d0902bb64092,James Irvin,Stephan Bonnar,c6a33ff198aaaeeb
2ee09ec2a0695eb9,e55b69543aa74907,d1a1314976c50bef,Josh Neer,ccd1299e0345e0ce,Melvin Guillard,Melvin Guillard,ccd1299e0345e0ce
2ee09ec2a0695eb9,0582b78dc635301b,d43a048a880efdff,Chris Leben,cb46dface0e28a2c,Jorge Rivera,Chris Leben,d43a048a880efdff
2efbc83a6b9b7f86,f8f73efa2d4cc566,a6d8bfe9e0c8153b,Kevin Burns,1c86754617d9813a,Roan Carneiro,Roan Carneiro,1c86754617d9813a
2efbc83a6b9b7f86,ff872fa3e9ec32a9,9fe85152f351e737,Mike Swick,b7d524c77c27389b,Marcus Davis,Marcus Davis,b7d524c77c27389b
2efbc83a6b9b7f86,171007deb1cc56aa,cfb65863d5099327,Thales Leites,a8e6a69796280f17,Nate Marquardt,Thales Leites,cfb65863d5099327
2efbc83a6b9b7f86,b976eb99de0f63ca,24b033b3daf1c9df,Luiz Cane,5be86bb2f78fef2f,Jason Lambert,Luiz Cane,24b033b3daf1c9df
2efbc83a6b9b7f86,94f880f25dd011cd,eb29176b03dfa888,Matt Wiman,8a59d346dc976a10,Thiago Tavares,Thiago Tavares,8a59d346dc976a10
2efbc83a6b9b7f86,761681c1ab0fdead,2b93ebd9f5417ad2,Michael Bisping,a6fd2173d5e2d7f0,Jason Day,Michael Bisping,2b93ebd9f5417ad2
2efbc83a6b9b7f86,0fe3681eb934bdc3,492b202d2064e7a9,Fabricio Werdum,fa315e6c77eee106,Brandon Vera,Fabricio Werdum,492b202d2064e7a9
2efbc83a6b9b7f86,4a482ad5b021bb25,8b69839f3555a67b,Martin Kampmann,cb46dface0e28a2c,Jorge Rivera,Martin Kampmann,8b69839f3555a67b
2efbc83a6b9b7f86,b3a3341a5db2d484,31ee470ef5dc8d7f,Thiago Alves,621a6c59f88a44fe,Matt Hughes,Thiago Alves,31ee470ef5dc8d7f
2efbc83a6b9b7f86,8a8400c6c42df59a,69b69c0178c4004d,Antoni Hardonk,7f0b4a75ef3039a3,Eddie Sanchez,Eddie Sanchez,7f0b4a75ef3039a3
2f13e4020cea5b38,8badcb2134c1cdaf,37c5366d18ed6c05,Roosevelt Roberts,e4a47b07044ddd72,Ignacio Bahamondes,Ignacio Bahamondes,e4a47b07044ddd72
2f13e4020cea5b38,0b47788da6de735e,a0f0004aadf10b71,Alexandre Pantoja,6e15f63b6c2e2c15,Brandon Royval,Alexandre Pantoja,a0f0004aadf10b71
2f13e4020cea5b38,f536ba47f006474a,13a0275fa13c4d26,Jared Cannonier,8c0580d4fff106c1,Kelvin Gastelum,Kelvin Gastelum,8c0580d4fff106c1
2f13e4020cea5b38,3a9e0fed344fd07d,c47df9303d318c67,Clay Guida,da0995f19b749cfa,Mark Madsen,Mark Madsen,da0995f19b749cfa
2f13e4020cea5b38,755d84d5f4aa4dbf,c77a953488e5607d,Vinc Pichel,d2cd7a69cc55e7ed,Austin Hubbard,Vinc Pichel,c77a953488e5607d
2f13e4020cea5b38,92d39a17e34cf581,b60c980f79b87ce8,Bea Malecki,68d35296f566792b,Josiane Nunes,Bea Malecki,b60c980f79b87ce8
2f13e4020cea5b38,47a157222b2c9092,a6c20202c701e5ca,Sasha Palatnikov,3d074044a33825e7,Ramiz Brahimaj,Ramiz Brahimaj,3d074044a33825e7
2f13e4020cea5b38,47230f9b5d7ae037,ac40f7e3cbecdda4,Parker Porter,01b352b6a9074d5c,Chase Sherman,Parker Porter,ac40f7e3cbecdda4
2f13e4020cea5b38,e1897ff433134cb8,ec23c1be628d8057,Trevin Jones,50a28b9f8314e008,Saidyokub Kakhramonov,Saidyokub Kakhramonov,50a28b9f8314e008
2f13e4020cea5b38,5e2ce5aa3a92c2df,5da33b8fbfa5ee95,William Knight,78a68f1dade6aaf7,Fabio Cherant,William Knight,5da33b8fbfa5ee95
2f13e4020cea5b38,12d2b282561b5e5f,305d73ede05e31ad,Austin Lingo,12e0fdc606f7e274,Luis Saldana,Luis Saldana,12e0fdc606f7e274
2f13e4020cea5b38,bfacb44c24bfe0e9,7be14eaed4c74856,Brian Kelleher,4bf6b225ff6099c4,Domingo Pilarte,Brian Kelleher,7be14eaed4c74856
2f3f12002564bb55,10fd87a88178aedd,621a6c59f88a44fe,Matt Hughes,91186547a7f3f758,Ricardo Almeida,Matt Hughes,621a6c59f88a44fe
2f3f12002564bb55,c92c53954903554a,6f018c039b4d5d80,Jon Fitch,31ee470ef5dc8d7f,Thiago Alves,Jon Fitch,6f018c039b4d5d80
2f3f12002564bb55,241a307a9c3d9a21,3f7c14c7eca7195d,Roy Nelson,63def5a5662a6917,Junior Dos Santos,Junior Dos Santos,63def5a5662a6917
2f3f12002564bb55,3559cab3329e5431,c47df9303d318c67,Clay Guida,6a2f7c151031653d,Rafael Dos Anjos,Rafael Dos Anjos,6a2f7c151031653d
2f3f12002564bb55,57d481c10c842ba2,a149d6bc670cdb60,Dustin Hazelett,5b5307450405abf0,Rick Story,Rick Story,5b5307450405abf0
2f3f12002564bb55,bcab3ebdc21b0b64,1f454354805b6f75,Anderson Silva,48d1f690b763934c,Chael Sonnen,Anderson Silva,1f454354805b6f75
2f3f12002564bb55,951d11f8684ed734,484acc7b0f856ce9,Ben Saunders,8a8a84b743ae7699,Dennis Hallman,Dennis Hallman,8a8a84b743ae7699
2f3f12002564bb55,55e12d44e9e524cf,ebc1f40e00e0c481,Stefan Struve,80779d7441af1b52,Christian Morecraft,Stefan Struve,ebc1f40e00e0c481
2f3f12002564bb55,10e35a0667d39086,b9415726dc3ec526,Rodney Wallace,902ab9197b83d0db,Phil Davis,Phil Davis,902ab9197b83d0db
2f3f12002564bb55,2592954ad51764b0,0941df56f6ac954b,Johny Hendricks,98f6da59d765ec94,Charlie Brenneman,Johny Hendricks,0941df56f6ac954b
2f8f3c69522db931,2d42ef44ad2470e1,dab8cfbb6b1db10a,Livinha Souza,b53c46f613f6f248,Brianna Fortino,Brianna Fortino,b53c46f613f6f248
2f8f3c69522db931,358468724d7d4322,773f7feacf96153e,Benito Lopez,37098a6e6c27fb66,Vince Morales,Benito Lopez,773f7feacf96153e
2f8f3c69522db931,ad63c30e22e63344,31bbd39c0a075d4e,Pingyuan Liu,f2477cf43c4975cc,Jonathan Martinez,Jonathan Martinez,f2477cf43c4975cc
2f8f3c69522db931,edc87836fd998929,1d239d571e342453,Germaine de Randamie,d4691518d012b9e7,Aspen Ladd,Germaine de Randamie,1d239d571e342453
2f8f3c69522db931,37a8c442fb38db75,92a9aa9c93192871,Darren Elkins,8866c6f509c19089,Ryan Hall,Darren Elkins,92a9aa9c93192871
2f8f3c69522db931,9b0de83b4e504bf6,7acbb0972e75281a,Marvin Vettori,dbc17725b887860a,Cezar Ferreira,Marvin Vettori,7acbb0972e75281a
2f8f3c69522db931,138cb102906573f2,fba03cd6cc28dc41,Josh Emmett,cbd3e590a85b18c5,Mirsad Bektic,Josh Emmett,fba03cd6cc28dc41
2f8f3c69522db931,60be02c5566c8348,3253b16d38ae087d,Julianna Pena,1de9ad94de18eeaf,Nicco Montano,Julianna Pena,3253b16d38ae087d
2f8f3c69522db931,75b1533cc3cafae9,78114b7199cef90c,Urijah Faber,5987b2458f4b5290,Ricky Simon,Ricky Simon,5987b2458f4b5290
2f8f3c69522db931,a7cf716f5d73b558,37d5b176d438d2a5,Karl Roberson,4dcfb28c011c11b2,Wellington Turman,Wellington Turman,4dcfb28c011c11b2
2f8f3c69522db931,b436dda934059631,8fd808923cffff82,Andre Fili,0d62719b1dcf7c40,Sheymon Moraes,Sheymon Moraes,0d62719b1dcf7c40
304fcd812f12c589,1e12c4828d576b5c,e86bc32f5997a8f7,Forrest Petz,9583662df31d943f,Luigi Fioravanti,Luigi Fioravanti,9583662df31d943f
304fcd812f12c589,07018cb7ae879456,f34312c2ccfa0e00,Spencer Fisher,501b07aec9b8fc2d,Sam Stout,Spencer Fisher,f34312c2ccfa0e00
304fcd812f12c589,59da727c3ae7b497,6f018c039b4d5d80,Jon Fitch,1c86754617d9813a,Roan Carneiro,Jon Fitch,6f018c039b4d5d80
307064d3e0f036c2,3fcd53eb27945231,3bb2dc8e87b10a46,David Zawada,abd5fb12437eda21,Ramazan Emeev,Ramazan Emeev,abd5fb12437eda21
307064d3e0f036c2,0165bd3c26f0c076,a2ea77e974c5889f,Carlos Felipe,e13abac8089a801a,Justin Tafa,Carlos Felipe,a2ea77e974c5889f
307064d3e0f036c2,97c80f69ac312030,539ed332b3078821,Sarah Moras,9b7dfb3b7d99926a,Vanessa Melo,Vanessa Melo,9b7dfb3b7d99926a
307064d3e0f036c2,6b0da0b1cda7799f,f9f07bb5a43535ed,Carlos Condit,31123249b0bbf52e,Matt Brown,Matt Brown,31123249b0bbf52e
307064d3e0f036c2,97ad63e644757cf4,fdbefee0827e1567,Wu Yanan,f9ab66e67240db7b,Joselyne Edwards,Joselyne Edwards,f9ab66e67240db7b
307064d3e0f036c2,775c1f401815bbd8,b9437600497350f3,Joaquin Buckley,77d7295d1b22c694,Alessio Di Chirico,Joaquin Buckley,b9437600497350f3
307064d3e0f036c2,358f816aff469270,64facb6cc564262d,Punahele Soriano,866fd7b1a6c90e7f,Dusko Todorovic,Punahele Soriano,64facb6cc564262d
307064d3e0f036c2,a4817b7e46028b4a,150ff4cc642270b9,Max Holloway,751de04455cfaac0,Calvin Kattar,Max Holloway,150ff4cc642270b9
307064d3e0f036c2,aeb7ff8ce6e1beac,6d1bffff14897645,Santiago Ponzinibbio,e64b96c07d7ce999,Li Jingliang,Santiago Ponzinibbio,6d1bffff14897645
307064d3e0f036c2,3d903bc35023f50a,637bd06c32219f0b,Jacob Kilburn,305d73ede05e31ad,Austin Lingo,Austin Lingo,305d73ede05e31ad
30a09e43f15f1d75,1143d37503a9527d,c77a953488e5607d,Vinc Pichel,129537073431e52e,Garett Whiteley,Vinc Pichel,c77a953488e5607d
30a09e43f15f1d75,3b8b70b448b0c604,c295de4e10acd4c9,Isaac Vallie-Flagg,52ba464d9068d871,Elias Silverio,Elias Silverio,52ba464d9068d871
30a09e43f15f1d75,6f3e189c393c0e09,98f6da59d765ec94,Charlie Brenneman,08af939f41b5a57b,Beneil Dariush,Beneil Dariush,08af939f41b5a57b
30a09e43f15f1d75,0f3e6876516edeaf,00e11b5c8b7bfeeb,Luke Rockhold,05560764359161e4,Constantinos Philippou,Luke Rockhold,00e11b5c8b7bfeeb
30a09e43f15f1d75,fac335e6aeff29f5,282fa667ff9c51ed,Cole Miller,b8aef0faf4ce9b31,Sam Sicilia,Sam Sicilia,b8aef0faf4ce9b31
30a09e43f15f1d75,7e3609b672c7ecf9,f77c68bb4be8516d,Yoel Romero,b1a3e0aca758b322,Derek Brunson,Yoel Romero,f77c68bb4be8516d
30a09e43f15f1d75,eea06604a47ea9a8,92437c6775b3f7d1,John Moraga,f53c1f4ceeed8c08,Dustin Ortiz,Dustin Ortiz,f53c1f4ceeed8c08
30a09e43f15f1d75,8d6392d59e1ca099,9450848a71d53776,Lorenz Larkin,0c6d9ea8306c029e,Brad Tavares,Brad Tavares,0c6d9ea8306c029e
30a09e43f15f1d75,bbb810f50d60b31a,22aa91e402d0fe1f,Ramsey Nijem,e56daf7725a0b5ab,Justin Edwards,Ramsey Nijem,22aa91e402d0fe1f
30a09e43f15f1d75,55139052f4641670,c849740a3ff51931,TJ Dillashaw,bc7230f231701d66,Mike Easton,TJ Dillashaw,c849740a3ff51931
30a09e43f15f1d75,c2f70bd2fc1bac73,e18a19001a3f7c7d,Alptekin Ozkilic,d2bc285ead803db0,Louis Smolka,Louis Smolka,d2bc285ead803db0
30cd319d39ee689b,0f235698600c962e,9fe85152f351e737,Mike Swick,fb1538b46877a695,Jonathan Goulet,Mike Swick,9fe85152f351e737
30cd319d39ee689b,d90567f7d4372160,d1941565abf50b16,Jim Miller,eb29176b03dfa888,Matt Wiman,Jim Miller,d1941565abf50b16
30cd319d39ee689b,c4e16d57dd9a1b39,058e4e08a1ad8aba,Dale Hartt,abbc737317f66b81,Corey Hill,Dale Hartt,058e4e08a1ad8aba
30cd319d39ee689b,2f736846aebbf12d,75f871836d41f90f,Justin McCully,7f0b4a75ef3039a3,Eddie Sanchez,Eddie Sanchez,7f0b4a75ef3039a3
30cd319d39ee689b,11c3035dd9104e50,dd37fd509af89f15,Josh Koscheck,ab8900ae1f1dfd4c,Yoshiyuki Yoshida,Josh Koscheck,dd37fd509af89f15
30e8b4505f5ccf92,f0e0effb1b2de6ae,b96939f2b8d88e82,Ariel Beck,122ac9b816d8b71c,Shana Dobson,Shana Dobson,122ac9b816d8b71c
30e8b4505f5ccf92,37835a0f9bbb4d4e,a4e85a58fbce64b2,Joe Soto,ec52462a1b41f714,Brett Johns,Brett Johns,ec52462a1b41f714
30e8b4505f5ccf92,c11b2cbe2460db0c,b50a426a33da0012,Sean O'Malley,ba5e253af86db1a8,Terrion Ware,Sean O'Malley,b50a426a33da0012
30e8b4505f5ccf92,2f1f16c86a8cc6e2,1de9ad94de18eeaf,Nicco Montano,4498b382c65a7faa,Roxanne Modafferi,Nicco Montano,1de9ad94de18eeaf
30e8b4505f5ccf92,f9830f1c23ac92d0,c7be22a47a58365a,Christina Marks,80d8aed0ca9b00f3,Montana De La Rosa,Montana De La Rosa,80d8aed0ca9b00f3
30e8b4505f5ccf92,b40bed83fc062380,fccf811c1e8b01c7,Andrew Sanchez,b59037262c8fe060,Ryan Janes,Andrew Sanchez,fccf811c1e8b01c7
30e8b4505f5ccf92,dd0c8e9880c6fa24,472f6f6e6d962f40,Barb Honchak,729d4bd5a6cd0a97,Lauren Murphy,Lauren Murphy,729d4bd5a6cd0a97
30e8b4505f5ccf92,1eccf793b54b84f8,38c7f72747f4f712,Gillian Robertson,b3d21b2610dcfaeb,Emily Whitmire,Gillian Robertson,38c7f72747f4f712
30e8b4505f5ccf92,52db9c816eb99800,b9664eae2ac75262,Eric Spicely,6ac9bc2953c47345,Gerald Meerschaert,Gerald Meerschaert,6ac9bc2953c47345
312f47c3d2f83ffa,1776c84e3d22d7cc,2b93ebd9f5417ad2,Michael Bisping,d43a048a880efdff,Chris Leben,Michael Bisping,2b93ebd9f5417ad2
312f47c3d2f83ffa,01d71345ba7ea6f9,b9d0fd83bb8a147a,Keith Jardine,fa315e6c77eee106,Brandon Vera,Brandon Vera,fa315e6c77eee106
312f47c3d2f83ffa,781017bfa44d4058,24b033b3daf1c9df,Luiz Cane,d1152823307d7e7c,Rameau Thierry Sokoudjou,Luiz Cane,24b033b3daf1c9df
312f47c3d2f83ffa,cc9cabc1fc747aaf,b7d524c77c27389b,Marcus Davis,aac5ac38148f0528,Paul Kelly,Marcus Davis,b7d524c77c27389b
312f47c3d2f83ffa,0510d12ad43ede89,473ce3aa581251a2,Dan Hardy,b2acebbef8da14ea,Akihiro Gono,Dan Hardy,473ce3aa581251a2
312f47c3d2f83ffa,f24db9d7c3636a2a,91acd6910b802a9e,Chris Lytle,9b74de674c355425,Paul Taylor,Chris Lytle,91acd6910b802a9e
312f47c3d2f83ffa,cd5336ef8b2329f4,33011768c3c4dc9a,Terry Etim,501b07aec9b8fc2d,Sam Stout,Terry Etim,33011768c3c4dc9a
3138fab619faf4d1,b1a033020bd6d3f3,d967f0128c323de6,Daniel Cormier,e51e5cb722bd47a8,Patrick Cummins,Daniel Cormier,d967f0128c323de6
3138fab619faf4d1,654127f5b9140be2,8bdac25ce0bb874d,Ronda Rousey,7be74a12d7352df2,Sara McMann,Ronda Rousey,8bdac25ce0bb874d
3138fab619faf4d1,29657325bfc1d590,cbd5d3cdd862e90e,Rory MacDonald,427b5953ac8e3a27,Demian Maia,Rory MacDonald,cbd5d3cdd862e90e
3138fab619faf4d1,36630b8c820db52b,4c2d90e335e6df19,Alexis Davis,f72465a784c1b084,Jessica Eye,Alexis Davis,4c2d90e335e6df19
3138fab619faf4d1,ab0d6346b7938a7f,e1147d3d2dabe1ce,Robert Whittaker,4a28cb716c19157a,Stephen Thompson,Robert Whittaker,e1147d3d2dabe1ce
3138fab619faf4d1,9988ff4d4197663b,f5990c11974d8e9c,Mike Pyle,8f2939f5fd9cca1e,TJ Waldburger,TJ Waldburger,8f2939f5fd9cca1e
3138fab619faf4d1,1a8b815679bc89b8,57ab4d7c0bc09a30,Zach Makovsky,f65dcb22dada2223,Josh Sampo,Zach Makovsky,57ab4d7c0bc09a30
3138fab619faf4d1,41727d51af72b1d5,700a674c042b7a96,Cody Gibson,cb696ebfb6598724,Aljamain Sterling,Aljamain Sterling,cb696ebfb6598724
3138fab619faf4d1,faaa7340f4ede814,2f13e4020cea5b38,Raphael Assuncao,6bd02119599741a4,Pedro Munhoz,Raphael Assuncao,2f13e4020cea5b38
3138fab619faf4d1,dc28c6e66f333d2a,15b1b21cd743d652,Rafaello Oliveira,99bd87a300079ed9,Erik Koch,Erik Koch,99bd87a300079ed9
3138fab619faf4d1,328ae84bf2af537e,b406da701c479076,Ernest Chavez,3e61082025db8137,Yosdenis Cedeno,Ernest Chavez,b406da701c479076
3144121470023e9a,47f42aa7cf851a29,427b5953ac8e3a27,Demian Maia,f1b2aa7853d1ed6e,Kamaru Usman,Kamaru Usman,f1b2aa7853d1ed6e
3144121470023e9a,24f2d2dd9fea5d79,e8b731feff72294b,Alexa Grasso,b08012bbe542592a,Tatiana Suarez,Tatiana Suarez,b08012bbe542592a
3144121470023e9a,47c140debc977214,6d4b63c767106d3a,Vicente Luque,c03a5022f8439f2a,Chad Laprise,Vicente Luque,6d4b63c767106d3a
3144121470023e9a,1290d7eb0fefd3f3,13a0275fa13c4d26,Jared Cannonier,2e19380f34871c6a,Dominick Reyes,Dominick Reyes,2e19380f34871c6a
3144121470023e9a,df0d4130944776d9,4ba8d454f762005d,Zak Cummings,e51fcd9cd84c0b93,Michel Prazeres,Michel Prazeres,e51fcd9cd84c0b93
3144121470023e9a,49b47b5b5f15c7c0,792be9a24df82ed6,Brandon Moreno,a0f0004aadf10b71,Alexandre Pantoja,Alexandre Pantoja,a0f0004aadf10b71
3144121470023e9a,db8887f2085f7971,09f579be4520394a,Diego Rivas,d05412b513b19621,Guido Cannetti,Diego Rivas,09f579be4520394a
3144121470023e9a,6222cdc86b12d251,4798e823ada58fe9,Veronica Hardy,05fa626cb33d15b8,Andrea Lee,Veronica Hardy,4798e823ada58fe9
3144121470023e9a,79c22394d9c2144d,436f970c9ea9169c,Gabriel Benitez,2c2caf2f2bab9df5,Humberto Bandenay,Gabriel Benitez,436f970c9ea9169c
3144121470023e9a,e6fdf9e67f84a0e0,01fcef7e3d051722,Henry Briones,9ba2226646046b63,Frankie Saenz,Frankie Saenz,9ba2226646046b63
3144121470023e9a,53febf2fb416f9de,be0b310a12eb80b4,Enrique Barzola,cc351e408bbb7d43,Brandon Davis,Enrique Barzola,be0b310a12eb80b4
3144121470023e9a,866b2c2e354aa27b,d747eb273a40a920,Claudio Puelles,1b38a2b897f6209c,Felipe Silva,Claudio Puelles,d747eb273a40a920
3144121470023e9a,c571ac76ca45c1cb,5c126c6aac3ef364,Poliana Botelho,a851c35f58199231,Syuri Kondo,Poliana Botelho,5c126c6aac3ef364
319c15b8aac5bfde,3d35f25d9792a69a,87a1dc546b1c5caf,Makwan Amirkhani,87c0b1c696ddfb43,Jonathan Pearce,Jonathan Pearce,87c0b1c696ddfb43
319c15b8aac5bfde,d0fb381cacbb0446,fa6796c55d6c5440,Curtis Blaydes,399afbabc02376b5,Tom Aspinall,Tom Aspinall,399afbabc02376b5
319c15b8aac5bfde,8e02bdaac8ed50e5,7826923b47f8d72a,Paddy Pimblett,ac026518a9b4dc0f,Jordan Leavitt,Paddy Pimblett,7826923b47f8d72a
319c15b8aac5bfde,b0d06858fb725654,f6ad6a1e4d600e0d,Mason Jones,5b86d491d63890c5,Ludovit Klein,Ludovit Klein,5b86d491d63890c5
319c15b8aac5bfde,f6fd50bf69bb59e6,329e403448756217,Nathaniel Wood,40093d1d2d78394e,Charles Rosa,Nathaniel Wood,329e403448756217
319c15b8aac5bfde,a1029686c3f1bead,4c88a1db5a46c6a4,Jai Herbert,31f8081c7600da93,Kyle Nelson,Jai Herbert,4c88a1db5a46c6a4
319c15b8aac5bfde,e600b78e5a652dc0,297a2b35444c245b,Mandy Bohm,9dedfdd91070ddd8,Victoria Leonardo,Victoria Leonardo,9dedfdd91070ddd8
319c15b8aac5bfde,dd6dbe644f599795,32c355b04fc57f3a,Marc Diakiese,38c626ca912c7bac,Damir Hadzovic,Marc Diakiese,32c355b04fc57f3a
319c15b8aac5bfde,1c84dafe38694c05,6f7c616b98e18c29,Claudio Silva,9d19d9e4aa2662e8,Nicolas Dalby,Nicolas Dalby,9d19d9e4aa2662e8
319c15b8aac5bfde,1ff520024da5b3b2,1091d4d957141094,Nikita Krylov,3c6976f8182d9527,Alexander Gustafsson,Alexander Gustafsson,3c6976f8182d9527
319c15b8aac5bfde,925a36a4af600291,0a1942069c9ad6b6,Jack Hermansson,5442f1bc4b47eaf3,Chris Curtis,Jack Hermansson,0a1942069c9ad6b6
319c15b8aac5bfde,a57969d4ba7d4a79,51018a31ddf31eb2,Molly McCann,26e3f3928b1891d9,Hannah Goldy,Molly McCann,51018a31ddf31eb2
319c15b8aac5bfde,2dbf9d8d6915711e,75353550928a7921,Muhammad Mokaev,814e5233e2acf2ee,Charles Johnson,Muhammad Mokaev,75353550928a7921
319c15b8aac5bfde,47b1cd4e3e2595f8,eabf206b162b3b83,Paul Craig,0845c81e37d3bcb3,Volkan Oezdemir,Volkan Oezdemir,0845c81e37d3bcb3
319fa1bd3176bded,8d556e2826924946,c23e3d4875340d8d,Zhang Tiequan,53ec9cb470e1a4ea,Jon Tuck,Jon Tuck,53ec9cb470e1a4ea
319fa1bd3176bded,dd875196c446fdf0,9bcf8603ceb25680,Dong Hyun Kim,30a09e43f15f1d75,Paulo Thiago,Dong Hyun Kim,9bcf8603ceb25680
319fa1bd3176bded,0fad42b9ab3f31be,3be081c29bf734d9,Takanori Gomi,86f582852a5b240a,Mac Danzig,Mac Danzig,86f582852a5b240a
319fa1bd3176bded,1a113ac3255f3ac3,d897897060f10a3a,Rich Franklin,d4f364dd076bb0e2,Cung Le,Rich Franklin,d897897060f10a3a
319fa1bd3176bded,e881ba0a28fffb6e,48e093ea1f43a053,Takeya Mizugaki,97a8f39186f489db,Jeff Hougland,Takeya Mizugaki,48e093ea1f43a053
31ceaf0e670c1578,e364cd5772cfd27c,79899ecf62020f6d,Joe Stevenson,93ce4ac89e3d7652,Luke Cummo,Joe Stevenson,79899ecf62020f6d
31ceaf0e670c1578,f846fd001397db45,ccd1299e0345e0ce,Melvin Guillard,b7d524c77c27389b,Marcus Davis,Melvin Guillard,ccd1299e0345e0ce
31ceaf0e670c1578,2eb9b36c09c00d69,82e7929bf6c2b689,Diego Sanchez,f57a8a52ca401ed9,Nick Diaz,Diego Sanchez,82e7929bf6c2b689
31da66df48c0c1a0,04e1ff7aeda2a018,f14f644d41ade29f,Cody Brundage,147e70aa6cc48cfc,Tresean Gore,Cody Brundage,f14f644d41ade29f
31da66df48c0c1a0,cd63b4144a45b611,2b68d9f125d07b42,Jared Vanderaa,01b352b6a9074d5c,Chase Sherman,Chase Sherman,01b352b6a9074d5c
31da66df48c0c1a0,bba6cc8760da34ab,3a314d9fa7c6825d,Douglas Silva de Andrade,0fd5f4b838e890cc,Said Nurmagomedov,Said Nurmagomedov,0fd5f4b838e890cc
31da66df48c0c1a0,81cbb709dedc914d,d7338bcb141abd2c,Antonina Shevchenko,5f179af5fffeb9f6,Cortney Casey,Cortney Casey,5f179af5fffeb9f6
31da66df48c0c1a0,a103b30f6898de7e,511e82663651438d,Michael Johnson,af9f42e6894047fc,Jamie Mullarkey,Jamie Mullarkey,af9f42e6894047fc
31da66df48c0c1a0,be69cbf1f1671c8e,6a2f7c151031653d,Rafael Dos Anjos,c814b4c899793af6,Rafael Fiziev,Rafael Fiziev,c814b4c899793af6
31da66df48c0c1a0,fb3f5a65da9f2ac7,e7e01e266a9d4342,Ronnie Lawrence,50a28b9f8314e008,Saidyokub Kakhramonov,Saidyokub Kakhramonov,50a28b9f8314e008
31da66df48c0c1a0,478bc7d1288e043e,8667caa0451d245b,Kennedy Nzechukwu,37d5b176d438d2a5,Karl Roberson,Kennedy Nzechukwu,8667caa0451d245b
31da66df48c0c1a0,a652918360fe9a72,ffe9703408fb5964,David Onama,1effd880e1f1bb30,Garrett Armfield,David Onama,ffe9703408fb5964
31da66df48c0c1a0,c58b3223b5caa18a,24656ef4d605c96f,Aiemann Zahabi,cd3d7e37ff2d679c,Ricky Turcios,Aiemann Zahabi,24656ef4d605c96f
31da66df48c0c1a0,6c60e58f8e9e7a4c,4126a78111c0855a,Caio Borralho,369ea36e450ae62a,Armen Petrosyan,Caio Borralho,4126a78111c0855a
320edfb0332b7073,e3ecb94228c2739f,62f7097c04311193,Niklas Stolze,c730a0be691dc081,Jared Gooden,Jared Gooden,c730a0be691dc081
320edfb0332b7073,fb9095887dca34c7,8e382b585a92affe,Phil Rowe,2c010b26a3306969,Orion Cosce,Phil Rowe,8e382b585a92affe
320edfb0332b7073,96c51bc6316a4b47,d05cb1e8d1b885d8,Jinh Yu Frey,b4c6c904a9ffc5e8,Ashley Yoder,Ashley Yoder,b4c6c904a9ffc5e8
320edfb0332b7073,12ceec9431fb0827,feaf00f3373435d6,Chris Gruetzemacher,e132d47bd9efbbe0,Rafa Garcia,Rafa Garcia,e132d47bd9efbbe0
320edfb0332b7073,1978b44503c3d9ff,20999e27ddd94bda,Ryan Benoit,79cb2a690b9ba5e8,Zarrukh Adashev,Zarrukh Adashev,79cb2a690b9ba5e8
320edfb0332b7073,b4622ca7cf0e8506,4959f10a62f3fec3,Cheyanne Vlismas,5dd180c8b3196786,Gloria de Paula,Cheyanne Vlismas,4959f10a62f3fec3
320edfb0332b7073,9eef9b7967991296,a331233f597090a5,Bryan Barberena,5f3805dda9661cba,Jason Witt,Bryan Barberena,a331233f597090a5
320edfb0332b7073,8522bc62e8d942ab,65578a75fa7900e3,Uriah Hall,0d8011111be000b2,Sean Strickland,Sean Strickland,0d8011111be000b2
320edfb0332b7073,6671b567c4eb9982,047a91d3d9c79b05,Collin Anglin,a52bc1e62cf0b7c6,Melsik Baghdasaryan,Melsik Baghdasaryan,a52bc1e62cf0b7c6
322a56923b396b4d,bd1fc4ff619f4e61,33a331684283900f,Eddie Alvarez,029eaff01e6bb8f0,Dustin Poirier,Dustin Poirier,029eaff01e6bb8f0
322a56923b396b4d,3249bbbb7ce837ef,c21a036b4e012f1c,John Makdessi,4f732e58ed907eff,Ross Pearson,John Makdessi,c21a036b4e012f1c
322a56923b396b4d,62f564662f33692d,065eb44700e641a4,Devin Powell,74d35fbc9c6a61bd,Alvaro Herrera Mendoza,Alvaro Herrera Mendoza,74d35fbc9c6a61bd
322a56923b396b4d,0b2ae6c368369d1b,3d6749c4267da18f,Joanna Jedrzejczyk,31ef8b67e13495b3,Tecia Pennington,Joanna Jedrzejczyk,3d6749c4267da18f
322a56923b396b4d,ef2c7bfced561374,262a7d06203657e6,Alexander Hernandez,55ee431411ccf07a,Olivier Aubin-Mercier,Olivier Aubin-Mercier,55ee431411ccf07a
322a56923b396b4d,09ab925c4cfe0cc5,f53c1f4ceeed8c08,Dustin Ortiz,1a31ef98efce7a79,Matheus Nicolau,Matheus Nicolau,1a31ef98efce7a79
322a56923b396b4d,77be83973766e104,2aa49b3766a59bcd,Jordan Mein,cdb96af67d096b1e,Alex Morono,Alex Morono,cdb96af67d096b1e
322a56923b396b4d,11c851a73ffb55ba,2c9d00968f818270,Hakeem Dawodu,bf0e700106d00e55,Austin Arnett,Hakeem Dawodu,2c9d00968f818270
322a56923b396b4d,d441715577c5934c,4a57ebb14315b251,Randa Markos,d343df8ba11f4c4e,Nina Nunes,Nina Nunes,d343df8ba11f4c4e
322a56923b396b4d,95f37dc43e808ebf,af997f7611673880,Gadzhimurad Antigulov,cd13728ae1151f46,Ion Cutelaba,Ion Cutelaba,cd13728ae1151f46
322a56923b396b4d,6b47093b62155478,d0f3959b4a9747e6,Jose Aldo,18968f97ad34f15c,Jeremy Stephens,Jose Aldo,d0f3959b4a9747e6
322a56923b396b4d,c4253cb471013765,4c2d90e335e6df19,Alexis Davis,e872e9a9a902c045,Katlyn Cerminara,Katlyn Cerminara,e872e9a9a902c045
322a56923b396b4d,e54c16d867875738,633a45d131192ffe,Kajan Johnson,275aca31f61ba28c,Islam Makhachev,Islam Makhachev,275aca31f61ba28c
32541eb5d12668b4,473b9b56cdaedba3,cf65d56b0755ed3b,Alan Jouban,f2b6fdb20675b11c,Mike Perry,Alan Jouban,cf65d56b0755ed3b
32541eb5d12668b4,5840527835a8ffb2,4d5197f331c47290,Paige VanZant,eb04b9d31e938edb,Michelle Waterson-Gomez,Paige VanZant,4d5197f331c47290
32541eb5d12668b4,01f396a7372dc8ff,b0bd0c5425668b8f,Henrique da Silva,eabf206b162b3b83,Paul Craig,Paul Craig,eabf206b162b3b83
32541eb5d12668b4,7979888b1fb5eb39,fba03cd6cc28dc41,Josh Emmett,df1eb4354d18a906,Scott Holtzman,Josh Emmett,fba03cd6cc28dc41
32541eb5d12668b4,d77ace7aadb2383e,76984112f697631f,Leslie Smith,578ef12674df1e6a,Irene Aldana,Irene Aldana,578ef12674df1e6a
32541eb5d12668b4,4b35edc671de861f,282fa667ff9c51ed,Cole Miller,35faad160d346839,Mizuto Hirota,Cole Miller,282fa667ff9c51ed
32541eb5d12668b4,ca6d4239726931f9,fc9a9559a05f2704,Eddie Wineland,48e093ea1f43a053,Takeya Mizugaki,Takeya Mizugaki,48e093ea1f43a053
32541eb5d12668b4,30f6cf4253b13b76,c06a9b48d4132c8e,James Moontasri,cdb96af67d096b1e,Alex Morono,Alex Morono,cdb96af67d096b1e
32541eb5d12668b4,677588ea237aa5c0,a331233f597090a5,Bryan Barberena,dc9572dd6ec74859,Colby Covington,Colby Covington,dc9572dd6ec74859
32541eb5d12668b4,23bc29f1b6baacad,ed9d8ee3a4239b1c,Sage Northcutt,9e50097a89442158,Mickey Gall,Sage Northcutt,ed9d8ee3a4239b1c
32541eb5d12668b4,2cdf841a057d9039,78114b7199cef90c,Urijah Faber,c945adc22c2bfe8f,Brad Pickett,Urijah Faber,78114b7199cef90c
32541eb5d12668b4,88c712be47805d63,449c890bd90f3374,Hector Sandoval,0ccab7c889ede9ea,Fredy Serrano,Fredy Serrano,0ccab7c889ede9ea
32541eb5d12668b4,1ca4274019680d23,fcce75a25c14a804,Bojan Velickovic,e70de1859b7ee78e,Sultan Aliev,Sultan Aliev,e70de1859b7ee78e
32a3025d5db456ae,3261bd16c10e3014,0ee783aa00e468f0,Vitor Belfort,a1f6999fe57236e0,Wanderlei Silva,Wanderlei Silva,a1f6999fe57236e0
32ba186f4b0e3267,6c44af21414e4143,0d7b51c9d2649a6e,Dricus Du Plessis,1338e2c7480bdf9e,Israel Adesanya,Dricus Du Plessis,0d7b51c9d2649a6e
32ba186f4b0e3267,b9d5c77ae7a8109b,04835018f90b118c,Casey O'Neill,5078e1dacf9d25f4,Luana Santos,Casey O'Neill,04835018f90b118c
32ba186f4b0e3267,075a102456080ab2,2bd98ab77a8daa75,Stewart Nicoll,c051c2e12d692b8a,Jesus Aguilar,Jesus Aguilar,c051c2e12d692b8a
32ba186f4b0e3267,43ebfc8914a39061,6751eacd16bd59bc,Josh Culibao,1ae8f3c723aacff4,Ricardo Ramos,Josh Culibao,6751eacd16bd59bc
32ba186f4b0e3267,ea824ac4b8ed8a35,32490e80ddab1e5a,Song Kenan,814ff3018127e8fc,Ricky Glenn,Song Kenan,32490e80ddab1e5a
32ba186f4b0e3267,ea4ff1d77928b029,c15fa95b9a12fde4,Junior Tafa,f5779a2303ed76ec,Valter Walker,Valter Walker,f5779a2303ed76ec
32ba186f4b0e3267,bfff6cf22c1c569c,a9da3158dd2c2b5a,Jack Jenkins,4f140403000158b5,Herbert Burns,Jack Jenkins,a9da3158dd2c2b5a
32ba186f4b0e3267,3c319d4659e6c8fd,e64b96c07d7ce999,Li Jingliang,7ee0fd831c0fe7c3,Carlos Prates,Carlos Prates,7ee0fd831c0fe7c3
32ba186f4b0e3267,059f5cf0e9e37627,72db2a14ffa73ece,Mateusz Gamrot,193b9d1858bc4df3,Dan Hooker,Mateusz Gamrot,72db2a14ffa73ece
32ba186f4b0e3267,bf8c5effd23f69c4,853eb0dd5c0e2149,Kai Kara-France,32ab52e5de93092d,Steve Erceg,Kai Kara-France,853eb0dd5c0e2149
32ba186f4b0e3267,dd3d8f7066c145b7,c62fbc117d57b943,Tai Tuivasa,2cd428e9606856fd,Jairzinho Rozenstruik,Jairzinho Rozenstruik,2cd428e9606856fd
32ba186f4b0e3267,ce75f5ecbc0d3dfd,6c3b2525436cf5d4,Tom Nolan,dc07493a87dc0a6e,Alex Reyes,Tom Nolan,6c3b2525436cf5d4
335ad945324c3a2e,cddd3d4febe097f8,792be9a24df82ed6,Brandon Moreno,aa72b0f831d0bfe5,Deiveson Figueiredo,Deiveson Figueiredo,aa72b0f831d0bfe5
335ad945324c3a2e,5ba543efdce072f5,595db60957de51d3,Michel Pereira,33efaf2d0941cfcf,Andre Fialho,Michel Pereira,595db60957de51d3
335ad945324c3a2e,80f65ee9b6f8d63b,bf7ad5628363eec9,Cody Stamann,0fd5f4b838e890cc,Said Nurmagomedov,Said Nurmagomedov,0fd5f4b838e890cc
335ad945324c3a2e,9687021e5c4d092a,601964f9654f911a,Tony Gravely,72ea1984c52019b5,Saimon Oliveira,Tony Gravely,601964f9654f911a
335ad945324c3a2e,e786542667fdecf0,8d03ce87ca14e778,Francis Ngannou,787bb1f087ccff8a,Ciryl Gane,Ciryl Gane,787bb1f087ccff8a
335ad945324c3a2e,44a55ba1de2b30e2,b9f28e7045fdfce7,Raoni Barcelos,eb8d8c2a95cfccb8,Victor Henry,Raoni Barcelos,b9f28e7045fdfce7
335ad945324c3a2e,453283e947919ff7,c32aeb1a59e6272d,Michael Morales,b27a1fcb56a3035a,Trevin Giles,Michael Morales,c32aeb1a59e6272d
335ad945324c3a2e,5da7168ac2ff0e1d,dccb63727f2f5f74,Matt Frevola,cda1099995b46cc2,Genaro Valdez,Matt Frevola,dccb63727f2f5f74
335ad945324c3a2e,4047c2e259529179,b4880ef2f838d4e1,Silvana Gomez Juarez,2c483cf443f38ece,Vanessa Demopoulos,Vanessa Demopoulos,2c483cf443f38ece
335ad945324c3a2e,0a0beb5aa9810de4,4100c7a09497ad41,Kay Hansen,a9e260472d321361,Jasmine Jasudavicius,Jasmine Jasudavicius,a9e260472d321361
335ad945324c3a2e,0669231ebe3dd560,6b453bc35a823c3f,Jack Della Maddalena,776d4262c4da38bf,Pete Rodriguez,Jack Della Maddalena,6b453bc35a823c3f
33a331684283900f,a9a770bac1261af9,67f272324a030d00,Misha Cirkunov,e51e5cb722bd47a8,Patrick Cummins,Misha Cirkunov,67f272324a030d00
33a331684283900f,96b59d89ecac66d0,0845c81e37d3bcb3,Volkan Oezdemir,d4c9dcd330403612,Anthony Smith,Volkan Oezdemir,0845c81e37d3bcb3
33a331684283900f,9d204f44a9988b93,ef44e4ea9050f2ea,Te Edwards,68c7ad953455c73f,Don Madge,Don Madge,68c7ad953455c73f
33a331684283900f,8dcfa933877e3a0b,539ed332b3078821,Sarah Moras,5b2325cd70dbe2ea,Talita Bernardo,Talita Bernardo,5b2325cd70dbe2ea
33a331684283900f,4f42acd810ed5173,7e511f8d842a109d,Arjan Bhullar,ac29d508d78384c9,Marcelo Golm,Arjan Bhullar,7e511f8d842a109d
33a331684283900f,3d7ea6012fd8f786,51e86de150ee8be6,Thibault Gouti,b7b84ccd221be298,Nasrat Haqparast,Nasrat Haqparast,b7b84ccd221be298
33a331684283900f,bd0622b184ab4f28,751de04455cfaac0,Calvin Kattar,bebb4ae55ac2bf6f,Chris Fishgold,Calvin Kattar,751de04455cfaac0
33a331684283900f,8a08b8043f83d245,a2b12c3f3d60ff69,Alex Garcia,523fa774700d7d3f,Court McGee,Court McGee,523fa774700d7d3f
33a331684283900f,6fd7f6f1deaef4e8,49858bf46dabf6fb,Nordine Taleb,0d8011111be000b2,Sean Strickland,Sean Strickland,0d8011111be000b2
33a331684283900f,e1eeb61d0669ce45,d0e50a3d1b250708,Andre Soukhamthath,f2477cf43c4975cc,Jonathan Martinez,Jonathan Martinez,f2477cf43c4975cc
33a331684283900f,53d6e37063f9c404,fcd448a2fe1a23cc,Gian Villante,06f36cf4bd97ec77,Ed Herman,Gian Villante,fcd448a2fe1a23cc
33a331684283900f,53bb7c4a606d60c0,31a13532e724ca2b,Stevie Ray,6eaec40f724852f4,Jessin Ayari,Stevie Ray,31a13532e724ca2b
33a331684283900f,e202f273220aa533,511e82663651438d,Michael Johnson,02f2a9702ba3d167,Artem Lobov,Michael Johnson,511e82663651438d
33b2f68ef95252e0,060987bb3025a0a8,d7c3816669784109,Karolina Kowalkiewicz,c41d426cc7326d1b,Yan Xiaonan,Yan Xiaonan,c41d426cc7326d1b
33b2f68ef95252e0,af5b940f2c686524,4e30e4250cb08b61,Loma Lookboonmee,f0feeb2192937424,Angela Hill,Loma Lookboonmee,4e30e4250cb08b61
33b2f68ef95252e0,102fb91414fd24ab,b1e5bcaad32a3cac,Priscila Cachoeira,122ac9b816d8b71c,Shana Dobson,Priscila Cachoeira,b1e5bcaad32a3cac
33b2f68ef95252e0,ecc23234e820458d,853eb0dd5c0e2149,Kai Kara-France,6e00cfffd54653c4,Tyson Nam,Kai Kara-France,853eb0dd5c0e2149
33b2f68ef95252e0,3bd20b66b585d621,a845f0735bc67405,Jake Matthews,103b06d8707895a9,Emil Meek,Jake Matthews,a845f0735bc67405
33b2f68ef95252e0,6d48f75153e4ad6b,37ed1ab2f8b819f4,Brad Riddell,31d7446b184e3305,Magomed Mustafaev,Brad Riddell,37ed1ab2f8b819f4
33b2f68ef95252e0,03c2707563915d7d,8fc9ae9c7527dfcb,Callan Potter,32490e80ddab1e5a,Song Kenan,Song Kenan,32490e80ddab1e5a
33b2f68ef95252e0,02bdb7a5b2986571,4d8fa64202cee4c1,Jalin Turner,6751eacd16bd59bc,Josh Culibao,Jalin Turner,4d8fa64202cee4c1
33b2f68ef95252e0,f882cf76a8bce308,cf946e03ba2e7666,Kevin Aguilar,aceffa19749c4dc0,Zubaira Tukhugov,Zubaira Tukhugov,aceffa19749c4dc0
33b2f68ef95252e0,5fceb95c29d929bc,e5010b1b94ca5755,Paul Felder,193b9d1858bc4df3,Dan Hooker,Dan Hooker,193b9d1858bc4df3
33b2f68ef95252e0,2b417eb1ffa56ac1,70e1f8a821b72c8b,Jimmy Crute,0d65c432720accb9,Michal Oleksiejczuk,Michal Oleksiejczuk,0d65c432720accb9
33b2f68ef95252e0,9bc18b63b07bb328,326f94d6cfb1bf25,Ben Sosoli,ab943cd2c3c17825,Marcos Rogerio de Lima,Marcos Rogerio de Lima,ab943cd2c3c17825
33e33d51f289d2a1,fc0d77057ec806fe,eb29176b03dfa888,Matt Wiman,231926533134ec1f,Justin Buchholz,Matt Wiman,eb29176b03dfa888
33e33d51f289d2a1,d470bb3cb98d9ed7,9fa3bd637edd9aa2,Patrick Cote,1fd4fbdcc67de844,Drew McFedries,Patrick Cote,9fa3bd637edd9aa2
33e33d51f289d2a1,20fc3b3ab2d2fecf,9fe85152f351e737,Mike Swick,6da99156486ed6c2,Joshua Burkman,Mike Swick,9fe85152f351e737
33e33d51f289d2a1,d9decf169a2da676,8355922d564b152c,Nate Diaz,cbe79765d44bd172,Alvin Robinson,Nate Diaz,8355922d564b152c
33e33d51f289d2a1,804eff79a58ad250,7d96bc577e5178b2,Gray Maynard,5f87a5c00b3d17ed,Dennis Siver,Gray Maynard,7d96bc577e5178b2
33e33d51f289d2a1,b5bef60f79b38e69,8a59d346dc976a10,Thiago Tavares,9f842be1a5337be6,Michihiro Omigawa,Thiago Tavares,8a59d346dc976a10
33e33d51f289d2a1,c4b0ef8f42eecbcc,18968f97ad34f15c,Jeremy Stephens,282fa667ff9c51ed,Cole Miller,Jeremy Stephens,18968f97ad34f15c
35080a7f406f9ab3,c4e4954beb59eca6,eb8d8c2a95cfccb8,Victor Henry,601964f9654f911a,Tony Gravely,Victor Henry,eb8d8c2a95cfccb8
35080a7f406f9ab3,8e5ce3308c0e2046,6551c64fbcd1a467,Ariane da Silva,6fd953151d981979,JJ Aldrich,JJ Aldrich,6fd953151d981979
35080a7f406f9ab3,2c58a97f2fe6c985,bc711b6dd95c1af6,Mario Bautista,d05412b513b19621,Guido Cannetti,Mario Bautista,bc711b6dd95c1af6
35080a7f406f9ab3,c3af2b6ab1262fef,6e00cfffd54653c4,Tyson Nam,294aa73dbf37d281,Bruno Silva,Bruno Silva,294aa73dbf37d281
35080a7f406f9ab3,3cf3771274a4f8b1,4e6738062d469256,Sedriques Dumas,ca43de99b07b6b40,Josh Fremd,Sedriques Dumas,4e6738062d469256
35080a7f406f9ab3,804c350ce714770f,2f13e4020cea5b38,Raphael Assuncao,113df4fde64735c6,Davey Grant,Raphael Assuncao,2f13e4020cea5b38
35080a7f406f9ab3,ccb5e29cd0347110,a53d30163304aa6e,Carlston Harris,c730a0be691dc081,Jared Gooden,Jared Gooden,c730a0be691dc081
35080a7f406f9ab3,e9c6bac0d1a5ec0f,d35f734c56a89103,Karl Williams,0c25d0a5e8cdbf19,Lukasz Brzeski,Karl Williams,d35f734c56a89103
35080a7f406f9ab3,d6945828f5fa7492,1091d4d957141094,Nikita Krylov,a67f5afa8d6a1b80,Ryan Spann,Nikita Krylov,1091d4d957141094
35080a7f406f9ab3,3b561a154aa2bbb2,279566840aa55bf2,Alexander Volkov,c0badf3243907e59,Alexandr Romanov,Alexander Volkov,279566840aa55bf2
35080a7f406f9ab3,8d5b88e0ff253617,71171fc96445bf65,Vitor Petrino,82529ce93cd9a2cf,Anton Turkalj,Vitor Petrino,71171fc96445bf65
35080a7f406f9ab3,b9539d5e379b3edc,0fd5f4b838e890cc,Said Nurmagomedov,f2477cf43c4975cc,Jonathan Martinez,Jonathan Martinez,f2477cf43c4975cc
35080a7f406f9ab3,0ccd2593c88209e4,d661ce4da776fc20,Petr Yan,c03520b5c88ed6b4,Merab Dvalishvili,Merab Dvalishvili,c03520b5c88ed6b4
351264d11286d09a,003c84fc7c3fa028,49858bf46dabf6fb,Nordine Taleb,873626e5547b5235,Kyle Prepolec,Nordine Taleb,49858bf46dabf6fb
351264d11286d09a,16a05f3c4a765f65,b8592b4a383696cd,Mitch Gagnon,56709e66f1c6008f,Cole Smith,Cole Smith,56709e66f1c6008f
351264d11286d09a,0bc354fbb6e99ab6,7e511f8d842a109d,Arjan Bhullar,83b00f7597e5ac83,Juan Adams,Arjan Bhullar,7e511f8d842a109d
351264d11286d09a,c936527df280b8b4,24656ef4d605c96f,Aiemann Zahabi,37098a6e6c27fb66,Vince Morales,Aiemann Zahabi,24656ef4d605c96f
351264d11286d09a,3011439ecaf74180,9cdd2da1a9104a0b,Macy Chiasson,539ed332b3078821,Sarah Moras,Macy Chiasson,9cdd2da1a9104a0b
351264d11286d09a,a3731057c8775716,31f8081c7600da93,Kyle Nelson,5b8ba8f5512893b1,Matt Sayles,Matt Sayles,5b8ba8f5512893b1
351264d11286d09a,73eff675e2aae30c,59279a7c978f7da0,Al Iaquinta,1d00756835ca67c9,Donald Cerrone,Donald Cerrone,1d00756835ca67c9
351264d11286d09a,e6b2d6d33968c66c,7b433309b0fd12aa,Brad Katona,c03520b5c88ed6b4,Merab Dvalishvili,Merab Dvalishvili,c03520b5c88ed6b4
351264d11286d09a,feaf740e3ae53b7c,d247691a6c0e9034,Cub Swanson,98d961097baaf308,Shane Burgos,Cub Swanson,d247691a6c0e9034
351264d11286d09a,e939acbd9894c686,03f982ca3735070c,Walt Harris,e2f6b2769aaedd6c,Serghei Spivac,Serghei Spivac,e2f6b2769aaedd6c
351264d11286d09a,a6cc776330194937,8e9eb3fc86db0f7d,Marc-Andre Barriault,fccf811c1e8b01c7,Andrew Sanchez,Andrew Sanchez,fccf811c1e8b01c7
351264d11286d09a,ad59540382d5b7f6,b1a3e0aca758b322,Derek Brunson,34f88592c0ab7a54,Elias Theodorou,Derek Brunson,b1a3e0aca758b322
353de740bb6c7e75,fc2585e234e49dee,3be081c29bf734d9,Takanori Gomi,53ec9cb470e1a4ea,Jon Tuck,Takanori Gomi,3be081c29bf734d9
353de740bb6c7e75,b66f4fa1b9b96b51,7aa3d6964eff4877,Alex Caceres,55ed59d541f8b90c,Rolando Dy,Alex Caceres,7aa3d6964eff4877
353de740bb6c7e75,a69a155a25b84679,0749d968e932df53,Tarec Saffiedine,6a2f7c151031653d,Rafael Dos Anjos,Rafael Dos Anjos,6a2f7c151031653d
353de740bb6c7e75,e7b5a8c97106ca60,199eb7cf6ae90294,Naoki Inoue,2a4200ead401a9ce,Carls John De Tomas,Naoki Inoue,199eb7cf6ae90294
353de740bb6c7e75,a71e4206f87ae74c,9fa568ad2bf2cb0b,Justin Scoggins,7c3c48cf54a2848e,Yuta Sasaki,Justin Scoggins,9fa568ad2bf2cb0b
353de740bb6c7e75,8984ab656cb1818d,e64b96c07d7ce999,Li Jingliang,764342d39cdaa54a,Frank Camacho,Li Jingliang,e64b96c07d7ce999
353de740bb6c7e75,b6464850da8f3099,9bcf8603ceb25680,Dong Hyun Kim,dc9572dd6ec74859,Colby Covington,Colby Covington,dc9572dd6ec74859
353de740bb6c7e75,7d14f95d03afb359,a20f234df70f2182,Ji Yeon Kim,3cf66c62d9069f43,Lucie Pudilova,Lucie Pudilova,3cf66c62d9069f43
353de740bb6c7e75,205ad947e8c94901,3738e68d2261e60f,Andrei Arlovski,c9cf753cfdf77fc2,Marcin Tybura,Marcin Tybura,c9cf753cfdf77fc2
353de740bb6c7e75,0096879f5708526b,634e2fb70bde3fd5,Holly Holm,673ea7dcc786b1b3,Bethe Correia,Holly Holm,634e2fb70bde3fd5
353de740bb6c7e75,9072bf6135cad3e0,9be6020024133293,Cyril Asker,03f982ca3735070c,Walt Harris,Walt Harris,03f982ca3735070c
354808cf38d9d73c,b302e12550278ffd,d0f3959b4a9747e6,Jose Aldo,f4c49976c75c5ab2,Conor McGregor,Conor McGregor,f4c49976c75c5ab2
354808cf38d9d73c,d48f938269b8ed0b,523fa774700d7d3f,Court McGee,d53482bef23235ba,Marcio Alexandre Junior,Court McGee,523fa774700d7d3f
354808cf38d9d73c,064404b0aaf6f95d,c21a036b4e012f1c,John Makdessi,813550bc53b15fb0,Yancy Medeiros,John Makdessi,c21a036b4e012f1c
354808cf38d9d73c,01924e35b149b28f,d317a5e2b3f88c5f,Warlley Alves,dc9572dd6ec74859,Colby Covington,Colby Covington,dc9572dd6ec74859
354808cf38d9d73c,5edfc539cc58a28d,a36556bb1565e32d,Joe Proctor,31d7446b184e3305,Magomed Mustafaev,Magomed Mustafaev,31d7446b184e3305
354808cf38d9d73c,fa2e2a035b36b9d6,9c65736747ca92ec,Leonardo Santos,ee9ebceabfd16fa7,Kevin Lee,Kevin Lee,ee9ebceabfd16fa7
354808cf38d9d73c,8fe1859721e95ce3,427b5953ac8e3a27,Demian Maia,fd55393021a8c255,Gunnar Nelson,Demian Maia,427b5953ac8e3a27
354808cf38d9d73c,3b321550c8b4aae6,150ff4cc642270b9,Max Holloway,18968f97ad34f15c,Jeremy Stephens,Max Holloway,150ff4cc642270b9
354808cf38d9d73c,c4fd59db24f978ec,78114b7199cef90c,Urijah Faber,9ba2226646046b63,Frankie Saenz,Urijah Faber,78114b7199cef90c
354808cf38d9d73c,f83c6bdd553b5851,7a703c565ccaa18f,Jacare Souza,f77c68bb4be8516d,Yoel Romero,Yoel Romero,f77c68bb4be8516d
354808cf38d9d73c,ff389a4326fc9255,3a8176e15b9887c1,Chris Weidman,00e11b5c8b7bfeeb,Luke Rockhold,Chris Weidman,3a8176e15b9887c1
354808cf38d9d73c,0eab2845f901f8b6,31ef8b67e13495b3,Tecia Pennington,1a98c9dbb7fc3959,Jocelyn Jones-Lybarger,Tecia Pennington,31ef8b67e13495b3
35585d970300d45a,d3f26e0fbf694375,c58f51dedb310998,Michael Chiesa,cbb682f5fcc44bfc,Anthony Pettis,Anthony Pettis,cbb682f5fcc44bfc
35585d970300d45a,7a3947a0e7bc3558,e5010b1b94ca5755,Paul Felder,f2b6fdb20675b11c,Mike Perry,Mike Perry,f2b6fdb20675b11c
35585d970300d45a,55bd050afe169b34,4690d47bf725fd98,Gokhan Saki,749f572d1d3161fb,Khalil Rountree Jr.,Khalil Rountree Jr.,749f572d1d3161fb
35585d970300d45a,c9e4aa12aaa7309e,65578a75fa7900e3,Uriah Hall,2e5c2aa8e4ab9d82,Paulo Costa,Paulo Costa,2e5c2aa8e4ab9d82
35585d970300d45a,148c26038e80465b,2f13e4020cea5b38,Raphael Assuncao,05339613bf8e9808,Rob Font,Raphael Assuncao,2f13e4020cea5b38
35585d970300d45a,9589b41c4637b057,f1928a52590c5532,Curtis Millender,b0d6a1d8ac3d563d,Max Griffin,Curtis Millender,f1928a52590c5532
35585d970300d45a,2817a6f9e09eb15f,f9b200db02b488d9,Lando Vannata,7cbf7c78d3b34218,Drakkar Klose,Drakkar Klose,7cbf7c78d3b34218
35585d970300d45a,c931097a857ed60c,882d62561063a927,Jamie Moyle,b3d21b2610dcfaeb,Emily Whitmire,Jamie Moyle,882d62561063a927
35585d970300d45a,bd97a96ac8203457,193b9d1858bc4df3,Dan Hooker,23024fdfc966410a,Gilbert Burns,Gilbert Burns,23024fdfc966410a
35585d970300d45a,9bd9a8127b55fbf7,8d03ce87ca14e778,Francis Ngannou,d3df1add9d9a7efb,Derrick Lewis,Francis Ngannou,8d03ce87ca14e778
35585d970300d45a,fccedc456048216b,d28dee5c705991df,Stipe Miocic,d967f0128c323de6,Daniel Cormier,Stipe Miocic,d28dee5c705991df
35dc6220b113b7ec,b35f2071e6dd4b12,bd21a1e3d41c97ee,Ronny Markes,f77c68bb4be8516d,Yoel Romero,Yoel Romero,f77c68bb4be8516d
35dc6220b113b7ec,dc3deae609874677,3c0437fbeda06962,George Roop,7ea4a9f07df33a45,Francisco Rivera,Francisco Rivera,7ea4a9f07df33a45
35dc6220b113b7ec,2bcb1b0b05e2c739,887961364be5ceb3,King Green,8f6a18831a120817,James Krause,James Krause,8f6a18831a120817
35dc6220b113b7ec,4c257f69fb974088,51a0c09cbe9b8472,Liz Carmouche,4c2d90e335e6df19,Alexis Davis,Liz Carmouche,51a0c09cbe9b8472
35dc6220b113b7ec,ce30634422a264f9,6f242453c91a5af0,Dennis Bermudez,d188a3b817860ec6,Steven Siler,Dennis Bermudez,6f242453c91a5af0
35dc6220b113b7ec,add991cb839af4ed,80fa8218c99f9c58,Amanda Nunes,1d239d571e342453,Germaine de Randamie,Amanda Nunes,80fa8218c99f9c58
35dc6220b113b7ec,ef97cccf28cf00a8,6c2030e0a143a94b,Chris Camozzi,9450848a71d53776,Lorenz Larkin,Chris Camozzi,6c2030e0a143a94b
35dc6220b113b7ec,6017ccf5fa09da34,84b3e7d38f2d2ec5,Neil Magny,fd5b6598a3b70c0a,Seth Baczynski,Neil Magny,84b3e7d38f2d2ec5
35dc6220b113b7ec,0cd79ea89d5931d0,2e25c1d983c26311,Colton Smith,c58f51dedb310998,Michael Chiesa,Michael Chiesa,c58f51dedb310998
35dc6220b113b7ec,dbc3afd71525c83d,47b9e0e7703a4868,Jorge Masvidal,9b7694d064a8a0ad,Rustam Khabilov,Rustam Khabilov,9b7694d064a8a0ad
35dc6220b113b7ec,26e876df6d498657,3c660c90d48fc80d,Tim Kennedy,0dba4df5f34d5ff0,Rafael Natal,Tim Kennedy,3c660c90d48fc80d
36877f0e62b25b96,a16d8d0cc93372c4,8d9586726252dbf7,Kevin Casey,7c6e87729e824ef4,Ildemar Alcantara,Ildemar Alcantara,7c6e87729e824ef4
36877f0e62b25b96,c3b733bf084c2cd0,8a70ceb3edbe757b,Andrew Craig,4e0692ad070976e4,Lyman Good,Lyman Good,4e0692ad070976e4
36877f0e62b25b96,c0e8095c91c39b06,a566371ba2ad7152,Josh Thomson,22a92d7f62195791,Tony Ferguson,Tony Ferguson,22a92d7f62195791
36877f0e62b25b96,3100a4e29da974ad,94527830000ab715,Rani Yahya,f3a078277b3b8ff4,Masanori Kanehara,Rani Yahya,94527830000ab715
36877f0e62b25b96,541e5c7a87712fc2,b8aef0faf4ce9b31,Sam Sicilia,3623bd267a2eef2e,Yaotzin Meza,Sam Sicilia,b8aef0faf4ce9b31
36877f0e62b25b96,d447919ec1a9f34c,6a1901c62ab3870f,Jessica Andrade,539ed332b3078821,Sarah Moras,Jessica Andrade,6a1901c62ab3870f
36877f0e62b25b96,5301d765d64f863e,dbea8c1cb327ab3d,Igor Araujo,0d8011111be000b2,Sean Strickland,Sean Strickland,0d8011111be000b2
36877f0e62b25b96,b8019af428c064ef,ee9ebceabfd16fa7,Kevin Lee,c06a9b48d4132c8e,James Moontasri,Kevin Lee,ee9ebceabfd16fa7
36877f0e62b25b96,464133df9ca19865,cf65d56b0755ed3b,Alan Jouban,8f0d576beba1cfcd,Matt Dwyer,Alan Jouban,cf65d56b0755ed3b
36877f0e62b25b96,3b83ec99accfd271,1ff9589f9065a9ed,Frank Mir,bda04c573563cc2e,Todd Duffee,Todd Duffee,bda04c573563cc2e
36877f0e62b25b96,ea967877dd4d6efb,0b64d0fed453ef7f,Scott Jorgensen,cc6f9d1e89f3449a,Manvel Gamburyan,Scott Jorgensen,0b64d0fed453ef7f
36877f0e62b25b96,fd984e8a9e25c927,634e2fb70bde3fd5,Holly Holm,c7d297714d9ab1a4,Marion Reneau,Holly Holm,634e2fb70bde3fd5
371a1c91b24dec2b,13c4251fb451f440,e1147d3d2dabe1ce,Robert Whittaker,92b62174c175ce19,Clint Hester,Robert Whittaker,e1147d3d2dabe1ce
371a1c91b24dec2b,2faa7b48b4d51cab,a845f0735bc67405,Jake Matthews,d403b1a6f278c95e,Vagner Rocha,Jake Matthews,a845f0735bc67405
371a1c91b24dec2b,73954f3895cac499,4f732e58ed907eff,Ross Pearson,59279a7c978f7da0,Al Iaquinta,Al Iaquinta,59279a7c978f7da0
371a1c91b24dec2b,3e9f3ce3a01bb97f,60029bcf496bd707,Soa Palelei,03f982ca3735070c,Walt Harris,Soa Palelei,60029bcf496bd707
371a1c91b24dec2b,0f0473dde4b873ca,54578e5927adea53,Richie Vaculik,d2bc285ead803db0,Louis Smolka,Louis Smolka,d2bc285ead803db0
371a1c91b24dec2b,3a7d76e3c0b503c3,2284092f8b63273b,Luke Zachrich,bdcbb976816fd256,Daniel Kelly,Daniel Kelly,bdcbb976816fd256
371a1c91b24dec2b,920b8aae22c04f13,00debc804e2b1cd4,Dylan Andrews,d156513a19acf856,Sam Alvey,Dylan Andrews,00debc804e2b1cd4
371a1c91b24dec2b,681d77e5d5c0f0ee,1e7483dbff40b84b,Vik Grujic,e5ecaf884b6da2bc,Chris Clements,Chris Clements,e5ecaf884b6da2bc
371a1c91b24dec2b,3d741cee0dffe165,00e11b5c8b7bfeeb,Luke Rockhold,2b93ebd9f5417ad2,Michael Bisping,Michael Bisping,2b93ebd9f5417ad2
3746e21bb508391a,0b21755eb0897396,f9b200db02b488d9,Lando Vannata,887961364be5ceb3,King Green,King Green,887961364be5ceb3
3746e21bb508391a,94b48b98d0292720,9ba2226646046b63,Frankie Saenz,f2477cf43c4975cc,Jonathan Martinez,Jonathan Martinez,f2477cf43c4975cc
3746e21bb508391a,5885445f39dac389,12f91bfa8f1f723b,Joanne Wood,8e1f36476ef02a6a,Jennifer Maia,Jennifer Maia,8e1f36476ef02a6a
3746e21bb508391a,2fb1abeb337e0ccc,6d4b63c767106d3a,Vicente Luque,c6aee362c7a7d482,Randy Brown,Vicente Luque,6d4b63c767106d3a
3746e21bb508391a,76b9a338597fc604,e00a3dee329a51f7,Jamall Emmers,ed2a8cc402173781,Vince Cachero,Jamall Emmers,e00a3dee329a51f7
3746e21bb508391a,0b88d0c76f9cd7e4,b1a3e0aca758b322,Derek Brunson,4144798612ef96e5,Edmen Shahbazyan,Derek Brunson,b1a3e0aca758b322
3746e21bb508391a,6ba9f6a7a9361354,f6bcbd91b114ff58,Johnny Munoz,6e9f40c706f91f32,Nate Maness,Nate Maness,6e9f40c706f91f32
3795fca327cbcf23,9f6f356a56e4fe6f,f59f1d3a2ff13edd,Eric Schafer,497ba5b12a4bfc47,Jason Brilz,Jason Brilz,497ba5b12a4bfc47
3795fca327cbcf23,d215c4e6dc1346ae,1eacf73d6a0055dc,Cheick Kongo,f0abbb6f3444dae7,Paul Buentello,Cheick Kongo,1eacf73d6a0055dc
3795fca327cbcf23,2270b89b17067838,a08d909a5be6f410,Eliot Marshall,ccdd90bd1fc7dab6,Vladimir Matyushenko,Vladimir Matyushenko,ccdd90bd1fc7dab6
3795fca327cbcf23,43f0495855470427,fa315e6c77eee106,Brandon Vera,07f72a2a7591b409,Jon Jones,Jon Jones,07f72a2a7591b409
3795fca327cbcf23,275c22a93bdd84d8,7f955f71fa2ce7ac,Alessio Sakara,a7f4d0902bb64092,James Irvin,Alessio Sakara,7f955f71fa2ce7ac
3795fca327cbcf23,7aa7b0c5706a0492,63def5a5662a6917,Junior Dos Santos,270b89c00ef0c55c,Gabriel Gonzaga,Junior Dos Santos,63def5a5662a6917
3795fca327cbcf23,f63a647b74359194,84ac950d4c1722dd,Duane Ludwig,92a9aa9c93192871,Darren Elkins,Darren Elkins,92a9aa9c93192871
3795fca327cbcf23,eb62bfcd3d96a182,fc31f896cde2bc2e,John Howard,22edaf53ad59a967,Daniel Roberts,John Howard,fc31f896cde2bc2e
3795fca327cbcf23,9368a80ba62d87e2,c47df9303d318c67,Clay Guida,9f1641c08cf8fbe2,Shannon Gugerty,Clay Guida,c47df9303d318c67
380e8b023290d091,5337461354f23b98,e14b5aa06eea9653,Abel Trujillo,57bad6a84230f0c9,Tony Sims,Tony Sims,57bad6a84230f0c9
380e8b023290d091,454861874ecc52d7,7339d340aa2889cb,Kyle Noke,cdb96af67d096b1e,Alex Morono,Alex Morono,cdb96af67d096b1e
380e8b023290d091,595557b808febe27,928ae2e5b5f7a9ec,Justine Kish,d343df8ba11f4c4e,Nina Nunes,Nina Nunes,d343df8ba11f4c4e
380e8b023290d091,050eb872a69c66bd,9450848a71d53776,Lorenz Larkin,ff6a1f63c254127e,Albert Tumenov,Albert Tumenov,ff6a1f63c254127e
380e8b023290d091,f079cb2db8dbbf04,f2925e6db404bf1d,Robbie Lawler,f9f07bb5a43535ed,Carlos Condit,Carlos Condit,f9f07bb5a43535ed
380e8b023290d091,71499934c065fecb,c2e3e67b5911bfb7,Diego Brandao,def8166ff24bd237,Brian Ortega,Brian Ortega,def8166ff24bd237
380e8b023290d091,f2916c10b7ecfcee,d28dee5c705991df,Stipe Miocic,3738e68d2261e60f,Andrei Arlovski,Stipe Miocic,d28dee5c705991df
380e8b023290d091,d5778494ce663d7f,ec2d13a87d3d9541,Sheldon Westcott,8d49545dadf9b919,Edgar Garcia,Sheldon Westcott,ec2d13a87d3d9541
380e8b023290d091,99a7172fb7438244,df1eb4354d18a906,Scott Holtzman,519e4fe37ce9ff75,Drew Dober,Drew Dober,519e4fe37ce9ff75
380e8b023290d091,a19d619f1b9bee7b,d0314416a7f26527,Michael McDonald,f3a078277b3b8ff4,Masanori Kanehara,Michael McDonald,d0314416a7f26527
380e8b023290d091,b46b27222e62aec1,a4e85a58fbce64b2,Joe Soto,64788ee44b062ded,Michinori Tanaka,Joe Soto,a4e85a58fbce64b2
380e8b023290d091,4fa02674b920ff0a,029eaff01e6bb8f0,Dustin Poirier,654ae722109a0d31,Joe Duffy,Dustin Poirier,029eaff01e6bb8f0
3974fa35c917af1d,156f2425a937b22f,87a1dc546b1c5caf,Makwan Amirkhani,396fe87b84ac2e1c,Lerone Murphy,Lerone Murphy,396fe87b84ac2e1c
3974fa35c917af1d,768c86e307295944,6b7c7460855dbbb9,Albert Duraev,9d83f6da776ff7d6,Roman Kopylov,Roman Kopylov,9d83f6da776ff7d6
3974fa35c917af1d,41cdfea7df63003f,1ae8f3c723aacff4,Ricardo Ramos,aceffa19749c4dc0,Zubaira Tukhugov,Zubaira Tukhugov,aceffa19749c4dc0
3974fa35c917af1d,d84968d7e9fcb4f3,beecb672a279223e,Amanda Ribas,7dda2cf308f24a02,Virna Jandiroba,Virna Jandiroba,7dda2cf308f24a02
3974fa35c917af1d,18edff5447989b3f,d661ce4da776fc20,Petr Yan,65f09bacd3957381,Cory Sandhagen,Petr Yan,d661ce4da776fc20
3974fa35c917af1d,92c49cb075f612d7,0d980975001ae3d8,Shamil Gamzatov,0d65c432720accb9,Michal Oleksiejczuk,Michal Oleksiejczuk,0d65c432720accb9
3974fa35c917af1d,6163c18411aca830,f00ac08ab056af5d,Tagir Ulanbekov,253076a23d03dcd0,Allan Nascimento,Tagir Ulanbekov,f00ac08ab056af5d
3974fa35c917af1d,987cdcbc809e210d,e64b96c07d7ce999,Li Jingliang,767755fd74662dbf,Khamzat Chimaev,Khamzat Chimaev,767755fd74662dbf
3974fa35c917af1d,58b19ba734fe93a3,d802174b0c0c1f4e,Magomed Ankalaev,0845c81e37d3bcb3,Volkan Oezdemir,Magomed Ankalaev,d802174b0c0c1f4e
3974fa35c917af1d,13e3e41e0c6f4e04,279566840aa55bf2,Alexander Volkov,c9cf753cfdf77fc2,Marcin Tybura,Alexander Volkov,279566840aa55bf2
3974fa35c917af1d,5ad4c0eae7512878,275aca31f61ba28c,Islam Makhachev,193b9d1858bc4df3,Dan Hooker,Islam Makhachev,275aca31f61ba28c
3974fa35c917af1d,919fb76d2f3e5827,99df7d0a2a08a8a8,Jan Blachowicz,7ff97850e8c32bda,Glover Teixeira,Glover Teixeira,7ff97850e8c32bda
3974fa35c917af1d,efc6af0151f72b87,8adcbd525fab8d9b,Elizeu Zaleski dos Santos,c2299ec916bc7c56,Benoit Saint Denis,Elizeu Zaleski dos Santos,8adcbd525fab8d9b
3974fa35c917af1d,4a5e5232346993c7,f1175ea3aafbf351,Hu Yaozong,5f61780fe5e9b6d0,Andre Petroski,Andre Petroski,5f61780fe5e9b6d0
398b440e73d55b8b,46860358da8b8d82,436f970c9ea9169c,Gabriel Benitez,304a21d0595e1a08,Justin Jaynes,Gabriel Benitez,436f970c9ea9169c
398b440e73d55b8b,2723f4d275d3f619,0a1942069c9ad6b6,Jack Hermansson,7acbb0972e75281a,Marvin Vettori,Marvin Vettori,7acbb0972e75281a
398b440e73d55b8b,856fab879c68ded7,eb29176b03dfa888,Matt Wiman,ac026518a9b4dc0f,Jordan Leavitt,Jordan Leavitt,ac026518a9b4dc0f
398b440e73d55b8b,b1be8b41b1a4fd85,54f64b5e283b0ce7,Ilia Topuria,29af297d9f1de0f8,Damon Jackson,Ilia Topuria,54f64b5e283b0ce7
398b440e73d55b8b,c4d1c4b82cf34afb,fcd448a2fe1a23cc,Gian Villante,92fa1401b7927da3,Jake Collier,Gian Villante,fcd448a2fe1a23cc
398b440e73d55b8b,4478ee77a647ae9d,327d5f279895110d,Roman Dolidze,6ebe96a116e79e52,John Allan,Roman Dolidze,327d5f279895110d
398b440e73d55b8b,771d8ce136a12a13,d2bc285ead803db0,Louis Smolka,36549928f90f1d36,Jose Quinonez,Jose Quinonez,36549928f90f1d36
398b440e73d55b8b,8d4a475e48722fea,50db8711c70196cd,Ovince Saint Preux,5444c5a201d3ee5a,Jamahal Hill,Jamahal Hill,5444c5a201d3ee5a
39c568f8c579913e,0d043ecaf5bbc3ae,1588b787bda7b540,Tom Breese,65ddc8a9ac4e8531,Keita Nakamura,Tom Breese,1588b787bda7b540
39c568f8c579913e,7c20284c4c2dc9d3,7ea4a9f07df33a45,Francisco Rivera,c945adc22c2bfe8f,Brad Pickett,Francisco Rivera,7ea4a9f07df33a45
39c568f8c579913e,5bff1ece35abac7f,06827d70c53ff0d9,Scott Askham,dfae5da5676e4194,Chris Dempsey,Scott Askham,06827d70c53ff0d9
39c568f8c579913e,0e9091311ca565ce,1f454354805b6f75,Anderson Silva,2b93ebd9f5417ad2,Michael Bisping,Anderson Silva,1f454354805b6f75
39c568f8c579913e,c959b92fb36220a3,113df4fde64735c6,Davey Grant,7c7332319c14094c,Marlon Vera,Marlon Vera,7c7332319c14094c
39c568f8c579913e,a80579fe679d24e2,470fedbc8563ac47,Daniel Omielanczuk,8614b7134913f5d5,Jarjis Danho,Daniel Omielanczuk,470fedbc8563ac47
39c568f8c579913e,dcf052ef89a66397,cfaf010d5b389c09,Mike Wilkinson,87a1dc546b1c5caf,Makwan Amirkhani,Makwan Amirkhani,87a1dc546b1c5caf
39c568f8c579913e,2af50cc7f34f6fc2,34e552520a934063,Brad Scott,4e06913c91da5200,Krzysztof Jotko,Krzysztof Jotko,4e06913c91da5200
39c568f8c579913e,c82f9bc365ff1074,040a74bb0a465c54,Arnold Allen,3623bd267a2eef2e,Yaotzin Meza,Arnold Allen,040a74bb0a465c54
39c568f8c579913e,4bf6b6904ec94421,8f4eeaf7a0df7c1a,Teemu Packalen,51e86de150ee8be6,Thibault Gouti,Thibault Gouti,51e86de150ee8be6
39c568f8c579913e,b29d4e0117776bb3,14ff46596ad80609,Norman Parke,9b7694d064a8a0ad,Rustam Khabilov,Rustam Khabilov,9b7694d064a8a0ad
39c568f8c579913e,b45d0e0d2bba01e9,232c582f29f8f65e,Gegard Mousasi,cfb65863d5099327,Thales Leites,Gegard Mousasi,232c582f29f8f65e
39f62b833e4cf126,5d8af316413ea2f7,e8fe9c15d348e778,Daniel Barez,b1f21ce050035d58,Andre Lima,Andre Lima,b1f21ce050035d58
39f62b833e4cf126,ab1aa23060d4e87b,da22387a0407a2dc,Da'Mon Blackshear,700a674c042b7a96,Cody Gibson,Da'Mon Blackshear,da22387a0407a2dc
39f62b833e4cf126,5fa6543868367f4b,1b35af4d1529adf6,Stephanie Luciano,e94085e821bd81de,Sam Hughes,Stephanie Luciano,1b35af4d1529adf6
39f62b833e4cf126,67f7163e536d62e2,7acbb0972e75281a,Marvin Vettori,327d5f279895110d,Roman Dolidze,Marvin Vettori,7acbb0972e75281a
39f62b833e4cf126,36db86c39ed09997,a68575214ecad140,SeungWoo Choi,239d8e5359022f3b,Kevin Vallejos,Kevin Vallejos,239d8e5359022f3b
39f62b833e4cf126,74bc22b367cca118,fc08099550072fe4,Waldo Cortes-Acosta,a67f5afa8d6a1b80,Ryan Spann,Waldo Cortes-Acosta,fc08099550072fe4
39f62b833e4cf126,d8f40b82364b6411,262a7d06203657e6,Alexander Hernandez,a7151778b3381036,Kurt Holobaugh,Alexander Hernandez,262a7d06203657e6
39f62b833e4cf126,1c62a7444808d97f,68d35296f566792b,Josiane Nunes,b1e5bcaad32a3cac,Priscila Cachoeira,Josiane Nunes,68d35296f566792b
39f62b833e4cf126,c83133ee114945ed,c68c68efaa5ca6ef,Chidi Njokuani,8adcbd525fab8d9b,Elizeu Zaleski dos Santos,Elizeu Zaleski dos Santos,8adcbd525fab8d9b
39f62b833e4cf126,a8f8245096eaf0cd,c3d2b9bcb4cead6b,Yuneisy Duben,f1ab6f37492c630a,Carli Judice,Carli Judice,f1ab6f37492c630a
39f62b833e4cf126,e56403718205b494,709fadb644ee3f51,Diyar Nurgozhay,49edd0d90f60fb7d,Brendson Ribeiro,Brendson Ribeiro,49edd0d90f60fb7d
39f62b833e4cf126,29d9c5a3f2b78903,a474aade8eb3a8f0,SuYoung You,d1053e55f00e53fe,AJ Cunningham,SuYoung You,a474aade8eb3a8f0
39f62b833e4cf126,cb3eb07b7152366e,07f959e6596307bb,Carlos Vera,723b64c0e9a8f348,Josias Musasa,Carlos Vera,07f959e6596307bb
39f68882def7a507,95ba27bea09cd84e,cd3d7e37ff2d679c,Ricky Turcios,b6c37948cb226e8c,Benardo Sopaj,Benardo Sopaj,b6c37948cb226e8c
39f68882def7a507,f39941b3743bf18c,c03520b5c88ed6b4,Merab Dvalishvili,2b6fc1c02736833d,Umar Nurmagomedov,Merab Dvalishvili,c03520b5c88ed6b4
39f68882def7a507,e294a1e5723011db,f00ac08ab056af5d,Tagir Ulanbekov,b62d5280966b2460,Clayton Carpenter,Tagir Ulanbekov,f00ac08ab056af5d
39f68882def7a507,a6db8eb1fb3eebf2,ef5dcb10d2bd4b0f,Bogdan Guskov,07a74004d964c7f4,Billy Elekana,Bogdan Guskov,ef5dcb10d2bd4b0f
39f68882def7a507,938081fae11dcbbf,23dec7c47cb418f8,Zachary Reese,3bc3f60b21cddc6a,Azamat Bekoev,Azamat Bekoev,3bc3f60b21cddc6a
39f68882def7a507,e5e3d396a9b1c5ae,d8c811df0386d5e8,Rinya Nakamura,a54660deb6a8489c,Muin Gafurov,Rinya Nakamura,d8c811df0386d5e8
39f68882def7a507,aa3fca085d476636,99bd51917728c25d,Grant Dawson,f53d4f21d1b5f2dc,Diego Ferreira,Grant Dawson,99bd51917728c25d
39f68882def7a507,54d48b33e7240452,41e83a89929d1327,Jailton Almeida,e2f6b2769aaedd6c,Serghei Spivac,Jailton Almeida,41e83a89929d1327
39f68882def7a507,69d63c057aebffaf,3a46b268013afede,Kevin Holland,d549cefc7c54ab78,Reinier de Ridder,Reinier de Ridder,d549cefc7c54ab78
39f68882def7a507,daef1691c7d6b1e4,275aca31f61ba28c,Islam Makhachev,b6452706b373eea1,Renato Moicano,Islam Makhachev,275aca31f61ba28c
39f68882def7a507,959fea398ffa5778,009341ed974bad72,Jiri Prochazka,5444c5a201d3ee5a,Jamahal Hill,Jiri Prochazka,009341ed974bad72
39f68882def7a507,340fcdcabc49f142,351c4ec637380ad5,Karol Rosa,06e4245d16fc5315,Ailin Perez,Karol Rosa,351c4ec637380ad5
39f68882def7a507,d14f98b24691d082,6e743a33d56bdaa4,Payton Talbott,b9f28e7045fdfce7,Raoni Barcelos,Raoni Barcelos,b9f28e7045fdfce7
3a24769a4855040a,049ad6d87b42eba8,132deb59abae64b1,Valentina Shevchenko,f7467152fd9f18a2,Taila Santos,Valentina Shevchenko,132deb59abae64b1
3a24769a4855040a,f115a91066a77ee7,6b453bc35a823c3f,Jack Della Maddalena,abd5fb12437eda21,Ramazan Emeev,Jack Della Maddalena,6b453bc35a823c3f
3a24769a4855040a,4a116a55ffaa0d64,8c1ca54b5089d199,Maheshate,97cf1a2c7c5e7889,Steve Garcia,Steve Garcia,97cf1a2c7c5e7889
3a24769a4855040a,5f4a107d930e4852,3eb4dc9a7d4ac906,Ramona Pascual,f9ab66e67240db7b,Joselyne Edwards,Joselyne Edwards,f9ab66e67240db7b
3a24769a4855040a,f466cd99d02644e9,ec0dcceace7d25a3,Liang Na,b4880ef2f838d4e1,Silvana Gomez Juarez,Silvana Gomez Juarez,b4880ef2f838d4e1
3a24769a4855040a,50eed57ea1390e16,2f181c0467965b98,Brendan Allen,d4270315cbcf2569,Jacob Malkoun,Brendan Allen,2f181c0467965b98
3a24769a4855040a,fd49f89b9d97566b,7ff97850e8c32bda,Glover Teixeira,009341ed974bad72,Jiri Prochazka,Jiri Prochazka,009341ed974bad72
3a24769a4855040a,d7a7ba46c4f075d7,33efaf2d0941cfcf,Andre Fialho,a845f0735bc67405,Jake Matthews,Jake Matthews,a845f0735bc67405
3a24769a4855040a,c94b153951be7590,a68575214ecad140,SeungWoo Choi,6751eacd16bd59bc,Josh Culibao,Josh Culibao,6751eacd16bd59bc
3a24769a4855040a,029f5c36820fdc09,a7897d200692ab64,Kyung Ho Kang,3b0a516d2921e0d6,Batgerel Danaa,Kyung Ho Kang,a7897d200692ab64
3a24769a4855040a,4305cb30533dac77,1ebe20ebbfa15e29,Zhang Weili,3d6749c4267da18f,Joanna Jedrzejczyk,Zhang Weili,1ebe20ebbfa15e29
3a97fda0de6f1fa4,88c6e7f71b79fd65,d4691518d012b9e7,Aspen Ladd,fc169c387b4b465d,Raquel Pennington,Raquel Pennington,fc169c387b4b465d
3a97fda0de6f1fa4,394b0347b0438622,23024fdfc966410a,Gilbert Burns,767755fd74662dbf,Khamzat Chimaev,Khamzat Chimaev,767755fd74662dbf
3a97fda0de6f1fa4,9a8964b148cb5923,cb696ebfb6598724,Aljamain Sterling,d661ce4da776fc20,Petr Yan,Petr Yan,d661ce4da776fc20
3a97fda0de6f1fa4,313b85fe82b2ba80,442c9011034ae1fd,Ian Machado Garry,326a001926ffb7ec,Darian Weeks,Ian Machado Garry,442c9011034ae1fd
3a97fda0de6f1fa4,dc0ab34f1952cb48,e1248941344b3288,Alexander Volkanovski,c451d67c09c55418,Chan Sung Jung,Alexander Volkanovski,e1248941344b3288
3a97fda0de6f1fa4,7c6ed5b3d830d0cb,093e1f5bb73850be,Anthony Hernandez,ca43de99b07b6b40,Josh Fremd,Anthony Hernandez,093e1f5bb73850be
3a97fda0de6f1fa4,7458a37feabf8788,9e50097a89442158,Mickey Gall,dd6103dd7127db1d,Mike Malott,Mike Malott,dd6103dd7127db1d
3a97fda0de6f1fa4,9e52a67410f2c879,e375cb5caf4717b6,Piera Rodriguez,4100c7a09497ad41,Kay Hansen,Piera Rodriguez,e375cb5caf4717b6
3a97fda0de6f1fa4,313c36ce9bde6cf6,1291edf2d566a71a,Julio Arce,b67d6bacc68d4c92,Daniel Santos,Daniel Santos,b67d6bacc68d4c92
3a97fda0de6f1fa4,15311d4b33d93004,c77a953488e5607d,Vinc Pichel,da0995f19b749cfa,Mark Madsen,Mark Madsen,da0995f19b749cfa
3a97fda0de6f1fa4,278b965694e563b2,98c23cb6da5b3352,Aleksei Oleinik,2b68d9f125d07b42,Jared Vanderaa,Aleksei Oleinik,98c23cb6da5b3352
3a97fda0de6f1fa4,d8945e21a63e2451,7447e9f28508106a,Mackenzie Dern,31ef8b67e13495b3,Tecia Pennington,Mackenzie Dern,7447e9f28508106a
3ab0df1ddd5f1dc2,b989d4d7e220b3c1,24656ef4d605c96f,Aiemann Zahabi,6bd02119599741a4,Pedro Munhoz,Aiemann Zahabi,24656ef4d605c96f
3ab0df1ddd5f1dc2,f93b074dfd47b4b4,1a2bf44edb8055b6,Serhiy Sidey,1effd880e1f1bb30,Garrett Armfield,Garrett Armfield,1effd880e1f1bb30
3ab0df1ddd5f1dc2,24581e2b39fe3319,f1d64ae34e088832,Charles Jourdain,eb8d8c2a95cfccb8,Victor Henry,Victor Henry,eb8d8c2a95cfccb8
3ab0df1ddd5f1dc2,c9cef59a5de32219,c7c39e2fb70248b3,Chad Anheliger,700a674c042b7a96,Cody Gibson,Chad Anheliger,c7c39e2fb70248b3
3ab0df1ddd5f1dc2,7edf2fe3a8776a44,89839250eb25c9c1,Caio Machado,49edd0d90f60fb7d,Brendson Ribeiro,Brendson Ribeiro,49edd0d90f60fb7d
3ab0df1ddd5f1dc2,de084f0d65421cfa,c0badf3243907e59,Alexandr Romanov,d31a5546c0e9b213,Rodrigo Nascimento,Alexandr Romanov,c0badf3243907e59
3ab0df1ddd5f1dc2,5256ba94641a4284,b8a85389d115e35a,Jack Shore,52c2ae6d2f2d2613,Youssef Zalal,Jack Shore,b8a85389d115e35a
3ab0df1ddd5f1dc2,18729b11614406bf,669970f7feba8ecd,Erin Blanchfield,47b63240018d5d86,Rose Namajunas,Erin Blanchfield,669970f7feba8ecd
3ab0df1ddd5f1dc2,d29a82322bb083d9,dd6103dd7127db1d,Mike Malott,b27a1fcb56a3035a,Trevin Giles,Mike Malott,dd6103dd7127db1d
3ab0df1ddd5f1dc2,6ad594777cce2d7d,8e9eb3fc86db0f7d,Marc-Andre Barriault,71505842fb6455c3,Dustin Stoltzfus,Dustin Stoltzfus,71505842fb6455c3
3ab0df1ddd5f1dc2,eaa885cf7ae31e0b,6551c64fbcd1a467,Ariane da Silva,a9e260472d321361,Jasmine Jasudavicius,Jasmine Jasudavicius,a9e260472d321361
3ab0df1ddd5f1dc2,f0723cda67db3954,5c637af9472ae7cc,Jamey-Lyn Horth,38c5817ade8a8014,Ivana Petrovic,Jamey-Lyn Horth,5c637af9472ae7cc
3ab0df1ddd5f1dc2,799acf3ae8a5df0a,792be9a24df82ed6,Brandon Moreno,6d35bf94f7d30241,Amir Albazi,Amir Albazi,6d35bf94f7d30241
3ae10ac4df3df05c,076c98ac0561521f,40093d1d2d78394e,Charles Rosa,2dc1bc1a02961656,Manny Bermudez,Manny Bermudez,2dc1bc1a02961656
3ae10ac4df3df05c,7510b0c96f5707ea,6a740daf1b279661,Maycee Barber,38c7f72747f4f712,Gillian Robertson,Maycee Barber,6a740daf1b279661
3ae10ac4df3df05c,9c3fb95a1558b38d,c5af5750e8bae4f0,Kyle Bochniak,4682bc59d5f55145,Sean Woodson,Sean Woodson,4682bc59d5f55145
3ae10ac4df3df05c,57d989702ae72dc1,3bad7ef643840f67,Joe Lauzon,87c0b1c696ddfb43,Jonathan Pearce,Jonathan Pearce,87c0b1c696ddfb43
3ae10ac4df3df05c,0d1d7cfb2a48d5ec,2e19380f34871c6a,Dominick Reyes,3a8176e15b9887c1,Chris Weidman,Chris Weidman,3a8176e15b9887c1
3ae10ac4df3df05c,d2dc6fb05ad78d80,cbf5e6f231b55443,Yair Rodriguez,18968f97ad34f15c,Jeremy Stephens,Yair Rodriguez,cbf5e6f231b55443
3ae10ac4df3df05c,26d75187369ecf2c,523fa774700d7d3f,Court McGee,45f7cb591c3ab00b,Sean Brady,Sean Brady,45f7cb591c3ab00b
3ae10ac4df3df05c,38d6c2538ce6ec4c,325ad0dd9126d3df,Randy Costa,98e946879ba20c0f,Boston Salmon,Randy Costa,325ad0dd9126d3df
3ae10ac4df3df05c,74b44635535cb290,2f181c0467965b98,Brendan Allen,3a46b268013afede,Kevin Holland,Brendan Allen,2f181c0467965b98
3ae10ac4df3df05c,1e3d3545b6dd13a7,f86cb5f25d545e0e,Daniel Spitz,04c8b08b16a5b99e,Tanner Boser,Tanner Boser,04c8b08b16a5b99e
3ae10ac4df3df05c,baf17e5e1fe1c744,51018a31ddf31eb2,Molly McCann,d7e40dca3ae125be,Diana Belbita,Molly McCann,51018a31ddf31eb2
3ae10ac4df3df05c,93f3e9b9f093ad57,483a953b18d73bb3,Deron Winn,a17ad5a5048e8c3f,Darren Stewart,Darren Stewart,a17ad5a5048e8c3f
3b2485c8d5c8b580,1a50d5c7e1e5c058,80d8aed0ca9b00f3,Montana De La Rosa,6551c64fbcd1a467,Ariane da Silva,Montana De La Rosa,80d8aed0ca9b00f3
3b2485c8d5c8b580,23b943e9ce495f0b,a8283a4f415e1eb9,Francisco Trinaldo,447f9858ae78f921,Muslim Salikhov,Francisco Trinaldo,a8283a4f415e1eb9
3b2485c8d5c8b580,2c0cddd12deb7450,2cd428e9606856fd,Jairzinho Rozenstruik,441eacbe20e0e80b,Augusto Sakai,Jairzinho Rozenstruik,2cd428e9606856fd
3b2485c8d5c8b580,5c0e5d850d8e661f,6d1bffff14897645,Santiago Ponzinibbio,82d4c957649faf9b,Miguel Baeza,Santiago Ponzinibbio,6d1bffff14897645
3b2485c8d5c8b580,bb6438338bb8aebf,327d5f279895110d,Roman Dolidze,a12a8314adc1c1c9,Laureano Staropoli,Roman Dolidze,327d5f279895110d
3b2485c8d5c8b580,0716a38768a34789,04c8b08b16a5b99e,Tanner Boser,e9a3aeb207578eea,Ilir Latifi,Ilir Latifi,e9a3aeb207578eea
3b2485c8d5c8b580,f187c7ec92f43828,03f982ca3735070c,Walt Harris,c9cf753cfdf77fc2,Marcin Tybura,Marcin Tybura,c9cf753cfdf77fc2
3b2485c8d5c8b580,419d1e29668b57fb,34ff304266360297,Manon Fiorot,d25240135aee03e5,Tabatha Ricci,Manon Fiorot,34ff304266360297
3b2485c8d5c8b580,827aacd14f80e8f3,87a1dc546b1c5caf,Makwan Amirkhani,c7d7fda69ec410d3,Kamuela Kirk,Makwan Amirkhani,87a1dc546b1c5caf
3b2485c8d5c8b580,9252ad2304fd9a26,866fd7b1a6c90e7f,Dusko Todorovic,d1c65d2cf2925ddd,Gregory Rodrigues,Gregory Rodrigues,d1c65d2cf2925ddd
3b2485c8d5c8b580,58c5d506181812fa,d747eb273a40a920,Claudio Puelles,ac026518a9b4dc0f,Jordan Leavitt,Claudio Puelles,d747eb273a40a920
3b2485c8d5c8b580,73a83b2595416f0a,4682bc59d5f55145,Sean Woodson,52c2ae6d2f2d2613,Youssef Zalal,Sean Woodson,4682bc59d5f55145
3ba3b5cc94498437,2ebfb072b178649e,60ba33c3f555a7a3,Josh Grispi,3c0437fbeda06962,George Roop,George Roop,3c0437fbeda06962
3ba3b5cc94498437,e9fc9dcc549c7f3b,c47df9303d318c67,Clay Guida,cbb682f5fcc44bfc,Anthony Pettis,Anthony Pettis,cbb682f5fcc44bfc
3ba3b5cc94498437,cd0bc692a7bce9e7,22aa91e402d0fe1f,Ramsey Nijem,22a92d7f62195791,Tony Ferguson,Tony Ferguson,22a92d7f62195791
3ba3b5cc94498437,a1f9a28339f5e1b2,06f36cf4bd97ec77,Ed Herman,89b8d1bf1ff09d1d,Tim Credeur,Ed Herman,06f36cf4bd97ec77
3ba3b5cc94498437,35e23b1917b59132,1fb80f46d3c105d9,Fabio Maldonado,b959e8c7fd8390d2,Kyle Kingsbury,Fabio Maldonado,1fb80f46d3c105d9
3ba3b5cc94498437,57622ac93e8d8900,0b64d0fed453ef7f,Scott Jorgensen,fbf0947399d14323,Ken Stone,Ken Stone,fbf0947399d14323
3ba3b5cc94498437,33005a28b1226d15,83a477a7dba1ca58,Clay Harvison,e56daf7725a0b5ab,Justin Edwards,Clay Harvison,83a477a7dba1ca58
3ba3b5cc94498437,7240a9432bf2af67,a66395395b5f1394,Danny Downes,18968f97ad34f15c,Jeremy Stephens,Jeremy Stephens,18968f97ad34f15c
3ba3b5cc94498437,07df55cb3cc0ec30,4417980b3e798abf,Reuben Duran,7ea4a9f07df33a45,Francisco Rivera,Francisco Rivera,7ea4a9f07df33a45
3bb030257966b022,9c0721bd410e7a0e,53ec9cb470e1a4ea,Jon Tuck,ee9ebceabfd16fa7,Kevin Lee,Kevin Lee,ee9ebceabfd16fa7
3bb030257966b022,a49706a6edb0c5c3,cc6f9d1e89f3449a,Manvel Gamburyan,700a674c042b7a96,Cody Gibson,Cody Gibson,700a674c042b7a96
3bb030257966b022,fceab09944a65840,9fa3bd637edd9aa2,Patrick Cote,4a28cb716c19157a,Stephen Thompson,Stephen Thompson,4a28cb716c19157a
3bb030257966b022,3e3db8c37096c260,3c660c90d48fc80d,Tim Kennedy,f77c68bb4be8516d,Yoel Romero,Yoel Romero,f77c68bb4be8516d
3bb030257966b022,b1b82605646eb850,3ecd936bd8814108,Cat Zingano,80fa8218c99f9c58,Amanda Nunes,Amanda Nunes,80fa8218c99f9c58
3bb030257966b022,6bcea00473e43a59,029eaff01e6bb8f0,Dustin Poirier,f4c49976c75c5ab2,Conor McGregor,Conor McGregor,f4c49976c75c5ab2
3bb030257966b022,65f4d4f44e6e73f7,47b9e0e7703a4868,Jorge Masvidal,8f6a18831a120817,James Krause,James Krause,8f6a18831a120817
3bb030257966b022,79c2461046e17eba,8a304bfd6bf04a57,Demetrious Johnson,b2e3aca4cd363477,Chris Cariaso,Demetrious Johnson,8a304bfd6bf04a57
3bb030257966b022,64eb4ae171613218,1d00756835ca67c9,Donald Cerrone,33a331684283900f,Eddie Alvarez,Donald Cerrone,1d00756835ca67c9
3bb030257966b022,fc45644c62643c71,fc31f896cde2bc2e,John Howard,32ba186f4b0e3267,Brian Ebersole,Brian Ebersole,32ba186f4b0e3267
3bb030257966b022,72656e864ca1c972,10f3ba6cd2f44a97,Dominick Cruz,48e093ea1f43a053,Takeya Mizugaki,Dominick Cruz,10f3ba6cd2f44a97
3bc27ec15facbcf3,fa6e8fa6c3f05e31,2f181c0467965b98,Brendan Allen,0d8011111be000b2,Sean Strickland,Sean Strickland,0d8011111be000b2
3bc27ec15facbcf3,30eb24f7904c2128,eae431e70064e046,Abdul Razak Alhassan,2558ae2e5671e318,Khaos Williams,Khaos Williams,2558ae2e5671e318
3bc27ec15facbcf3,80cb3cf9134b677c,e5010b1b94ca5755,Paul Felder,6a2f7c151031653d,Rafael Dos Anjos,Rafael Dos Anjos,6a2f7c151031653d
3bc27ec15facbcf3,d80fd2ec736f7df2,cdb96af67d096b1e,Alex Morono,f748267c4ab6c127,Rhys McKee,Alex Morono,cdb96af67d096b1e
3bc27ec15facbcf3,34db1e0e2499e7ae,b4c6c904a9ffc5e8,Ashley Yoder,7559395ad833c074,Miranda Granger,Ashley Yoder,b4c6c904a9ffc5e8
3bc27ec15facbcf3,742dc4196d329db0,4100c7a09497ad41,Kay Hansen,3351aa64aa83c4d9,Cory McKenna,Cory McKenna,3351aa64aa83c4d9
3bc27ec15facbcf3,470391c4067bf49b,4a57ebb14315b251,Randa Markos,e0b0cf71e0d69dd0,Kanako Murata,Kanako Murata,e0b0cf71e0d69dd0
3bc27ec15facbcf3,f6472ca263a863d1,1a9480fc288e55d7,Don'Tale Mayes,2c5a0b8317f8f27a,Roque Martinez,Don'Tale Mayes,1a9480fc288e55d7
3bc27ec15facbcf3,9e4dcac049327529,9cfbfae5fa1fdd93,Geraldo de Freitas,601964f9654f911a,Tony Gravely,Tony Gravely,601964f9654f911a
3be081c29bf734d9,2c5d329bdf182468,99c7610aa74995d3,Cathal Pendred,fc31f896cde2bc2e,John Howard,Cathal Pendred,99c7610aa74995d3
3be081c29bf734d9,ecb4534c0066c5f3,f2925e6db404bf1d,Robbie Lawler,cbd5d3cdd862e90e,Rory MacDonald,Rory MacDonald,cbd5d3cdd862e90e
3be081c29bf734d9,70290140b6a8e038,b5b684eac99ae0a3,Chad Mendes,f4c49976c75c5ab2,Conor McGregor,Conor McGregor,f4c49976c75c5ab2
3be081c29bf734d9,4d3cbc7608c8958e,6f242453c91a5af0,Dennis Bermudez,18968f97ad34f15c,Jeremy Stephens,Dennis Bermudez,6f242453c91a5af0
3be081c29bf734d9,4b997af9fb321123,fd55393021a8c255,Gunnar Nelson,638cfec7ec559d6e,Brandon Thatch,Gunnar Nelson,fd55393021a8c255
3be081c29bf734d9,a9d8ddb49dbe414b,c945adc22c2bfe8f,Brad Pickett,2b074403b7c6cdb4,Thomas Almeida,Thomas Almeida,2b074403b7c6cdb4
3be081c29bf734d9,824368db1ed8191f,9fe85152f351e737,Mike Swick,a2b12c3f3d60ff69,Alex Garcia,Mike Swick,9fe85152f351e737
3be081c29bf734d9,8c8c2499d89da07c,d8c7c61b176e3994,Cody Garbrandt,01fcef7e3d051722,Henry Briones,Cody Garbrandt,d8c7c61b176e3994
3be081c29bf734d9,b90eded8d6b65e8f,3e61082025db8137,Yosdenis Cedeno,5904b0b38dc6718d,Cody Pfister,Cody Pfister,5904b0b38dc6718d
3be081c29bf734d9,9f56b3c053c44060,49a74b9fb2e45fdf,Neil Seery,d2bc285ead803db0,Louis Smolka,Louis Smolka,d2bc285ead803db0
3be081c29bf734d9,c4a7f7d8eb8fe484,31123249b0bbf52e,Matt Brown,4b47e71384a9522f,Tim Means,Matt Brown,31123249b0bbf52e
3c241737a6069b9f,e1d33aa47b35d021,032cc3922d871c7f,Khabib Nurmagomedov,e14b5aa06eea9653,Abel Trujillo,Khabib Nurmagomedov,032cc3922d871c7f
3c241737a6069b9f,9dd931fd20d6c886,7d96bc577e5178b2,Gray Maynard,a26198ba5093147e,TJ Grant,TJ Grant,a26198ba5093147e
3c241737a6069b9f,3f19bab8de698eb0,1d00756835ca67c9,Donald Cerrone,b7ffa72aa148599a,KJ Noons,Donald Cerrone,1d00756835ca67c9
3c241737a6069b9f,d51757fe7dd89f2d,0ff11cc094e887bc,Cain Velasquez,8349d55cdecd393a,Antonio Silva,Cain Velasquez,0ff11cc094e887bc
3c241737a6069b9f,149a0b38fa02e647,6f242453c91a5af0,Dennis Bermudez,150ff4cc642270b9,Max Holloway,Max Holloway,150ff4cc642270b9
3c241737a6069b9f,d236fe0f180312e3,f5990c11974d8e9c,Mike Pyle,5b5307450405abf0,Rick Story,Rick Story,5b5307450405abf0
3c241737a6069b9f,19d6c7f5263c9398,63def5a5662a6917,Junior Dos Santos,eef9b891edbd4604,Mark Hunt,Junior Dos Santos,63def5a5662a6917
3c241737a6069b9f,5f87dc7d18517d87,7ff97850e8c32bda,Glover Teixeira,f5431394fb284bb9,James Te Huna,Glover Teixeira,7ff97850e8c32bda
3c241737a6069b9f,1260d0031a5e469d,b26d3e3746fb4024,Brian Bowles,3c0437fbeda06962,George Roop,Brian Bowles,b26d3e3746fb4024
3c241737a6069b9f,3333fdbe86a763fb,2e25c1d983c26311,Colton Smith,e1147d3d2dabe1ce,Robert Whittaker,Robert Whittaker,e1147d3d2dabe1ce
3c48019bc387b80c,be6d6abb11ef8297,55f80a8aeffcdb33,Dustin Pague,32be4b7f7de1c905,Chico Camus,Chico Camus,32be4b7f7de1c905
3c48019bc387b80c,7ddf71a85fbb0e4c,2676b28836a5a836,Benson Henderson,f2688492b9a525a3,Frankie Edgar,Benson Henderson,2676b28836a5a836
3c48019bc387b80c,7c07a71fa1882bf4,1d00756835ca67c9,Donald Cerrone,ccd1299e0345e0ce,Melvin Guillard,Donald Cerrone,1d00756835ca67c9
3c48019bc387b80c,9360a34eb511a9b4,23459ee7e373b98f,Jared Hamman,b7f38813485745da,Michael Kuiper,Michael Kuiper,b7f38813485745da
3c48019bc387b80c,19da5aa17c896a1a,fbf0947399d14323,Ken Stone,af62f99eb7606308,Erik Perez,Erik Perez,af62f99eb7606308
3c48019bc387b80c,42f11b82d67585af,879f6cae48d25baa,Justin Lawrence,150ff4cc642270b9,Max Holloway,Max Holloway,150ff4cc642270b9
3c6976f8182d9527,e3aad51099a23ba4,cb696ebfb6598724,Aljamain Sterling,056c493bbd76a918,Henry Cejudo,Aljamain Sterling,cb696ebfb6598724
3c6976f8182d9527,3f8b4aeb3baf4724,519e4fe37ce9ff75,Drew Dober,dccb63727f2f5f74,Matt Frevola,Drew Dober,519e4fe37ce9ff75
3c6976f8182d9527,93fb6c7e590487f9,8d20d76af3f213ce,Joseph Holmes,972c456ff38b2015,Claudio Ribeiro,Claudio Ribeiro,972c456ff38b2015
3c6976f8182d9527,069ab7e7b8b5d262,76e2870ffafbe38f,Movsar Evloev,f166e93d04a8c274,Diego Lopes,Movsar Evloev,76e2870ffafbe38f
3c6976f8182d9527,d22de60b7a3d908c,547afe1017e72dbe,Phil Hawes,b07aed698fba8624,Ikram Aliskerov,Ikram Aliskerov,b07aed698fba8624
3c6976f8182d9527,5f44d6d9e6bbecff,cd2c4d30c6e13b47,Marina Rodriguez,7dda2cf308f24a02,Virna Jandiroba,Virna Jandiroba,7dda2cf308f24a02
3c6976f8182d9527,c3ca708aaf4262a7,8667caa0451d245b,Kennedy Nzechukwu,cc7040fe76f0ef91,Devin Clark,Kennedy Nzechukwu,8667caa0451d245b
3c6976f8182d9527,11a5a852313d1f5b,6a1901c62ab3870f,Jessica Andrade,c41d426cc7326d1b,Yan Xiaonan,Yan Xiaonan,c41d426cc7326d1b
3c6976f8182d9527,4c9bbd9758be1168,2558ae2e5671e318,Khaos Williams,40a456a25d52ee65,Rolando Bedoya,Khaos Williams,2558ae2e5671e318
3c6976f8182d9527,ed707998b13d0101,b1b0729d27936f2f,Belal Muhammad,23024fdfc966410a,Gilbert Burns,Belal Muhammad,b1b0729d27936f2f
3c6976f8182d9527,0c6e3c1f03cd4061,242d36d241b43c12,Kron Gracie,f1d64ae34e088832,Charles Jourdain,Charles Jourdain,f1d64ae34e088832
3c6976f8182d9527,2372578d3f554c65,eaa9402e5a7990ad,Braxton Smith,ac40f7e3cbecdda4,Parker Porter,Parker Porter,ac40f7e3cbecdda4
3cf68c1d17f66af7,b8c21a311f3f7953,a0e75f4a13eb73f1,Megan Anderson,862b0b3375aa4b6e,Zarah Fairn,Megan Anderson,a0e75f4a13eb73f1
3cf68c1d17f66af7,2556b7520536ce1d,e1147d3d2dabe1ce,Robert Whittaker,1338e2c7480bdf9e,Israel Adesanya,Israel Adesanya,1338e2c7480bdf9e
3cf68c1d17f66af7,8cd7ca0e7b861b3d,c62fbc117d57b943,Tai Tuivasa,e2f6b2769aaedd6c,Serghei Spivac,Serghei Spivac,e2f6b2769aaedd6c
3cf68c1d17f66af7,0697d5520b74a8df,59279a7c978f7da0,Al Iaquinta,193b9d1858bc4df3,Dan Hooker,Al Iaquinta,59279a7c978f7da0
3cf68c1d17f66af7,578987d534a0d205,8fc9ae9c7527dfcb,Callan Potter,c549573c0df4d676,Maki Pitolo,Callan Potter,8fc9ae9c7527dfcb
3cf68c1d17f66af7,9dfac33cd3ae4afd,e13abac8089a801a,Justin Tafa,1eff7bc0f815b270,Yorgan De Castro,Justin Tafa,e13abac8089a801a
3cf68c1d17f66af7,1cb7138b107b93b5,a845f0735bc67405,Jake Matthews,1fc64507a0cb38cf,Rostem Akman,Jake Matthews,a845f0735bc67405
3cf68c1d17f66af7,fd0fd9a2d6ef8c4f,4c288a2b250bb576,Luke Jumeau,e9213f53ddeca978,Dhiego Lima,Dhiego Lima,e9213f53ddeca978
3cf68c1d17f66af7,83d59f5e52e0ac46,37ed1ab2f8b819f4,Brad Riddell,af9f42e6894047fc,Jamie Mullarkey,Brad Riddell,37ed1ab2f8b819f4
3cf68c1d17f66af7,668d077ac9d7d3c9,6e7506127408aa9e,Nadia Kassem,a20f234df70f2182,Ji Yeon Kim,Ji Yeon Kim,a20f234df70f2182
3d481aa374c954a1,20dda78057d17a5a,8a304bfd6bf04a57,Demetrious Johnson,056c493bbd76a918,Henry Cejudo,Demetrious Johnson,8a304bfd6bf04a57
3d481aa374c954a1,b65d0243d397802c,e1147d3d2dabe1ce,Robert Whittaker,0dba4df5f34d5ff0,Rafael Natal,Robert Whittaker,e1147d3d2dabe1ce
3d481aa374c954a1,05c8aeb2806be99c,07f72a2a7591b409,Jon Jones,50db8711c70196cd,Ovince Saint Preux,Jon Jones,07f72a2a7591b409
3d481aa374c954a1,43b416cf0c75dbd7,cbf5e6f231b55443,Yair Rodriguez,8fd808923cffff82,Andre Fili,Yair Rodriguez,cbf5e6f231b55443
3d481aa374c954a1,e3a45f48dbda99c3,de75d1c45a39e221,Sergio Pettis,56c9acc4e86046a2,Chris Kelades,Sergio Pettis,de75d1c45a39e221
3d481aa374c954a1,8b52a32f3644f493,cbb682f5fcc44bfc,Anthony Pettis,64a50dad704d1d49,Edson Barboza,Anthony Pettis,cbb682f5fcc44bfc
3d481aa374c954a1,083a0283b7bc503b,83fd97284f4bb4a4,Efrain Escudero,ee9ebceabfd16fa7,Kevin Lee,Kevin Lee,ee9ebceabfd16fa7
3d481aa374c954a1,2c0ece9f70a62408,d910665038efc639,Carla Esparza,75a6a390fd5dca46,Juliana Lima,Carla Esparza,d910665038efc639
3d481aa374c954a1,c7e084949531a443,ab943cd2c3c17825,Marcos Rogerio de Lima,92b62174c175ce19,Clint Hester,Marcos Rogerio de Lima,ab943cd2c3c17825
3d481aa374c954a1,be0af5916c8e8e99,a6cba6bb66c1a8c9,Danny Roberts,68c11c27d4d56572,Dominique Steele,Dominique Steele,68c11c27d4d56572
3d481aa374c954a1,f519753cc38362d0,00a3ff40c4b2cf21,Glaico Franca Moreira,6256b2b1562cb8e1,James Vick,James Vick,6256b2b1562cb8e1
3da19339ee7051d5,9232fed045b1f4f9,dbc17725b887860a,Cezar Ferreira,1bcaac2d99b90fce,Sergio Moraes,Sergio Moraes,1bcaac2d99b90fce
3da19339ee7051d5,1b80d5696c2dc640,a1f6999fe57236e0,Wanderlei Silva,d897897060f10a3a,Rich Franklin,Rich Franklin,d897897060f10a3a
3da19339ee7051d5,0239f24134022656,492b202d2064e7a9,Fabricio Werdum,353de740bb6c7e75,Mike Russow,Fabricio Werdum,492b202d2064e7a9
3da19339ee7051d5,f638f176dd1834c0,2f95a3c6d58b2aad,Iuri Alcantara,ed209f6618c82e41,Hacran Dias,Iuri Alcantara,2f95a3c6d58b2aad
3da19339ee7051d5,366de1daf05a2b62,fa37628269132d1a,Godofredo Pepey,b71ce838b01f2cad,Rony Jason,Godofredo Pepey,fa37628269132d1a
3dc3022232b79c7a,95349402616097cd,eb04b9d31e938edb,Michelle Waterson-Gomez,a3a542074109b347,Luana Pinheiro,Luana Pinheiro,a3a542074109b347
3dc3022232b79c7a,fe143cb868adfded,e5549c82bfb5582d,Alex Pereira,1338e2c7480bdf9e,Israel Adesanya,Israel Adesanya,1338e2c7480bdf9e
3dc3022232b79c7a,bbc76ff9e1b1b142,5442f1bc4b47eaf3,Chris Curtis,8c0580d4fff106c1,Kelvin Gastelum,Chris Curtis,5442f1bc4b47eaf3
3dc3022232b79c7a,0810cdbeb9dd4d02,0a73acff6325c1e2,Shayilan Nuerdanbieke,97cf1a2c7c5e7889,Steve Garcia,Steve Garcia,97cf1a2c7c5e7889
3dc3022232b79c7a,355a2f4090c0ca31,bc7d1ad49fcb2d08,Jaqueline Amorim,e94085e821bd81de,Sam Hughes,Jaqueline Amorim,bc7d1ad49fcb2d08
3dc3022232b79c7a,d7022b6058dbb26b,e4a47b07044ddd72,Ignacio Bahamondes,cfc3e7bb44685289,Trey Ogden,Ignacio Bahamondes,e4a47b07044ddd72
3dc3022232b79c7a,28e3d939eb043664,6ac9bc2953c47345,Gerald Meerschaert,c1085e1701b13eca,Joe Pyfer,Joe Pyfer,c1085e1701b13eca
3dc3022232b79c7a,2cb34fc074f7a9ae,fe2babf95de24fb1,Raul Rosas Jr.,5ec591b78349ba7e,Christian Rodriguez,Christian Rodriguez,5ec591b78349ba7e
3dc3022232b79c7a,71ea7d7985dad804,23024fdfc966410a,Gilbert Burns,47b9e0e7703a4868,Jorge Masvidal,Gilbert Burns,23024fdfc966410a
3dc3022232b79c7a,678d27af287476f8,05339613bf8e9808,Rob Font,0232cabbc30a2372,Adrian Yanez,Rob Font,05339613bf8e9808
3dc3022232b79c7a,780147f2ed2637d1,98215d037be5bcb7,Cynthia Calvillo,8e5d953bdb9ae5e7,Loopy Godinez,Loopy Godinez,8e5d953bdb9ae5e7
3dc3022232b79c7a,3165b03ddc6d3b6e,3a46b268013afede,Kevin Holland,6d1bffff14897645,Santiago Ponzinibbio,Santiago Ponzinibbio,6d1bffff14897645
3ed134d85dfbd7b4,8d986c9ee38daf19,cb139171ed1b69fe,Kenny Florian,3be081c29bf734d9,Takanori Gomi,Kenny Florian,cb139171ed1b69fe
3ed134d85dfbd7b4,17cda9957f96883f,3f7c14c7eca7195d,Roy Nelson,ebc1f40e00e0c481,Stefan Struve,Stefan Struve,ebc1f40e00e0c481
3ed134d85dfbd7b4,2328c7832a356a6d,4f732e58ed907eff,Ross Pearson,5f87a5c00b3d17ed,Dennis Siver,Dennis Siver,5f87a5c00b3d17ed
3ed134d85dfbd7b4,eeb8b25df8543e0f,b45d6b73f4ca4467,Andre Winner,15b1b21cd743d652,Rafaello Oliveira,Andre Winner,b45d6b73f4ca4467
3ed134d85dfbd7b4,516868e246064e2b,52cae54377b433b7,Nate Quarry,cb46dface0e28a2c,Jorge Rivera,Nate Quarry,52cae54377b433b7
3ed134d85dfbd7b4,2e8217f029c25a3a,eb1723480fa2f96c,Caol Uno,75e5fec9f72910ef,Gleison Tibau,Gleison Tibau,75e5fec9f72910ef
3ed134d85dfbd7b4,9eaea5e0165802d0,c4b81cdecd5d6abe,Gerald Harris,df2bf09c99594848,Mario Miranda,Gerald Harris,c4b81cdecd5d6abe
3ed134d85dfbd7b4,b32acf1c70321321,dc0f07928009a127,Rob Emerson,6fb1ba67bef41b37,Nik Lentz,Nik Lentz,6fb1ba67bef41b37
3ed134d85dfbd7b4,8afb878a0900372e,98f6da59d765ec94,Charlie Brenneman,e5d03e4d966126bd,Jason High,Jason High,e5d03e4d966126bd
3f24c96753dbd9f9,7acca0910edd7023,d814f5192e58fb2f,Drew Fickett,d1a1314976c50bef,Josh Neer,Josh Neer,d1a1314976c50bef
3f24c96753dbd9f9,c2c000a37a89b82f,cb139171ed1b69fe,Kenny Florian,e361e5c858af6ff1,Alex Karalexis,Kenny Florian,cb139171ed1b69fe
3f24c96753dbd9f9,389b7ca84b333c4c,d43a048a880efdff,Chris Leben,9fa3bd637edd9aa2,Patrick Cote,Patrick Cote,9fa3bd637edd9aa2
3f24c96753dbd9f9,bf1525f9761a116e,52cae54377b433b7,Nate Quarry,0359313549d230a1,Pete Sell,Nate Quarry,52cae54377b433b7
3f7c14c7eca7195d,357c5b86ec83b826,5eb50529a8418b77,Gabe Green,8e382b585a92affe,Phil Rowe,Phil Rowe,8e382b585a92affe
3f7c14c7eca7195d,be94e5b7a35ce5f2,f1b2aa7853d1ed6e,Kamaru Usman,23024fdfc966410a,Gilbert Burns,Kamaru Usman,f1b2aa7853d1ed6e
3f7c14c7eca7195d,25b8c932da5e91f4,6a740daf1b279661,Maycee Barber,e8b731feff72294b,Alexa Grasso,Maycee Barber,6a740daf1b279661
3f7c14c7eca7195d,26fbf026beb8e9f8,8c0580d4fff106c1,Kelvin Gastelum,2e585c701f72fe55,Ian Heinisch,Kelvin Gastelum,8c0580d4fff106c1
3f7c14c7eca7195d,8cf076524cad5a55,b1b0729d27936f2f,Belal Muhammad,e9213f53ddeca978,Dhiego Lima,Belal Muhammad,b1b0729d27936f2f
3f7c14c7eca7195d,54e2490959f66dc2,5987b2458f4b5290,Ricky Simon,7be14eaed4c74856,Brian Kelleher,Ricky Simon,5987b2458f4b5290
3f7c14c7eca7195d,17616514e8fdacb9,9673a497a9da119a,Polyana Viana,19b7738321cfae42,Mallory Martin,Polyana Viana,9673a497a9da119a
3f7c14c7eca7195d,9201312dd860fa5a,c549573c0df4d676,Maki Pitolo,d0e1b42d41dab603,Julian Marquez,Maki Pitolo,c549573c0df4d676
3f7c14c7eca7195d,f98e954823bd6e02,5f6f049d54728e88,Andre Ewell,45f0cc9d18f35137,Chris Gutierrez,Chris Gutierrez,45f0cc9d18f35137
3f7c14c7eca7195d,96b1430379c0694a,260e9e0d4954aea6,Rodolfo Vieira,093e1f5bb73850be,Anthony Hernandez,Anthony Hernandez,093e1f5bb73850be
3fed746acfd026dd,148f5128a45e9212,6506c1d34da9c013,Georges St-Pierre,621a6c59f88a44fe,Matt Hughes,Georges St-Pierre,6506c1d34da9c013
3fed746acfd026dd,cb17062bfd400fb2,1fd4fbdcc67de844,Drew McFedries,7f955f71fa2ce7ac,Alessio Sakara,Alessio Sakara,7f955f71fa2ce7ac
3fed746acfd026dd,2f379b530fefb7ea,2a542ee8a8b83559,Tim Sylvia,cbfd1d34356a004c,Jeff Monson,Tim Sylvia,2a542ee8a8b83559
3fed746acfd026dd,ba0a3a4b80418db9,fa315e6c77eee106,Brandon Vera,1ff9589f9065a9ed,Frank Mir,Brandon Vera,fa315e6c77eee106
3fed746acfd026dd,b03109dd04b2fa60,f57a8a52ca401ed9,Nick Diaz,75e5fec9f72910ef,Gleison Tibau,Nick Diaz,f57a8a52ca401ed9
3feed7d02711d8b7,16109688429c09de,a93f94c923c3a9cb,Christian Leroy Duncan,0112352cb32f5026,Denis Tiuliulin,Christian Leroy Duncan,a93f94c923c3a9cb
3feed7d02711d8b7,7990b6716a53b2cd,2f181c0467965b98,Brendan Allen,eabf206b162b3b83,Paul Craig,Brendan Allen,2f181c0467965b98
3feed7d02711d8b7,5be63144ac46f97e,971246648e162f0d,Chase Hooper,ac026518a9b4dc0f,Jordan Leavitt,Chase Hooper,971246648e162f0d
3feed7d02711d8b7,73ebbfb998edc1f1,c32aeb1a59e6272d,Michael Morales,a845f0735bc67405,Jake Matthews,Michael Morales,c32aeb1a59e6272d
3feed7d02711d8b7,2ae243f518948794,6e743a33d56bdaa4,Payton Talbott,0978385b2bd9ef9b,Nick Aguirre,Payton Talbott,6e743a33d56bdaa4
3feed7d02711d8b7,f0fe73e650b746f2,57186c150c645200,Jeka Saragih,11583163f45c7b31,Lucas Alexander,Lucas Alexander,11583163f45c7b31
3feed7d02711d8b7,6997693d552600dd,3cf66c62d9069f43,Lucie Pudilova,06e4245d16fc5315,Ailin Perez,Ailin Perez,06e4245d16fc5315
3feed7d02711d8b7,62b64802ea49e2fd,87c0b1c696ddfb43,Jonathan Pearce,791c8437b341fba5,Joanderson Brito,Jonathan Pearce,87c0b1c696ddfb43
3feed7d02711d8b7,bd4d2522cb0d1a23,a3a542074109b347,Luana Pinheiro,beecb672a279223e,Amanda Ribas,Amanda Ribas,beecb672a279223e
3feed7d02711d8b7,b210b99d9c1c9196,681399317dbf4701,Uros Medic,bf2c8e01b07d3eb1,Myktybek Orolbai,Myktybek Orolbai,bf2c8e01b07d3eb1
3feed7d02711d8b7,c1aef0f60a5b62e3,c7c39e2fb70248b3,Chad Anheliger,84f727cf0166d6f2,Jose Johnson,Chad Anheliger,c7c39e2fb70248b3
3feed7d02711d8b7,9abf0b60a44a82d1,814e5233e2acf2ee,Charles Johnson,83455a9d17f57dae,Rafael Estevam,Rafael Estevam,83455a9d17f57dae
3feed7d02711d8b7,36f10b949b935b8c,0d5cc0170c1a7e71,Mick Parkin,89839250eb25c9c1,Caio Machado,Mick Parkin,0d5cc0170c1a7e71
400c7b43c86d27d3,8e5744c664fec3e9,fa6796c55d6c5440,Curtis Blaydes,739fd4fbb5d862f4,Rizvan Kuniev,Curtis Blaydes,fa6796c55d6c5440
400c7b43c86d27d3,36ec204f47e4d613,ae81a3ac7b260411,Tofiq Musayev,bf2c8e01b07d3eb1,Myktybek Orolbai,Myktybek Orolbai,bf2c8e01b07d3eb1
400c7b43c86d27d3,03bc32bdb5a33496,5444c5a201d3ee5a,Jamahal Hill,749f572d1d3161fb,Khalil Rountree Jr.,Khalil Rountree Jr.,749f572d1d3161fb
400c7b43c86d27d3,7513a00037094075,ff62013d2fce6d13,Nazim Sadykhov,37f560436d745c18,Nikolas Motta,Nazim Sadykhov,ff62013d2fce6d13
400c7b43c86d27d3,fff3218758c513b8,07047eb7d17fb0a2,Daria Zhelezniakova,bd532e9a2b93870c,Melissa Mullins,Melissa Mullins,bd532e9a2b93870c
400c7b43c86d27d3,a1afc16e21d1a807,c814b4c899793af6,Rafael Fiziev,e4a47b07044ddd72,Ignacio Bahamondes,Rafael Fiziev,c814b4c899793af6
400c7b43c86d27d3,19764211af05674c,8d11d9c13e2ccdf7,Muhammad Naimov,fb37795db81f93f3,Bogdan Grad,Muhammad Naimov,8d11d9c13e2ccdf7
400c7b43c86d27d3,5fcf18bcd2a020f1,6a96ad1bc34fb113,Ismail Naurdiev,285ae0b4a68221f4,JunYong Park,JunYong Park,285ae0b4a68221f4
400c7b43c86d27d3,a12d3a6c8aaf87ca,3329d692aea4dc28,Hamdy Abdelwahab,da7f113b5ea39c43,Mohammed Usman,Mohammed Usman,da7f113b5ea39c43
400c7b43c86d27d3,e512b80bbaea36c2,4a07b1988477502c,Seokhyeon Ko,6b56e94a59b7b134,Oban Elliott,Seokhyeon Ko,4a07b1988477502c
400c7b43c86d27d3,8c140756bf43dcc2,f00ac08ab056af5d,Tagir Ulanbekov,7f1bf0c255ec8756,Azat Maksum,Tagir Ulanbekov,f00ac08ab056af5d
400c7b43c86d27d3,2bfc0212f2cae65b,103e2e33a60683e1,Irina Alekseeva,9f5e3c20ce40b344,Klaudia Sygula,Klaudia Sygula,9f5e3c20ce40b344
40389d39a92f5bfa,940701effe1d2b6c,436f970c9ea9169c,Gabriel Benitez,aa171d55d4b5208f,Billy Quarantillo,Billy Quarantillo,aa171d55d4b5208f
40389d39a92f5bfa,7d4c160dab6eae73,275aca31f61ba28c,Islam Makhachev,d945aae53e3e54e6,Thiago Moises,Islam Makhachev,275aca31f61ba28c
40389d39a92f5bfa,72105dd82d964e7a,18968f97ad34f15c,Jeremy Stephens,72db2a14ffa73ece,Mateusz Gamrot,Mateusz Gamrot,72db2a14ffa73ece
40389d39a92f5bfa,c5e71fbf22f669f7,3df5493bb279226f,Amanda Lemos,1235b31de15d0c6e,Montserrat Conejo Ruiz,Amanda Lemos,3df5493bb279226f
40389d39a92f5bfa,93d5452726f5f364,b4537562f88ac582,Khalid Taha,2f6a993c7f547c13,Sergey Morozov,Sergey Morozov,2f6a993c7f547c13
40389d39a92f5bfa,813444e109995c97,260e9e0d4954aea6,Rodolfo Vieira,71505842fb6455c3,Dustin Stoltzfus,Rodolfo Vieira,260e9e0d4954aea6
40389d39a92f5bfa,49876b12d440af40,cdadae5363b66eef,Francisco Figueiredo,dee294e9717012c2,Malcolm Gordon,Malcolm Gordon,dee294e9717012c2
40389d39a92f5bfa,8151659b2bc16f0e,8a1f3b5c526cd6e6,Daniel Rodriguez,9fe7af8b3fbe00a0,Preston Parsons,Daniel Rodriguez,8a1f3b5c526cd6e6
40389d39a92f5bfa,f0b83b05f3dd9580,c7d297714d9ab1a4,Marion Reneau,b96619b3acd7d9da,Miesha Tate,Miesha Tate,b96619b3acd7d9da
41dca66f9dadfc86,923e151bd990961b,dea070ed4a2a8281,Thiago Santos,7ff97850e8c32bda,Glover Teixeira,Glover Teixeira,7ff97850e8c32bda
41dca66f9dadfc86,0fed97329b78b887,9560ff14eb3129f7,Giga Chikadze,f0fad0e9f3b65752,Jamey Simmons,Giga Chikadze,9560ff14eb3129f7
41dca66f9dadfc86,f0cf92b063735164,3738e68d2261e60f,Andrei Arlovski,04c8b08b16a5b99e,Tanner Boser,Andrei Arlovski,3738e68d2261e60f
41dca66f9dadfc86,69fa167ba5d0fd82,92a9aa9c93192871,Darren Elkins,7bde387d50829adf,Eduardo Garagorri,Darren Elkins,92a9aa9c93192871
41dca66f9dadfc86,fea7dd5904ab4c91,b27a1fcb56a3035a,Trevin Giles,899923ff6ab13917,Bevon Lewis,Trevin Giles,b27a1fcb56a3035a
41dca66f9dadfc86,2267d967d1daf08a,c0badf3243907e59,Alexandr Romanov,ab943cd2c3c17825,Marcos Rogerio de Lima,Alexandr Romanov,c0badf3243907e59
41dca66f9dadfc86,55019da3a4bd5d54,b0d6a1d8ac3d563d,Max Griffin,3d074044a33825e7,Ramiz Brahimaj,Max Griffin,b0d6a1d8ac3d563d
41dca66f9dadfc86,6ac3d588f9630f0a,b9f28e7045fdfce7,Raoni Barcelos,b4537562f88ac582,Khalid Taha,Raoni Barcelos,b9f28e7045fdfce7
41dca66f9dadfc86,cb720b01fd6f9785,93b62c5f2ba18e51,Gustavo Lopez,c5a126ace82a6025,Anthony Birchak,Anthony Birchak,c5a126ace82a6025
41dca66f9dadfc86,b76590c02f86e705,ec34349e7dffcde7,Claudia Gadelha,c41d426cc7326d1b,Yan Xiaonan,Yan Xiaonan,c41d426cc7326d1b
421ccfc6ddb17958,5efd13a12be06706,d1feea7a4bdcd503,Baisangur Susurkaev,64b12fe31be7560c,Eric Nolan,Eric Nolan,64b12fe31be7560c
421ccfc6ddb17958,9fa6a029f7f8241c,396fe87b84ac2e1c,Lerone Murphy,5537efc6e496dd84,Aaron Pico,Lerone Murphy,396fe87b84ac2e1c
421ccfc6ddb17958,12cedec11b37ddc0,0d7b51c9d2649a6e,Dricus Du Plessis,767755fd74662dbf,Khamzat Chimaev,Khamzat Chimaev,767755fd74662dbf
421ccfc6ddb17958,a2eafd9e1d5031b1,6a1901c62ab3870f,Jessica Andrade,8e5d953bdb9ae5e7,Loopy Godinez,Loopy Godinez,8e5d953bdb9ae5e7
421ccfc6ddb17958,bc63f1b2e52f603e,64a50dad704d1d49,Edson Barboza,7cbf7c78d3b34218,Drakkar Klose,Drakkar Klose,7cbf7c78d3b34218
421ccfc6ddb17958,42585ce706c086de,b997be68943010fc,Geoff Neal,7ee0fd831c0fe7c3,Carlos Prates,Carlos Prates,7ee0fd831c0fe7c3
421ccfc6ddb17958,5b880d10b0ed7acc,6ac9bc2953c47345,Gerald Meerschaert,0d65c432720accb9,Michal Oleksiejczuk,Michal Oleksiejczuk,0d65c432720accb9
421ccfc6ddb17958,1d8dc0fb5d47357f,971246648e162f0d,Chase Hooper,262a7d06203657e6,Alexander Hernandez,Chase Hooper,971246648e162f0d
421ccfc6ddb17958,82338ba457fbe87f,c96d9178c9ed9e62,Tim Elliott,d33da8a3d82bdb62,Kai Asakura,Tim Elliott,c96d9178c9ed9e62
421ccfc6ddb17958,9939d7073462e07e,13a0275fa13c4d26,Jared Cannonier,a67d071163962af8,Michael Page,Michael Page,a67d071163962af8
421ccfc6ddb17958,88020d22cf905792,9d62c2d8ee151f08,Karine Silva,27b388f0aab49780,Dione Barbosa,Karine Silva,9d62c2d8ee151f08
421ccfc6ddb17958,68c423c7119004f3,30cad5a751adcb48,Alibi Idiris,2fe9032955c2e013,Joseph Morales,Alibi Idiris,30cad5a751adcb48
429e7d3725852ce9,41222c4fab03d6f8,86dfed7cc24a9fa7,Matt Serra,5755960ebd0b16f6,Ivan Menjivar,Ivan Menjivar,5755960ebd0b16f6
429e7d3725852ce9,a40e421630b67e5c,6506c1d34da9c013,Georges St-Pierre,5bb0a618ad03ac64,Jay Hieron,Georges St-Pierre,6506c1d34da9c013
429e7d3725852ce9,7014356795515aea,8f2d9ee27f206f1f,Evan Tanner,1652f3213655b935,Phil Baroni,Evan Tanner,8f2d9ee27f206f1f
429e7d3725852ce9,dffef4343e822399,1ff9589f9065a9ed,Frank Mir,2a542ee8a8b83559,Tim Sylvia,Tim Sylvia,2a542ee8a8b83559
429e7d3725852ce9,1201d192092baacf,d2d37e8eeb3abc8d,Frank Trigg,8a8a84b743ae7699,Dennis Hallman,Dennis Hallman,8a8a84b743ae7699
42c96a9c4802e2e1,3210723fbb018fa7,2fe9032955c2e013,Joseph Morales,a0c64f272b65d441,Eric Shelton,Eric Shelton,a0c64f272b65d441
42c96a9c4802e2e1,933cf2674503c63d,0052de90691d4a93,Davi Ramos,3956bdc8ab2e54b3,John Gunther,Davi Ramos,0052de90691d4a93
42c96a9c4802e2e1,79fb77a0b0294aec,207773daeb4afa7b,Devonte Smith,902ec2cc48c8ae8a,Julian Erosa,Devonte Smith,207773daeb4afa7b
42c96a9c4802e2e1,38abefbf24624a35,f57dd0bfa8c17813,Mark De La Rosa,b12fc8a41e82d3a2,Joby Sanchez,Mark De La Rosa,f57dd0bfa8c17813
42c96a9c4802e2e1,17f69a241aa952fd,6a740daf1b279661,Maycee Barber,2244d9a2b64b8c3b,Hannah Cifers,Maycee Barber,6a740daf1b279661
42c96a9c4802e2e1,14cf0828d6e373ab,08af939f41b5a57b,Beneil Dariush,d945aae53e3e54e6,Thiago Moises,Beneil Dariush,08af939f41b5a57b
42c96a9c4802e2e1,bd5efa4b53dc1642,b4c6c904a9ffc5e8,Ashley Yoder,d4a31850a7457f1b,Amanda Cooper,Ashley Yoder,b4c6c904a9ffc5e8
42c96a9c4802e2e1,2c84f2cb1bb23ab8,5bf31a46becc1204,Michael Trizano,2844b047183a1adb,Luis Pena,Luis Pena,2844b047183a1adb
42c96a9c4802e2e1,0a667143584a2d96,fc169c387b4b465d,Raquel Pennington,1d239d571e342453,Germaine de Randamie,Raquel Pennington,fc169c387b4b465d
42c96a9c4802e2e1,46cfd4aaa02ce202,1d00756835ca67c9,Donald Cerrone,f2b6fdb20675b11c,Mike Perry,Donald Cerrone,1d00756835ca67c9
42c96a9c4802e2e1,0ccd16201ac41ef8,c451d67c09c55418,Chan Sung Jung,cbf5e6f231b55443,Yair Rodriguez,Yair Rodriguez,cbf5e6f231b55443
4304992c2acc187b,aaf45b095452be23,6d35bf94f7d30241,Amir Albazi,55fa6ce3e522c8bb,Zhalgas Zhumagulov,Amir Albazi,6d35bf94f7d30241
4304992c2acc187b,99dbe9669f31ed91,eae48ff31db420c2,Arman Tsarukyan,dccb63727f2f5f74,Matt Frevola,Arman Tsarukyan,eae48ff31db420c2
4304992c2acc187b,83da743f6dda7dcc,3253b16d38ae087d,Julianna Pena,7be74a12d7352df2,Sara McMann,Julianna Pena,3253b16d38ae087d
4304992c2acc187b,cd08b68f0bafafbf,cd2c4d30c6e13b47,Marina Rodriguez,beecb672a279223e,Amanda Ribas,Marina Rodriguez,cd2c4d30c6e13b47
4304992c2acc187b,c597fd8bb66d54d8,749f572d1d3161fb,Khalil Rountree Jr.,6370c1c1e12723d5,Marcin Prachnio,Khalil Rountree Jr.,749f572d1d3161fb
4304992c2acc187b,c4ea3f6fae702459,f72465a784c1b084,Jessica Eye,12f91bfa8f1f723b,Joanne Wood,Joanne Wood,12f91bfa8f1f723b
4304992c2acc187b,92f569a6d9374b86,0c6d9ea8306c029e,Brad Tavares,52e76bb4b3e852f3,Antonio Carlos Junior,Brad Tavares,0c6d9ea8306c029e
4304992c2acc187b,3d3e7dc7b4bf2bc4,029eaff01e6bb8f0,Dustin Poirier,f4c49976c75c5ab2,Conor McGregor,Conor McGregor,f4c49976c75c5ab2
4304992c2acc187b,f3ccbfd7036f3cf3,6fb1ba67bef41b37,Nik Lentz,76e2870ffafbe38f,Movsar Evloev,Movsar Evloev,76e2870ffafbe38f
4304992c2acc187b,65352221c0bfe52d,fccf811c1e8b01c7,Andrew Sanchez,ea7e5bc78d9de658,Makhmud Muradov,Makhmud Muradov,ea7e5bc78d9de658
4304992c2acc187b,a5075f4eaee6036f,193b9d1858bc4df3,Dan Hooker,4b93a88f3b1de35b,Michael Chandler,Dan Hooker,193b9d1858bc4df3
43563a32c3f10e95,fa537adfb4a7b719,0dba4df5f34d5ff0,Rafael Natal,6809c31286b08d97,Tom Watson,Rafael Natal,0dba4df5f34d5ff0
43563a32c3f10e95,c699c0e56664ff11,701e057d63c124d9,Ian McCall,c268b2cfebccf652,John Lineker,John Lineker,c268b2cfebccf652
43563a32c3f10e95,6451724f8a836167,dea070ed4a2a8281,Thiago Santos,993d385f5a475375,Andy Enz,Thiago Santos,dea070ed4a2a8281
43563a32c3f10e95,b347480405118de5,06f36cf4bd97ec77,Ed Herman,b1a3e0aca758b322,Derek Brunson,Derek Brunson,b1a3e0aca758b322
43563a32c3f10e95,cbb4673397b5e96f,3bad7ef643840f67,Joe Lauzon,59279a7c978f7da0,Al Iaquinta,Al Iaquinta,59279a7c978f7da0
43563a32c3f10e95,d52a5d085bfa569b,effd9de9937996f8,Tyron Woodley,8c0580d4fff106c1,Kelvin Gastelum,Kelvin Gastelum,8c0580d4fff106c1
43563a32c3f10e95,0a2f344e419bd4fd,2aa49b3766a59bcd,Jordan Mein,31ee470ef5dc8d7f,Thiago Alves,Thiago Alves,31ee470ef5dc8d7f
43563a32c3f10e95,776a8a645868f616,cfb65863d5099327,Thales Leites,c80095f6092271a7,Tim Boetsch,Thales Leites,cfb65863d5099327
43563a32c3f10e95,7fa227a1c5ef2238,b96619b3acd7d9da,Miesha Tate,7be74a12d7352df2,Sara McMann,Miesha Tate,b96619b3acd7d9da
43612456979e5d5e,3a8baa48c9b30d47,14aa21bc82cac57d,Iliarde Santos,b2e3aca4cd363477,Chris Cariaso,Chris Cariaso,b2e3aca4cd363477
43612456979e5d5e,3e610c7a2ab31acd,7cdd3e5d3aa9cb39,Yan Cabral,8f3df4c579cfbb69,David Mitchell,Yan Cabral,7cdd3e5d3aa9cb39
43612456979e5d5e,9ad2dde9c35d3cc4,2f13e4020cea5b38,Raphael Assuncao,c849740a3ff51931,TJ Dillashaw,Raphael Assuncao,2f13e4020cea5b38
43612456979e5d5e,3fc3179cd800128e,5866fc86183a9fb8,Erick Silva,9bcf8603ceb25680,Dong Hyun Kim,Dong Hyun Kim,9bcf8603ceb25680
43612456979e5d5e,adede42d4c20494c,2924886ee9c4c527,Thiago Silva,98b80a717b9bda17,Matt Hamill,Matt Hamill,98b80a717b9bda17
43612456979e5d5e,e0ca5ac323768da0,8ddf9c51c5fdea75,Rousimar Palhares,236a37d96d476164,Mike Pierce,Mike Pierce,236a37d96d476164
43612456979e5d5e,79e7b986601fdd2a,cd7763bcadb5d4c8,Alan Patrick,129537073431e52e,Garett Whiteley,Alan Patrick,cd7763bcadb5d4c8
43612456979e5d5e,a41ba2624191bf23,427b5953ac8e3a27,Demian Maia,fe435e440b5de0ff,Jake Shields,Demian Maia,427b5953ac8e3a27
43612456979e5d5e,676590832dc86748,7c6e87729e824ef4,Ildemar Alcantara,dbea8c1cb327ab3d,Igor Araujo,Ildemar Alcantara,7c6e87729e824ef4
43612456979e5d5e,fecf9c7a4e965690,1fb80f46d3c105d9,Fabio Maldonado,46baf0f57edfa4df,Joey Beltran,Fabio Maldonado,1fb80f46d3c105d9
445a98acb8985970,16de071ad45cd350,6f018c039b4d5d80,Jon Fitch,31ee470ef5dc8d7f,Thiago Alves,Jon Fitch,6f018c039b4d5d80
445a98acb8985970,e7225dcc3349ae57,0a97691039c4bbfb,Mark Hominick,04d5718ed2661e8c,Jorge Gurgel,Mark Hominick,0a97691039c4bbfb
445a98acb8985970,e22b2f50d7eeed3a,ee779c43a8926d52,Rashad Evans,c6a33ff198aaaeeb,Stephan Bonnar,Rashad Evans,ee779c43a8926d52
445a98acb8985970,ccdd6c7577927a8c,1f454354805b6f75,Anderson Silva,d43a048a880efdff,Chris Leben,Anderson Silva,1f454354805b6f75
445a98acb8985970,c4f05ff2781530f4,fb1538b46877a695,Jonathan Goulet,93ce4ac89e3d7652,Luke Cummo,Luke Cummo,93ce4ac89e3d7652
44aa652b181bcf68,737e2781e4a7db5c,cc1a8b4b38b92c6d,Montel Jackson,dbac0a413af64bbe,Felipe Colares,Montel Jackson,cc1a8b4b38b92c6d
44aa652b181bcf68,b88b170a7fe40544,2244d9a2b64b8c3b,Hannah Cifers,f0feeb2192937424,Angela Hill,Angela Hill,f0feeb2192937424
44aa652b181bcf68,7dcd5d8a44a284e5,215a70f073a7b726,Jordan Espinosa,ab2b4ff41d6ebe0f,Alex Perez,Alex Perez,ab2b4ff41d6ebe0f
44aa652b181bcf68,ed94cdc0f2b97e15,040a74bb0a465c54,Arnold Allen,6fb1ba67bef41b37,Nik Lentz,Arnold Allen,040a74bb0a465c54
44aa652b181bcf68,6195d3e7c412c8a2,5444c5a201d3ee5a,Jamahal Hill,025f0b1b58fbad01,Darko Stosic,Jamahal Hill,5444c5a201d3ee5a
44aa652b181bcf68,037d2f426c916ffc,fa6796c55d6c5440,Curtis Blaydes,63def5a5662a6917,Junior Dos Santos,Junior Dos Santos,63def5a5662a6917
44aa652b181bcf68,2ef54419defb2364,6a2f7c151031653d,Rafael Dos Anjos,c58f51dedb310998,Michael Chiesa,Rafael Dos Anjos,6a2f7c151031653d
44aa652b181bcf68,79161bde28636128,7be74a12d7352df2,Sara McMann,2eeaefbfc7f9fcff,Lina Lansberg,Sara McMann,7be74a12d7352df2
44aa652b181bcf68,918c2efc59c1952e,ec52462a1b41f714,Brett Johns,601964f9654f911a,Tony Gravely,Brett Johns,ec52462a1b41f714
44aa652b181bcf68,901dbd1e6463c4ba,4f140403000158b5,Herbert Burns,583ee11abddfc581,Nate Landwehr,Nate Landwehr,583ee11abddfc581
44aa652b181bcf68,3fd3b871e83434c5,899923ff6ab13917,Bevon Lewis,3f7dab21b6c971bc,Dequan Townsend,Bevon Lewis,899923ff6ab13917
44aa652b181bcf68,151c2bd6dfefb4b5,928ae2e5b5f7a9ec,Justine Kish,3cf66c62d9069f43,Lucie Pudilova,Lucie Pudilova,3cf66c62d9069f43
44f9c777fed7ca03,6aa873e65d880322,511e82663651438d,Michael Johnson,7b143a54451263d9,Paul Sass,Michael Johnson,511e82663651438d
44f9c777fed7ca03,765a1fde5ee12784,5f04e3d58d9ce982,Yves Edwards,15b1b21cd743d652,Rafaello Oliveira,Yves Edwards,5f04e3d58d9ce982
44f9c777fed7ca03,cdedc8f026307dd7,75e0d3cc2262b732,Shane Roller,a26198ba5093147e,TJ Grant,TJ Grant,a26198ba5093147e
44f9c777fed7ca03,3542b1fd47163fcd,eb29176b03dfa888,Matt Wiman,86f582852a5b240a,Mac Danzig,Matt Wiman,eb29176b03dfa888
44f9c777fed7ca03,f914dd2414f9a0ae,365fee2da473b177,Anthony Johnson,98f6da59d765ec94,Charlie Brenneman,Anthony Johnson,365fee2da473b177
44f9c777fed7ca03,008d1123cc90f003,658c3465581ae46b,Pat Barry,ebc1f40e00e0c481,Stefan Struve,Stefan Struve,ebc1f40e00e0c481
44f9c777fed7ca03,e2433610f128d963,10f3ba6cd2f44a97,Dominick Cruz,8a304bfd6bf04a57,Demetrious Johnson,Demetrious Johnson,8a304bfd6bf04a57
4512e46543b960ad,a45596cda51a1816,3738e68d2261e60f,Andrei Arlovski,8d03ce87ca14e778,Francis Ngannou,Francis Ngannou,8d03ce87ca14e778
4512e46543b960ad,1cd0ce0e2312ad52,b0bd0c5425668b8f,Henrique da Silva,99bcdf5eac39898f,Jordan Johnson,Jordan Johnson,99bcdf5eac39898f
4512e46543b960ad,481aef2d2802ec68,b9664eae2ac75262,Eric Spicely,77d7295d1b22c694,Alessio Di Chirico,Alessio Di Chirico,77d7295d1b22c694
4512e46543b960ad,99373dc33dfbf6e0,ab943cd2c3c17825,Marcos Rogerio de Lima,917a5cb9821df261,Jeremy Kimball,Marcos Rogerio de Lima,ab943cd2c3c17825
4512e46543b960ad,0094d2ed98819f7a,a0f0004aadf10b71,Alexandre Pantoja,a0c64f272b65d441,Eric Shelton,Alexandre Pantoja,a0f0004aadf10b71
4512e46543b960ad,637f561cd731fb44,2f13e4020cea5b38,Raphael Assuncao,cb696ebfb6598724,Aljamain Sterling,Aljamain Sterling,cb696ebfb6598724
4512e46543b960ad,c5865afc31cb6c59,7dfb56f24fe5ddea,Bobby Nash,e64b96c07d7ce999,Li Jingliang,Li Jingliang,e64b96c07d7ce999
4512e46543b960ad,43682a646b9b956f,7aa3d6964eff4877,Alex Caceres,bb1a2cdad6ff34db,Jason Knight,Alex Caceres,7aa3d6964eff4877
4512e46543b960ad,ab79fe7b35ccc3dc,132deb59abae64b1,Valentina Shevchenko,3253b16d38ae087d,Julianna Pena,Valentina Shevchenko,132deb59abae64b1
4512e46543b960ad,3c8eb8ad5e98876f,a8e6a69796280f17,Nate Marquardt,d156513a19acf856,Sam Alvey,Nate Marquardt,a8e6a69796280f17
4512e46543b960ad,b91756d955e14d2e,1d00756835ca67c9,Donald Cerrone,47b9e0e7703a4868,Jorge Masvidal,Donald Cerrone,1d00756835ca67c9
4565d435005319c0,b5ec939fd1edf048,fea79f9bc8c68769,Marlon Moraes,d0f3959b4a9747e6,Jose Aldo,Jose Aldo,d0f3959b4a9747e6
4565d435005319c0,efc40ec41114d8fa,150ff4cc642270b9,Max Holloway,e1248941344b3288,Alexander Volkanovski,Alexander Volkanovski,e1248941344b3288
4565d435005319c0,36fcfd186a8d6df7,80fa8218c99f9c58,Amanda Nunes,1d239d571e342453,Germaine de Randamie,Amanda Nunes,80fa8218c99f9c58
4565d435005319c0,98dd88d83f57c17a,31123249b0bbf52e,Matt Brown,484acc7b0f856ce9,Ben Saunders,Matt Brown,31123249b0bbf52e
4565d435005319c0,30523303e8d85c25,64facb6cc564262d,Punahele Soriano,1cf7ccf64a5bf24e,Oskar Piechota,Punahele Soriano,64facb6cc564262d
4565d435005319c0,35d0ef51fede263c,f72465a784c1b084,Jessica Eye,36541f1e6c5d4955,Viviane Araujo,Viviane Araujo,36541f1e6c5d4955
4565d435005319c0,1881b1e85cceee13,792be9a24df82ed6,Brandon Moreno,853eb0dd5c0e2149,Kai Kara-France,Kai Kara-France,853eb0dd5c0e2149
4565d435005319c0,c4eaeec8ac778b27,b9706f80d005036c,Ketlen Vieira,578ef12674df1e6a,Irene Aldana,Ketlen Vieira,b9706f80d005036c
4565d435005319c0,82177c0f91d9618a,f1b2aa7853d1ed6e,Kamaru Usman,dc9572dd6ec74859,Colby Covington,Kamaru Usman,f1b2aa7853d1ed6e
4565d435005319c0,a0c82ba11a373008,d661ce4da776fc20,Petr Yan,78114b7199cef90c,Urijah Faber,Petr Yan,d661ce4da776fc20
4565d435005319c0,dd88960598219eba,2e585c701f72fe55,Ian Heinisch,16690d100f995f8f,Omari Akhmedov,Omari Akhmedov,16690d100f995f8f
4565d435005319c0,ad5ef8d8678ff97f,b997be68943010fc,Geoff Neal,f2b6fdb20675b11c,Mike Perry,Geoff Neal,b997be68943010fc
4565d435005319c0,d42410f6f1039ab5,971246648e162f0d,Chase Hooper,fbf0537e420e698e,Daniel Teymur,Chase Hooper,971246648e162f0d
45a2ba3ef82b9700,a815119606930378,f50d95223751e6ca,Russell Doane,6bd02119599741a4,Pedro Munhoz,Pedro Munhoz,6bd02119599741a4
45a2ba3ef82b9700,509519d82e906c0f,71002dbc1743b9a7,Felipe Arantes,12f1b140e248bdb9,Jerrod Sanders,Jerrod Sanders,12f1b140e248bdb9
45a2ba3ef82b9700,e71a155192ff2f6c,23024fdfc966410a,Gilbert Burns,fb41432b622992a9,Lukasz Sajewski,Gilbert Burns,23024fdfc966410a
45a2ba3ef82b9700,420f4e4dc341eb57,cf65d56b0755ed3b,Alan Jouban,b1b0729d27936f2f,Belal Muhammad,Belal Muhammad,b1b0729d27936f2f
45a2ba3ef82b9700,d39010c3511fb972,654ae722109a0d31,Joe Duffy,c76ec2bc3a57666a,Mitch Clarke,Joe Duffy,654ae722109a0d31
45a2ba3ef82b9700,5cf03fdfe557803f,ec71a892fada28c7,Marco Beltran,f9081770e28ea2e1,Reginaldo Vieira,Reginaldo Vieira,f9081770e28ea2e1
45a2ba3ef82b9700,9a984ea967886979,3f7c14c7eca7195d,Roy Nelson,d3df1add9d9a7efb,Derrick Lewis,Derrick Lewis,d3df1add9d9a7efb
45a2ba3ef82b9700,caf3ca7fc0195412,6d4b63c767106d3a,Vicente Luque,74d35fbc9c6a61bd,Alvaro Herrera Mendoza,Vicente Luque,6d4b63c767106d3a
45a2ba3ef82b9700,bb9020ac324fb706,6a2f7c151031653d,Rafael Dos Anjos,33a331684283900f,Eddie Alvarez,Rafael Dos Anjos,6a2f7c151031653d
45a2ba3ef82b9700,d18b33bdd37f4683,f5990c11974d8e9c,Mike Pyle,4b1d46a1b5c0fd11,Alberto Mina,Alberto Mina,4b1d46a1b5c0fd11
4604ab1de9058474,8dbd4d1df2e7ff67,33011768c3c4dc9a,Terry Etim,bfc2fc38a0e20211,Matt Grice,Terry Etim,33011768c3c4dc9a
4604ab1de9058474,05b7bfd4fe75af69,2b93ebd9f5417ad2,Michael Bisping,817e0bdf08efce2e,Elvis Sinosic,Michael Bisping,2b93ebd9f5417ad2
4604ab1de9058474,89b27e0bfa4ef4c3,f7a7f7118d4b01b6,Lyoto Machida,4f95f74620a6b7a4,David Heath,Lyoto Machida,f7a7f7118d4b01b6
4604ab1de9058474,57871671074ceb4c,3738e68d2261e60f,Andrei Arlovski,492b202d2064e7a9,Fabricio Werdum,Fabricio Werdum,492b202d2064e7a9
4604ab1de9058474,e7a7ab126225540c,270b89c00ef0c55c,Gabriel Gonzaga,c32fb8c0f6471a4d,Mirko Filipovic,Gabriel Gonzaga,270b89c00ef0c55c
4679a38cced7c64a,e27a9b4b4a46f091,33011768c3c4dc9a,Terry Etim,44bc27bfa76dcd9e,Renee Forte,Renee Forte,44bc27bfa76dcd9e
4679a38cced7c64a,3dbf17b9946d26db,2c99576fefe53c7c,Renan Barao,d0314416a7f26527,Michael McDonald,Renan Barao,2c99576fefe53c7c
4679a38cced7c64a,635ef1f12a60e9d7,f5431394fb284bb9,James Te Huna,bc3ec52ef70fc155,Ryan Jimmo,Ryan Jimmo,bc3ec52ef70fc155
4679a38cced7c64a,2968840a5f24ce9f,1e1dbd1cc5a7469e,Jimi Manuwa,43563a32c3f10e95,Cyrille Diabate,Cyrille Diabate,43563a32c3f10e95
4679a38cced7c64a,d607908be8b19273,b6c4451cb13c9303,Andy Ogle,60ba33c3f555a7a3,Josh Grispi,Andy Ogle,b6c4451cb13c9303
4679a38cced7c64a,493b7a8e3253b133,d247691a6c0e9034,Cub Swanson,029eaff01e6bb8f0,Dustin Poirier,Dustin Poirier,029eaff01e6bb8f0
4679a38cced7c64a,22a574162e2ebcf6,6809c31286b08d97,Tom Watson,1d4bbaabd8b60173,Stanislav Nedkov,Tom Watson,6809c31286b08d97
4679a38cced7c64a,530558f01ac425af,7b143a54451263d9,Paul Sass,d1e7fc58d4225cdf,Danny Castillo,Danny Castillo,d1e7fc58d4225cdf
4679a38cced7c64a,7549887ba7ae86e6,fd55393021a8c255,Gunnar Nelson,f8dc544e7077d014,Jorge Santiago,Gunnar Nelson,fd55393021a8c255
46baf0f57edfa4df,b5df5a0a0bda9256,3e708ce33b6b18e6,Victor Martinez,6c3b2525436cf5d4,Tom Nolan,Tom Nolan,6c3b2525436cf5d4
46baf0f57edfa4df,17aa636aa98678d3,64a50dad704d1d49,Edson Barboza,396fe87b84ac2e1c,Lerone Murphy,Lerone Murphy,396fe87b84ac2e1c
46baf0f57edfa4df,85ddb65429a9d517,2558ae2e5671e318,Khaos Williams,a53d30163304aa6e,Carlston Harris,Khaos Williams,2558ae2e5671e318
46baf0f57edfa4df,20220ace492af368,40f3cb27fc7305a1,Themba Gorimbo,3d074044a33825e7,Ramiz Brahimaj,Themba Gorimbo,40f3cb27fc7305a1
46baf0f57edfa4df,2a43df4cc047a28b,a3a542074109b347,Luana Pinheiro,f0feeb2192937424,Angela Hill,Angela Hill,f0feeb2192937424
46baf0f57edfa4df,5dcade01fc840da6,0232cabbc30a2372,Adrian Yanez,65cdf4ec31143d86,Vinicius Salvador,Adrian Yanez,0232cabbc30a2372
46baf0f57edfa4df,3aea9c60d25fc93b,4f3064faf17aa711,Tamires Vidal,a4a80dd7336ffd59,Melissa Gatto,Melissa Gatto,a4a80dd7336ffd59
46baf0f57edfa4df,68ee31dd0853cdc9,46e2011d92463b7e,Oumar Sy,3e8118c1ab52f211,Tuco Tokkos,Oumar Sy,46e2011d92463b7e
46baf0f57edfa4df,069df63733dcf697,2c483cf443f38ece,Vanessa Demopoulos,02f8fedc18cbd26c,Emily Ducote,Emily Ducote,02f8fedc18cbd26c
46baf0f57edfa4df,28c6de749d0d0e9d,e375cb5caf4717b6,Piera Rodriguez,c0d5c0c95c59050b,Ariane Carnelossi,Piera Rodriguez,e375cb5caf4717b6
46baf0f57edfa4df,63605e9f3e71d738,1897b7b913736a7c,Alatengheili,102a8fdf8cbf7467,Kleydson Rodrigues,Kleydson Rodrigues,102a8fdf8cbf7467
46baf0f57edfa4df,fc2bdd67c1a056a4,36b8f265bcd1b7a4,Abus Magomedov,d317a5e2b3f88c5f,Warlley Alves,Abus Magomedov,36b8f265bcd1b7a4
46c8ec317aff28ac,8b07bdaa0402bf2b,82e7929bf6c2b689,Diego Sanchez,349aaa3da11eb587,Karo Parisyan,Diego Sanchez,82e7929bf6c2b689
46c8ec317aff28ac,9450f80c9fab4da1,dd37fd509af89f15,Josh Koscheck,fb1538b46877a695,Jonathan Goulet,Josh Koscheck,dd37fd509af89f15
46c8ec317aff28ac,8304a0ea004e73f5,d43a048a880efdff,Chris Leben,f8dc544e7077d014,Jorge Santiago,Chris Leben,d43a048a880efdff
46effbd1135423c5,7685701c382cd49a,92437c6775b3f7d1,John Moraga,de75d1c45a39e221,Sergio Pettis,Sergio Pettis,de75d1c45a39e221
46effbd1135423c5,ae803440d778a12b,d6285cba1d1052e0,Bojan Mihajlovic,2d447cc91bdaa545,Joachim Christensen,Joachim Christensen,2d447cc91bdaa545
46effbd1135423c5,5742025a09190829,cbf5e6f231b55443,Yair Rodriguez,73c7cfa551289285,BJ Penn,Yair Rodriguez,cbf5e6f231b55443
46effbd1135423c5,00720c46f864fe03,3bad7ef643840f67,Joe Lauzon,bf43fed8f29e1671,Marcin Held,Marcin Held,bf43fed8f29e1671
46effbd1135423c5,53c3565ee1d3411a,1a98c9dbb7fc3959,Jocelyn Jones-Lybarger,d343df8ba11f4c4e,Nina Nunes,Nina Nunes,d343df8ba11f4c4e
46effbd1135423c5,bbb67c2ac4453d64,065eb44700e641a4,Devin Powell,7cbf7c78d3b34218,Drakkar Klose,Drakkar Klose,7cbf7c78d3b34218
46effbd1135423c5,c1356395d6b055d7,75afb06215a07341,Dmitrii Smoliakov,9be6020024133293,Cyril Asker,Cyril Asker,9be6020024133293
46effbd1135423c5,b60bbec8ec98941b,9ba2226646046b63,Frankie Saenz,3d5b1ce6097dbb49,Augusto Mendes,Frankie Saenz,9ba2226646046b63
46effbd1135423c5,8edb831924d69dd9,523fa774700d7d3f,Court McGee,484acc7b0f856ce9,Ben Saunders,Court McGee,523fa774700d7d3f
46effbd1135423c5,1a81573425c585fb,98c23cb6da5b3352,Aleksei Oleinik,202b0467521c9d6f,Viktor Pesta,Aleksei Oleinik,98c23cb6da5b3352
46effbd1135423c5,3f7684492c9df05e,03f982ca3735070c,Walt Harris,01b352b6a9074d5c,Chase Sherman,Walt Harris,03f982ca3735070c
46effbd1135423c5,8156479490877d08,5331b25a60417ffb,Anthony Rocco Martin,c17041f1bb5768d8,Alex White,Anthony Rocco Martin,5331b25a60417ffb
46f11d15c0134fe3,9f14f080b08e6869,f2688492b9a525a3,Frankie Edgar,e0ec3c3b6b611f7e,Hermes Franca,Frankie Edgar,f2688492b9a525a3
46f11d15c0134fe3,51ae1d8a663ae1fe,a6d8bfe9e0c8153b,Kevin Burns,365fee2da473b177,Anthony Johnson,Anthony Johnson,365fee2da473b177
46f11d15c0134fe3,333c9e6f3cc8f91e,0ff11cc094e887bc,Cain Velasquez,20bcc9966affb19c,Jake O'Brien,Cain Velasquez,0ff11cc094e887bc
46f11d15c0134fe3,4eafb2657c3781f5,1f454354805b6f75,Anderson Silva,a7f4d0902bb64092,James Irvin,Anderson Silva,1f454354805b6f75
46f11d15c0134fe3,8d26509990b6e518,9f1641c08cf8fbe2,Shannon Gugerty,058e4e08a1ad8aba,Dale Hartt,Shannon Gugerty,9f1641c08cf8fbe2
46f11d15c0134fe3,403bed9fe983b10a,5d7bdab5e03e3216,CB Dollaway,dd992d569aaebee6,Jesse Taylor,Jesse Taylor,dd992d569aaebee6
47b7e4e60813b7b2,76602c3658d70273,a8283a4f415e1eb9,Francisco Trinaldo,ee9ebceabfd16fa7,Kevin Lee,Francisco Trinaldo,a8283a4f415e1eb9
47b7e4e60813b7b2,74d4e37b97866514,b102c26727306ab6,Jussier Formiga,a4de54ea806fb525,Ray Borg,Ray Borg,a4de54ea806fb525
47b7e4e60813b7b2,34524408fb4d6752,140745cbbcb023ac,Mauricio Rua,fcd448a2fe1a23cc,Gian Villante,Mauricio Rua,140745cbbcb023ac
47b7e4e60813b7b2,24f156a78bd32026,57b10fca4f9c9a7a,Alex Oliveira,4b47e71384a9522f,Tim Means,Tim Means,4b47e71384a9522f
47b7e4e60813b7b2,ebb94e00d6431e7a,b71ce838b01f2cad,Rony Jason,68f6e96c5fa6e044,Jeremy Kennedy,Jeremy Kennedy,68f6e96c5fa6e044
47b7e4e60813b7b2,0ace7e71f5d66bc9,f215cfbd4ba3c270,Garreth McLellan,2e5c2aa8e4ab9d82,Paulo Costa,Paulo Costa,2e5c2aa8e4ab9d82
47b7e4e60813b7b2,f4f5049e789b7716,1bcaac2d99b90fce,Sergio Moraes,0052de90691d4a93,Davi Ramos,Davi Ramos,0052de90691d4a93
47b7e4e60813b7b2,12740c6b17779fe9,e51fcd9cd84c0b93,Michel Prazeres,6da99156486ed6c2,Joshua Burkman,Michel Prazeres,e51fcd9cd84c0b93
47b7e4e60813b7b2,dc169cc01d675125,94527830000ab715,Rani Yahya,a4e85a58fbce64b2,Joe Soto,Rani Yahya,94527830000ab715
47b7e4e60813b7b2,b47e4f0982938e5b,64a50dad704d1d49,Edson Barboza,08af939f41b5a57b,Beneil Dariush,Beneil Dariush,08af939f41b5a57b
480b702debcb5433,f5fb4435faf1ca04,887961364be5ceb3,King Green,50d2f0018bcf9eef,Pat Healy,King Green,887961364be5ceb3
480b702debcb5433,e6663b2c16df6191,8a304bfd6bf04a57,Demetrious Johnson,80eacd4da0617c57,Joseph Benavidez,Demetrious Johnson,8a304bfd6bf04a57
480b702debcb5433,5929c539190c8a07,501b07aec9b8fc2d,Sam Stout,7be63795363029e8,Cody McKenzie,Sam Stout,501b07aec9b8fc2d
480b702debcb5433,c1d2ce95229cdbd9,523fa774700d7d3f,Court McGee,4c7781da8c6cae93,Ryan LaFlare,Ryan LaFlare,4c7781da8c6cae93
480b702debcb5433,0f215b143e08f425,6546af7ab545b90c,Darren Uyenoyama,e18a19001a3f7c7d,Alptekin Ozkilic,Darren Uyenoyama,6546af7ab545b90c
480b702debcb5433,4618dcef2dc6250f,e14b5aa06eea9653,Abel Trujillo,3b9f723e2720a238,Roger Bowling,Abel Trujillo,e14b5aa06eea9653
480b702debcb5433,319d75c21fbb5d3f,3bad7ef643840f67,Joe Lauzon,86f582852a5b240a,Mac Danzig,Joe Lauzon,3bad7ef643840f67
480b702debcb5433,a5c76ead1a2767b6,d1e7fc58d4225cdf,Danny Castillo,64a50dad704d1d49,Edson Barboza,Edson Barboza,64a50dad704d1d49
480b702debcb5433,631f0721b3fc56dc,b5b684eac99ae0a3,Chad Mendes,6fb1ba67bef41b37,Nik Lentz,Chad Mendes,b5b684eac99ae0a3
480b702debcb5433,00566b4d89565373,78114b7199cef90c,Urijah Faber,d0314416a7f26527,Michael McDonald,Urijah Faber,78114b7199cef90c
480b702debcb5433,5ffccdf4af20dc0d,0b64d0fed453ef7f,Scott Jorgensen,57ab4d7c0bc09a30,Zach Makovsky,Zach Makovsky,57ab4d7c0bc09a30
4834ff149dc9542a,490724f8b3658f67,1d00756835ca67c9,Donald Cerrone,9e8f6c728eb01124,Justin Gaethje,Justin Gaethje,9e8f6c728eb01124
4834ff149dc9542a,ece3a7a9e930ef9d,65578a75fa7900e3,Uriah Hall,52e76bb4b3e852f3,Antonio Carlos Junior,Antonio Carlos Junior,52e76bb4b3e852f3
4834ff149dc9542a,36d90f1812f0d432,7ff97850e8c32bda,Glover Teixeira,1091d4d957141094,Nikita Krylov,Glover Teixeira,7ff97850e8c32bda
4834ff149dc9542a,9de23eb1471e592b,56709e66f1c6008f,Cole Smith,46e0d677f91bacc0,Miles Johns,Miles Johns,46e0d677f91bacc0
4834ff149dc9542a,acf658afda38d8af,873626e5547b5235,Kyle Prepolec,d2cd7a69cc55e7ed,Austin Hubbard,Austin Hubbard,d2cd7a69cc55e7ed
4834ff149dc9542a,462a95890423d3c6,4bd6b4800070b069,Chas Skelly,ebef46976554f975,Jordan Griffin,Chas Skelly,4bd6b4800070b069
4834ff149dc9542a,14176809bcdafd01,7b433309b0fd12aa,Brad Katona,2af2f2e26c4c0402,Hunter Azure,Hunter Azure,2af2f2e26c4c0402
4834ff149dc9542a,241687ff5fe92331,d2bc285ead803db0,Louis Smolka,35e1f9984ed64206,Ryan MacDonald,Louis Smolka,d2bc285ead803db0
4834ff149dc9542a,92b98afec5eb4e05,67f272324a030d00,Misha Cirkunov,70e1f8a821b72c8b,Jimmy Crute,Misha Cirkunov,67f272324a030d00
4834ff149dc9542a,dadaee9624256e07,595db60957de51d3,Michel Pereira,2ebfbe72ed703925,Tristan Connelly,Michel Pereira,595db60957de51d3
4834ff149dc9542a,9d3a38cc18807e10,c9cf753cfdf77fc2,Marcin Tybura,441eacbe20e0e80b,Augusto Sakai,Marcin Tybura,c9cf753cfdf77fc2
487c170da059857d,469fba0129c95278,a0c64f272b65d441,Eric Shelton,215a70f073a7b726,Jordan Espinosa,Eric Shelton,a0c64f272b65d441
487c170da059857d,0f9679fda36f7f41,4a57ebb14315b251,Randa Markos,f0feeb2192937424,Angela Hill,Angela Hill,f0feeb2192937424
487c170da059857d,0717bc30025f3656,35e1f9984ed64206,Ryan MacDonald,45f0cc9d18f35137,Chris Gutierrez,Chris Gutierrez,45f0cc9d18f35137
487c170da059857d,8d70694ceeb0dc9a,4c2d90e335e6df19,Alexis Davis,8e1f36476ef02a6a,Jennifer Maia,Alexis Davis,4c2d90e335e6df19
487c170da059857d,721b23d896a44e2e,d9c6f19f958643e9,Bryce Mitchell,d76ad9a08c4408ff,Bobby Moffett,Bryce Mitchell,d9c6f19f958643e9
487c170da059857d,55b53fdad307b708,6a740daf1b279661,Maycee Barber,6fd953151d981979,JJ Aldrich,Maycee Barber,6a740daf1b279661
487c170da059857d,971b3d35c302cf8f,7c7332319c14094c,Marlon Vera,9ba2226646046b63,Frankie Saenz,Marlon Vera,7c7332319c14094c
487c170da059857d,9532ebf4d9405e65,fa6796c55d6c5440,Curtis Blaydes,ce1e867808ef5fce,Justin Willis,Curtis Blaydes,fa6796c55d6c5440
487c170da059857d,3812b265afd78186,2844b047183a1adb,Luis Pena,b93c06d09d1c4ac0,Steven Peterson,Luis Pena,2844b047183a1adb
487c170da059857d,eb096b0196a7ff65,b102c26727306ab6,Jussier Formiga,aa72b0f831d0bfe5,Deiveson Figueiredo,Deiveson Figueiredo,aa72b0f831d0bfe5
487c170da059857d,56ae02578b1163ee,4a28cb716c19157a,Stephen Thompson,cbb682f5fcc44bfc,Anthony Pettis,Stephen Thompson,4a28cb716c19157a
4887e5bc4dbb73ff,5f6b8e48e7d3b66f,bd58d34e39b7b12a,Ben Rothwell,63def5a5662a6917,Junior Dos Santos,Junior Dos Santos,63def5a5662a6917
4887e5bc4dbb73ff,9b79c05aa978c066,8d03ce87ca14e778,Francis Ngannou,fa6796c55d6c5440,Curtis Blaydes,Curtis Blaydes,fa6796c55d6c5440
4887e5bc4dbb73ff,f4d9138ba502b7ec,d3df1add9d9a7efb,Derrick Lewis,270b89c00ef0c55c,Gabriel Gonzaga,Derrick Lewis,d3df1add9d9a7efb
4887e5bc4dbb73ff,42afd8c4fc85f485,1dafccb62a0f98ec,Robert Whiteford,7413b80dbb0f8f9f,Lucas Martins,Lucas Martins,7413b80dbb0f8f9f
4887e5bc4dbb73ff,eb53ec8983cb2a95,cc900af167fbedfd,Timothy Johnson,c9cf753cfdf77fc2,Marcin Tybura,Marcin Tybura,c9cf753cfdf77fc2
4887e5bc4dbb73ff,5aa7ecc6507841bd,9d19d9e4aa2662e8,Nicolas Dalby,4ba8d454f762005d,Zak Cummings,Zak Cummings,4ba8d454f762005d
4887e5bc4dbb73ff,26779cfb01372664,53278852bcd91e11,Igor Pokrajac,99df7d0a2a08a8a8,Jan Blachowicz,Jan Blachowicz,99df7d0a2a08a8a8
4887e5bc4dbb73ff,79884c0df84662b9,8f5c8850b2484173,Mairbek Taisumov,38c626ca912c7bac,Damir Hadzovic,Mairbek Taisumov,8f5c8850b2484173
4887e5bc4dbb73ff,a020b5b917c27bb8,13a0275fa13c4d26,Jared Cannonier,9be6020024133293,Cyril Asker,Jared Cannonier,13a0275fa13c4d26
4887e5bc4dbb73ff,fcb225f454ebf1a1,77d7295d1b22c694,Alessio Di Chirico,fcce75a25c14a804,Bojan Velickovic,Alessio Di Chirico,77d7295d1b22c694
48d1f690b763934c,faec13fd40b6d797,7f955f71fa2ce7ac,Alessio Sakara,cfb65863d5099327,Thales Leites,Thales Leites,cfb65863d5099327
48d1f690b763934c,8ead66bc1678519b,896c322f56b8be5a,George Sotiropoulos,3c0437fbeda06962,George Roop,George Sotiropoulos,896c322f56b8be5a
48d1f690b763934c,ef6a0ee848382391,fc31f896cde2bc2e,John Howard,eff47295daf721a6,Tamdan McCrory,John Howard,fc31f896cde2bc2e
48d1f690b763934c,a9dc59e90779c1e3,91186547a7f3f758,Ricardo Almeida,234f3767ff0e5701,Kendall Grove,Ricardo Almeida,91186547a7f3f758
48d1f690b763934c,6a61d45818534b19,f2c8ebbeafd45f2b,Aaron Riley,2db7fa8db6bc9632,Shane Nelson,Shane Nelson,2db7fa8db6bc9632
48d1f690b763934c,b71f07f052d0a48b,aa1952ec0b3dd8e1,Kurt Pellegrino,d1a1314976c50bef,Josh Neer,Kurt Pellegrino,aa1952ec0b3dd8e1
48d1f690b763934c,28037f9be7e0781a,0941df56f6ac954b,Johny Hendricks,2650e2f846a30f64,Amir Sadollah,Johny Hendricks,0941df56f6ac954b
48d1f690b763934c,de495aa2ec1f1e91,1f454354805b6f75,Anderson Silva,fcffee71cff5530e,Forrest Griffin,Anderson Silva,1f454354805b6f75
48d1f690b763934c,73a4a092c1850b57,73c7cfa551289285,BJ Penn,cb139171ed1b69fe,Kenny Florian,Kenny Florian,cb139171ed1b69fe
48e093ea1f43a053,e25875165648162b,fcd448a2fe1a23cc,Gian Villante,7a5e8c94a86f9895,Chris Barnett,Gian Villante,fcd448a2fe1a23cc
48e093ea1f43a053,88cc78d2d5d6bcaa,e4277e87a789d687,Dustin Jacoby,6ebe96a116e79e52,John Allan,Dustin Jacoby,e4277e87a789d687
48e093ea1f43a053,8081cb92f71401c6,077e3ace32b72be9,CJ Vergara,6d68c1afe954f121,Ode Osbourne,Ode Osbourne,6d68c1afe954f121
48e093ea1f43a053,31b3ae9352d9389b,f1b2aa7853d1ed6e,Kamaru Usman,dc9572dd6ec74859,Colby Covington,Kamaru Usman,f1b2aa7853d1ed6e
48e093ea1f43a053,733dcfec0cc9b439,442c9011034ae1fd,Ian Machado Garry,e26bd53b751d61d9,Jordan Williams,Ian Machado Garry,442c9011034ae1fd
48e093ea1f43a053,19722043e7eb4e39,47b63240018d5d86,Rose Namajunas,1ebe20ebbfa15e29,Zhang Weili,Zhang Weili,1ebe20ebbfa15e29
48e093ea1f43a053,73d541adc2909dc8,a52bc1e62cf0b7c6,Melsik Baghdasaryan,0e5c4e72237461bb,Bruno Souza,Melsik Baghdasaryan,a52bc1e62cf0b7c6
48e093ea1f43a053,a260238fdb9c47cf,98d961097baaf308,Shane Burgos,aa171d55d4b5208f,Billy Quarantillo,Shane Burgos,98d961097baaf308
48e093ea1f43a053,095a351dd6f09f7e,4144798612ef96e5,Edmen Shahbazyan,881bf86d4cba8578,Nassourdine Imavov,Nassourdine Imavov,881bf86d4cba8578
48e093ea1f43a053,999a0fad4c82148d,9e8f6c728eb01124,Justin Gaethje,4b93a88f3b1de35b,Michael Chandler,Justin Gaethje,9e8f6c728eb01124
48e093ea1f43a053,fa3b28ff3585b4a0,547afe1017e72dbe,Phil Hawes,5442f1bc4b47eaf3,Chris Curtis,Chris Curtis,5442f1bc4b47eaf3
48e093ea1f43a053,d69e3677060af4c7,59279a7c978f7da0,Al Iaquinta,887961364be5ceb3,King Green,King Green,887961364be5ceb3
48e093ea1f43a053,385101e8ad828c39,e5549c82bfb5582d,Alex Pereira,79325a3c1a5c3bf4,Andreas Michailidis,Alex Pereira,e5549c82bfb5582d
48e093ea1f43a053,c634ed84212723ca,f2688492b9a525a3,Frankie Edgar,7c7332319c14094c,Marlon Vera,Marlon Vera,7c7332319c14094c
4908c5ee68a50ee5,08c5dcd426dea606,7e69a4b0961aa555,Brad Blackburn,8d49545dadf9b919,Edgar Garcia,Brad Blackburn,7e69a4b0961aa555
4908c5ee68a50ee5,468d6da7f097e449,82e7929bf6c2b689,Diego Sanchez,c47df9303d318c67,Clay Guida,Diego Sanchez,82e7929bf6c2b689
4908c5ee68a50ee5,11871325db7a13ec,79899ecf62020f6d,Joe Stevenson,8355922d564b152c,Nate Diaz,Nate Diaz,8355922d564b152c
4908c5ee68a50ee5,a5a5e24f4dd40fbf,ccd1299e0345e0ce,Melvin Guillard,75e5fec9f72910ef,Gleison Tibau,Melvin Guillard,ccd1299e0345e0ce
4908c5ee68a50ee5,036bb5b335e93ca8,852454c572675334,James Wilks,322a56923b396b4d,DaMarques Johnson,James Wilks,852454c572675334
4908c5ee68a50ee5,4ae231bd909ceddc,91acd6910b802a9e,Chris Lytle,a6d8bfe9e0c8153b,Kevin Burns,Chris Lytle,91acd6910b802a9e
4908c5ee68a50ee5,1d30430af5257347,4f732e58ed907eff,Ross Pearson,b45d6b73f4ca4467,Andre Winner,Ross Pearson,4f732e58ed907eff
4956f60b7fa57c1a,1d7015553debd1c8,33a331684283900f,Eddie Alvarez,f4c49976c75c5ab2,Conor McGregor,Conor McGregor,f4c49976c75c5ab2
4956f60b7fa57c1a,9ebfd601c43b89b3,b96619b3acd7d9da,Miesha Tate,fc169c387b4b465d,Raquel Pennington,Raquel Pennington,fc169c387b4b465d
4956f60b7fa57c1a,4403857f545ede75,3d6749c4267da18f,Joanna Jedrzejczyk,d7c3816669784109,Karolina Kowalkiewicz,Joanna Jedrzejczyk,3d6749c4267da18f
4956f60b7fa57c1a,8172d8d996335d0a,0dba4df5f34d5ff0,Rafael Natal,c80095f6092271a7,Tim Boetsch,Rafael Natal,0dba4df5f34d5ff0
4956f60b7fa57c1a,ef80a6eea892c296,d1941565abf50b16,Jim Miller,31ee470ef5dc8d7f,Thiago Alves,Thiago Alves,31ee470ef5dc8d7f
4956f60b7fa57c1a,c26806c2d554e50c,032cc3922d871c7f,Khabib Nurmagomedov,511e82663651438d,Michael Johnson,Khabib Nurmagomedov,032cc3922d871c7f
4956f60b7fa57c1a,14477908199435e1,6d4b63c767106d3a,Vicente Luque,b1b0729d27936f2f,Belal Muhammad,Belal Muhammad,b1b0729d27936f2f
4956f60b7fa57c1a,f37d18b5c35145bf,3a8176e15b9887c1,Chris Weidman,f77c68bb4be8516d,Yoel Romero,Yoel Romero,f77c68bb4be8516d
4956f60b7fa57c1a,9c4cbd0546d03f6b,f2688492b9a525a3,Frankie Edgar,18968f97ad34f15c,Jeremy Stephens,Frankie Edgar,f2688492b9a525a3
4956f60b7fa57c1a,706228ddb6076b3f,51a0c09cbe9b8472,Liz Carmouche,e872e9a9a902c045,Katlyn Cerminara,Katlyn Cerminara,e872e9a9a902c045
49590e0508b2c19f,d08a7d4de3c760ec,e57fdbea1b828202,Jake Hecht,0d506315895efffc,Sean Pierson,Sean Pierson,0d506315895efffc
49590e0508b2c19f,2ccecfdd7683043e,55f80a8aeffcdb33,Dustin Pague,edad57b3dddf2168,Jared Papazian,Dustin Pague,55f80a8aeffcdb33
49590e0508b2c19f,be6024894ebcb360,f5990c11974d8e9c,Mike Pyle,d1a1314976c50bef,Josh Neer,Mike Pyle,f5990c11974d8e9c
49590e0508b2c19f,1984570de7f0c89e,4b47e71384a9522f,Tim Means,9b198c73e3d0d289,Justin Salas,Tim Means,4b47e71384a9522f
49590e0508b2c19f,2771872dd02e5d19,fd5b6598a3b70c0a,Seth Baczynski,5431dccc09118234,Lance Benoist,Seth Baczynski,fd5b6598a3b70c0a
49590e0508b2c19f,13a6496a09ae821e,236a37d96d476164,Mike Pierce,4f736494fc733095,Carlos Eduardo Rocha,Mike Pierce,236a37d96d476164
49590e0508b2c19f,77b6fd5d0b8c60b4,5866fc86183a9fb8,Erick Silva,98f6da59d765ec94,Charlie Brenneman,Erick Silva,5866fc86183a9fb8
49590e0508b2c19f,2cf065874bcc4144,8a304bfd6bf04a57,Demetrious Johnson,701e057d63c124d9,Ian McCall,Demetrious Johnson,8a304bfd6bf04a57
49590e0508b2c19f,ed697b0ef9d455e4,fc9a9559a05f2704,Eddie Wineland,0b64d0fed453ef7f,Scott Jorgensen,Eddie Wineland,fc9a9559a05f2704
49590e0508b2c19f,a6d07c32a1cb9730,917e53fa0adea0d3,Leonard Garcia,bfc2fc38a0e20211,Matt Grice,Matt Grice,bfc2fc38a0e20211
4985113c0928aa62,d5457867cbd0caf7,e0b74df14f52cd15,Mike Brown,361d49960a196976,Daniel Pineda,Daniel Pineda,361d49960a196976
4985113c0928aa62,3fc1ebe73920a2a7,6f81b6de2557739a,Jacob Volkmann,7b143a54451263d9,Paul Sass,Jacob Volkmann,6f81b6de2557739a
4985113c0928aa62,a6a1adfeab7f7bb7,b959e8c7fd8390d2,Kyle Kingsbury,7ff97850e8c32bda,Glover Teixeira,Glover Teixeira,7ff97850e8c32bda
4985113c0928aa62,9cdeb62aa9092713,64a50dad704d1d49,Edson Barboza,a54fc2d6fc224dc3,Jamie Varner,Edson Barboza,64a50dad704d1d49
4985113c0928aa62,1a699da1b1b5ef85,0ff11cc094e887bc,Cain Velasquez,8349d55cdecd393a,Antonio Silva,Cain Velasquez,0ff11cc094e887bc
4985113c0928aa62,00cf159d5e637238,3f7c14c7eca7195d,Roy Nelson,cbd6f1abf955e628,Dave Herman,Roy Nelson,3f7c14c7eca7195d
4985113c0928aa62,41e6ace08a2679e1,63def5a5662a6917,Junior Dos Santos,1ff9589f9065a9ed,Frank Mir,Junior Dos Santos,63def5a5662a6917
4985113c0928aa62,8238c5f16d0b39c3,473ce3aa581251a2,Dan Hardy,84ac950d4c1722dd,Duane Ludwig,Dan Hardy,473ce3aa581251a2
4985113c0928aa62,b187bdcc2ceba00f,c2e3e67b5911bfb7,Diego Brandao,92a9aa9c93192871,Darren Elkins,Darren Elkins,92a9aa9c93192871
4985113c0928aa62,a8dc7400f270a144,ebc1f40e00e0c481,Stefan Struve,e6c5908910cc26e4,Lavar Johnson,Stefan Struve,ebc1f40e00e0c481
49c29e57d4e2be6f,b4bbc1b7efa770f5,791c8437b341fba5,Joanderson Brito,11583163f45c7b31,Lucas Alexander,Joanderson Brito,791c8437b341fba5
49c29e57d4e2be6f,84b04e8d6b251c54,0641c21bec209472,Mike Jackson,776d4262c4da38bf,Pete Rodriguez,Pete Rodriguez,776d4262c4da38bf
49c29e57d4e2be6f,fac560495e61d34c,4461d7e47375a895,Tatsuro Taira,077e3ace32b72be9,CJ Vergara,Tatsuro Taira,4461d7e47375a895
49c29e57d4e2be6f,59695aae245cca73,67f272324a030d00,Misha Cirkunov,a495f599e787614f,Alonzo Menifield,Alonzo Menifield,a495f599e787614f
49c29e57d4e2be6f,60bd4d2878c85f70,e375cb5caf4717b6,Piera Rodriguez,e94085e821bd81de,Sam Hughes,Piera Rodriguez,e375cb5caf4717b6
49c29e57d4e2be6f,8252a314c778b8e6,c0386644627a7ee5,Mana Martinez,cc351e408bbb7d43,Brandon Davis,Mana Martinez,c0386644627a7ee5
49c29e57d4e2be6f,860050f211b44d10,12585614e0ed2626,Nick Maximov,d4270315cbcf2569,Jacob Malkoun,Jacob Malkoun,d4270315cbcf2569
49c29e57d4e2be6f,96d4fe315722d1c1,2f13e4020cea5b38,Raphael Assuncao,eb8d8c2a95cfccb8,Victor Henry,Raphael Assuncao,2f13e4020cea5b38
49c29e57d4e2be6f,759c55755d70f7ba,c878270af633eb11,Jordan Wright,866fd7b1a6c90e7f,Dusko Todorovic,Dusko Todorovic,866fd7b1a6c90e7f
49c29e57d4e2be6f,904cf687d22bb486,e8b731feff72294b,Alexa Grasso,36541f1e6c5d4955,Viviane Araujo,Alexa Grasso,e8b731feff72294b
49c29e57d4e2be6f,1af23e7aa71a1d17,d247691a6c0e9034,Cub Swanson,f2477cf43c4975cc,Jonathan Martinez,Jonathan Martinez,f2477cf43c4975cc
49e7e05f902479ca,5315bd4542b21c4b,d7c3816669784109,Karolina Kowalkiewicz,b6850671a008bf9a,Felice Herrig,Karolina Kowalkiewicz,d7c3816669784109
49e7e05f902479ca,95edc0b6438f2592,b6452706b373eea1,Renato Moicano,751de04455cfaac0,Calvin Kattar,Renato Moicano,b6452706b373eea1
49e7e05f902479ca,bab65d16fa74fc5b,3bad7ef643840f67,Joe Lauzon,feaf00f3373435d6,Chris Gruetzemacher,Joe Lauzon,3bad7ef643840f67
49e7e05f902479ca,8803935990adafc1,e5c9de15bb58b1c6,Evan Dunham,55ee431411ccf07a,Olivier Aubin-Mercier,Olivier Aubin-Mercier,55ee431411ccf07a
49e7e05f902479ca,6c5f7f98ec0b6f17,87aa9fb63d6b51a1,Zabit Magomedsharipov,c5af5750e8bae4f0,Kyle Bochniak,Zabit Magomedsharipov,87aa9fb63d6b51a1
49e7e05f902479ca,28f7ba820350e3a3,907e60fd13407e1e,Bec Rawlings,fc6e681bf6658faf,Ashlee Evans-Smith,Bec Rawlings,907e60fd13407e1e
49e7e05f902479ca,12563423bf15e75d,cc7040fe76f0ef91,Devin Clark,18b602842a24f7c5,Mike Rodriguez,Devin Clark,cc7040fe76f0ef91
49e7e05f902479ca,eab7b76e177e1903,032cc3922d871c7f,Khabib Nurmagomedov,59279a7c978f7da0,Al Iaquinta,Khabib Nurmagomedov,032cc3922d871c7f
49e7e05f902479ca,829b3ee4145a1ae6,47b63240018d5d86,Rose Namajunas,3d6749c4267da18f,Joanna Jedrzejczyk,Joanna Jedrzejczyk,3d6749c4267da18f
49efbdc6c9f650c4,3b0258eb19d66f8f,91acd6910b802a9e,Chris Lytle,3dc3022232b79c7a,Brian Foster,Brian Foster,3dc3022232b79c7a
49efbdc6c9f650c4,e892b4a03304f2a4,5d7bdab5e03e3216,CB Dollaway,132f860d02953f4c,Goran Reljic,CB Dollaway,5d7bdab5e03e3216
49efbdc6c9f650c4,241a722f3b042c59,a1f6999fe57236e0,Wanderlei Silva,2b93ebd9f5417ad2,Michael Bisping,Michael Bisping,2b93ebd9f5417ad2
49efbdc6c9f650c4,0ea087a71863184d,59583ff832fe9d68,Krzysztof Soszynski,c6a33ff198aaaeeb,Stephan Bonnar,Krzysztof Soszynski,59583ff832fe9d68
49efbdc6c9f650c4,b4d624bdc27dff83,896c322f56b8be5a,George Sotiropoulos,79899ecf62020f6d,Joe Stevenson,George Sotiropoulos,896c322f56b8be5a
49efbdc6c9f650c4,aefca2869c87eb11,c0ab242c40decc55,Ryan Bader,b9d0fd83bb8a147a,Keith Jardine,Ryan Bader,c0ab242c40decc55
49efbdc6c9f650c4,e716f8079c60bc66,c32fb8c0f6471a4d,Mirko Filipovic,4b4753d19489297f,Anthony Perosh,Mirko Filipovic,c32fb8c0f6471a4d
49efbdc6c9f650c4,ca93e3f69fa3d725,0ff11cc094e887bc,Cain Velasquez,ee9d73f4fee9cbdd,Antonio Rodrigo Nogueira,Cain Velasquez,0ff11cc094e887bc
49efbdc6c9f650c4,46a7cb6937144ba2,f5431394fb284bb9,James Te Huna,53278852bcd91e11,Igor Pokrajac,James Te Huna,f5431394fb284bb9
4a35913bd9aa4161,24ff385ca78c80d3,601964f9654f911a,Tony Gravely,c5a126ace82a6025,Anthony Birchak,Tony Gravely,601964f9654f911a
4a35913bd9aa4161,627c0a50cff30405,e17ac6410c8377f4,Bartosz Fabinski,6ac9bc2953c47345,Gerald Meerschaert,Gerald Meerschaert,6ac9bc2953c47345
4a35913bd9aa4161,fdfe4e7cb2d0b665,c0badf3243907e59,Alexandr Romanov,ccf5dc41417e9daf,Juan Espino,Alexandr Romanov,c0badf3243907e59
4a35913bd9aa4161,25d4376e00b16510,c742287ed86a09bc,Jessica Penne,8e5d953bdb9ae5e7,Loopy Godinez,Loopy Godinez,8e5d953bdb9ae5e7
4a35913bd9aa4161,0b2c3c4306620d6d,68d4a891e5cf2029,Tracy Cortez,928ae2e5b5f7a9ec,Justine Kish,Tracy Cortez,68d4a891e5cf2029
4a35913bd9aa4161,8d634c9240f161dd,d2cd7a69cc55e7ed,Austin Hubbard,3033c1c080672475,Dakota Bush,Austin Hubbard,d2cd7a69cc55e7ed
4a35913bd9aa4161,a850ba762f3c5334,eae431e70064e046,Abdul Razak Alhassan,d4270315cbcf2569,Jacob Malkoun,Jacob Malkoun,d4270315cbcf2569
4a35913bd9aa4161,f2c82f027201ba21,3738e68d2261e60f,Andrei Arlovski,01b352b6a9074d5c,Chase Sherman,Andrei Arlovski,3738e68d2261e60f
4a35913bd9aa4161,f67aa0b16e16a9ea,e1147d3d2dabe1ce,Robert Whittaker,8c0580d4fff106c1,Kelvin Gastelum,Robert Whittaker,e1147d3d2dabe1ce
4a35913bd9aa4161,a33ecd2c88154890,2844b047183a1adb,Luis Pena,f8f1ec513bcfef43,Alexander Munoz,Luis Pena,2844b047183a1adb
4a9e305633f3ef47,459bc7c0b47719c3,d1941565abf50b16,Jim Miller,1d00756835ca67c9,Donald Cerrone,Donald Cerrone,1d00756835ca67c9
4a9e305633f3ef47,4047e98132306cd5,e1248941344b3288,Alexander Volkanovski,150ff4cc642270b9,Max Holloway,Alexander Volkanovski,e1248941344b3288
4a9e305633f3ef47,12a33d16e1d4e2d9,f2925e6db404bf1d,Robbie Lawler,a331233f597090a5,Bryan Barberena,Robbie Lawler,f2925e6db404bf1d
4a9e305633f3ef47,4d8d1701c43c5fea,442c9011034ae1fd,Ian Machado Garry,5eb50529a8418b77,Gabe Green,Ian Machado Garry,442c9011034ae1fd
4a9e305633f3ef47,0308bcdd00cc72e2,0d8011111be000b2,Sean Strickland,e5549c82bfb5582d,Alex Pereira,Sean Strickland,0d8011111be000b2
4a9e305633f3ef47,1c85003f6ec59c9d,f72465a784c1b084,Jessica Eye,6a740daf1b279661,Maycee Barber,Maycee Barber,6a740daf1b279661
4a9e305633f3ef47,57775c8af89007c7,0c6d9ea8306c029e,Brad Tavares,0d7b51c9d2649a6e,Dricus Du Plessis,Dricus Du Plessis,0d7b51c9d2649a6e
4a9e305633f3ef47,a7eaf7b101166d3e,1338e2c7480bdf9e,Israel Adesanya,13a0275fa13c4d26,Jared Cannonier,Israel Adesanya,1338e2c7480bdf9e
4a9e305633f3ef47,98411542ca0e847d,37ed1ab2f8b819f4,Brad Riddell,4d8fa64202cee4c1,Jalin Turner,Jalin Turner,4d8fa64202cee4c1
4a9e305633f3ef47,0e2c7ec02a095813,6c8072b61c276e67,Jessica-Rose Clark,a78a87d8c2bbb1cb,Julija Stoliarenko,Jessica-Rose Clark,6c8072b61c276e67
4a9e305633f3ef47,99ac96bb67e5c5e4,65578a75fa7900e3,Uriah Hall,886264a0c9f4ea5e,Andre Muniz,Andre Muniz,886264a0c9f4ea5e
4b2390cfaceb91d8,d8c7497043e7e5bd,638cfec7ec559d6e,Brandon Thatch,d8da10db80131bec,Niko Price,Niko Price,d8da10db80131bec
4b2390cfaceb91d8,31acf87e89a4a401,f5990c11974d8e9c,Mike Pyle,a2b12c3f3d60ff69,Alex Garcia,Mike Pyle,f5990c11974d8e9c
4b2390cfaceb91d8,3d07a533feca7458,9bcf8603ceb25680,Dong Hyun Kim,0749d968e932df53,Tarec Saffiedine,Dong Hyun Kim,9bcf8603ceb25680
4b2390cfaceb91d8,0aad210fbaa1db6c,80fa8218c99f9c58,Amanda Nunes,8bdac25ce0bb874d,Ronda Rousey,Amanda Nunes,80fa8218c99f9c58
4b2390cfaceb91d8,abf0f8234f6be37e,0941df56f6ac954b,Johny Hendricks,84b3e7d38f2d2ec5,Neil Magny,Neil Magny,84b3e7d38f2d2ec5
4b2390cfaceb91d8,78736e322574e500,52e76bb4b3e852f3,Antonio Carlos Junior,7acbb0972e75281a,Marvin Vettori,Marvin Vettori,7acbb0972e75281a
4b2390cfaceb91d8,25e6b11e1cf45b83,10f3ba6cd2f44a97,Dominick Cruz,d8c7c61b176e3994,Cody Garbrandt,Dominick Cruz,10f3ba6cd2f44a97
4b2390cfaceb91d8,ab847a4cf397d7d5,d2bc285ead803db0,Louis Smolka,a4de54ea806fb525,Ray Borg,Ray Borg,a4de54ea806fb525
4b2390cfaceb91d8,7f663d67422c1b24,c849740a3ff51931,TJ Dillashaw,c268b2cfebccf652,John Lineker,John Lineker,c268b2cfebccf652
4c12aa7ca246e7a4,1c7ea3928c7d0ad8,76ee3d666c648f6b,Charles Byrd,c549573c0df4d676,Maki Pitolo,Charles Byrd,76ee3d666c648f6b
4c12aa7ca246e7a4,5fdf6611815efdfb,a495f599e787614f,Alonzo Menifield,cc7040fe76f0ef91,Devin Clark,Alonzo Menifield,a495f599e787614f
4c12aa7ca246e7a4,20ba608a6e717f05,e5c9de15bb58b1c6,Evan Dunham,4f140403000158b5,Herbert Burns,Evan Dunham,e5c9de15bb58b1c6
4c12aa7ca246e7a4,6fe8bce03a46350b,2e585c701f72fe55,Ian Heinisch,6ac9bc2953c47345,Gerald Meerschaert,Gerald Meerschaert,6ac9bc2953c47345
4c12aa7ca246e7a4,c03b6b6ce5d03276,cb696ebfb6598724,Aljamain Sterling,65f09bacd3957381,Cory Sandhagen,Aljamain Sterling,cb696ebfb6598724
4c12aa7ca246e7a4,dc38c78358e053c3,80fa8218c99f9c58,Amanda Nunes,39d91e95949de3d9,Felicia Spencer,Amanda Nunes,80fa8218c99f9c58
4c12aa7ca246e7a4,0ddf834a47533d15,2f13e4020cea5b38,Raphael Assuncao,d8c7c61b176e3994,Cody Garbrandt,Raphael Assuncao,2f13e4020cea5b38
4c12aa7ca246e7a4,c6ca435e24c5f4e4,bf7ad5628363eec9,Cody Stamann,7be14eaed4c74856,Brian Kelleher,Cody Stamann,bf7ad5628363eec9
4c12aa7ca246e7a4,de4c4997f1429dd1,b102c26727306ab6,Jussier Formiga,ab2b4ff41d6ebe0f,Alex Perez,Alex Perez,ab2b4ff41d6ebe0f
4c12aa7ca246e7a4,f2cd665eab69876a,7aa3d6964eff4877,Alex Caceres,971246648e162f0d,Chase Hooper,Chase Hooper,971246648e162f0d
4c12aa7ca246e7a4,8bede5047e97d602,84b3e7d38f2d2ec5,Neil Magny,5331b25a60417ffb,Anthony Rocco Martin,Neil Magny,84b3e7d38f2d2ec5
4c12aa7ca246e7a4,58584ccd0f63e3f3,fc9a9559a05f2704,Eddie Wineland,b50a426a33da0012,Sean O'Malley,Sean O'Malley,b50a426a33da0012
4c27ca8c8481f79a,dc870fab1e0f15e1,cc1a8b4b38b92c6d,Montel Jackson,0b362247806341e5,JP Buys,Montel Jackson,cc1a8b4b38b92c6d
4c27ca8c8481f79a,d1621b3da377f34b,d4c9dcd330403612,Anthony Smith,a67f5afa8d6a1b80,Ryan Spann,Ryan Spann,a67f5afa8d6a1b80
4c27ca8c8481f79a,85e5498808346d6b,a13d755965a4ec9f,Rongzhu,6a8928652fc01bee,Brandon Jenkins,Rongzhu,a13d755965a4ec9f
4c27ca8c8481f79a,ceaf7ed5ade30d9f,6551c64fbcd1a467,Ariane da Silva,297a2b35444c245b,Mandy Bohm,Ariane da Silva,6551c64fbcd1a467
4c27ca8c8481f79a,576b795e33ddd62d,6e9f40c706f91f32,Nate Maness,601964f9654f911a,Tony Gravely,Tony Gravely,601964f9654f911a
4c27ca8c8481f79a,13a8ddb1c3f55ed4,eae48ff31db420c2,Arman Tsarukyan,de45aaae23dfa392,Christos Giagos,Arman Tsarukyan,eae48ff31db420c2
4c27ca8c8481f79a,d06495deb1ff1750,18b602842a24f7c5,Mike Rodriguez,6aae253467e8f9ce,Tafon Nchukwi,Tafon Nchukwi,6aae253467e8f9ce
4c27ca8c8481f79a,2d42742aade53799,91dac5e69e28d5b5,Pannie Kianzad,fc169c387b4b465d,Raquel Pennington,Raquel Pennington,fc169c387b4b465d
4c27ca8c8481f79a,06b3226c34c17001,257b0c8d6f199895,Impa Kasanganay,a53d30163304aa6e,Carlston Harris,Carlston Harris,a53d30163304aa6e
4c27ca8c8481f79a,0ce63c2148e70b4c,669970f7feba8ecd,Erin Blanchfield,49b130de1da2e1bf,Sarah Alpar,Erin Blanchfield,669970f7feba8ecd
4c27ca8c8481f79a,eb10feae98ea7d36,b3d21b2610dcfaeb,Emily Whitmire,26e3f3928b1891d9,Hannah Goldy,Emily Whitmire,b3d21b2610dcfaeb
4c27ca8c8481f79a,4b5f9b7c31d1205d,cd13728ae1151f46,Ion Cutelaba,cc7040fe76f0ef91,Devin Clark,Ion Cutelaba,cd13728ae1151f46
4c27ca8c8481f79a,401f5f4714132d50,b9437600497350f3,Joaquin Buckley,61fb8098ccf81c7f,Antonio Arroyo,Joaquin Buckley,b9437600497350f3
4c8d6fde2dde07c4,23243c27deb4d596,06f36cf4bd97ec77,Ed Herman,7339d340aa2889cb,Kyle Noke,Kyle Noke,7339d340aa2889cb
4c8d6fde2dde07c4,aa4aa75f0065a687,473ce3aa581251a2,Dan Hardy,91acd6910b802a9e,Chris Lytle,Dan Hardy,473ce3aa581251a2
4c8d6fde2dde07c4,345f0bd50451a321,893d51aaf024eddd,Jimy Hettes,7aa3d6964eff4877,Alex Caceres,Alex Caceres,7aa3d6964eff4877
4c8d6fde2dde07c4,03938272fb7c3971,6f81b6de2557739a,Jacob Volkmann,d1e7fc58d4225cdf,Danny Castillo,Jacob Volkmann,6f81b6de2557739a
4c8d6fde2dde07c4,a39286bf0a443ff0,bd21a1e3d41c97ee,Ronny Markes,d23ccf4a6c221284,Karlos Vemola,Ronny Markes,bd21a1e3d41c97ee
4c8d6fde2dde07c4,0fd5485e64712df9,80eacd4da0617c57,Joseph Benavidez,fc9a9559a05f2704,Eddie Wineland,Joseph Benavidez,80eacd4da0617c57
4c8d6fde2dde07c4,295c2e1ae2d54287,1d00756835ca67c9,Donald Cerrone,07225ba28ae309b6,Charles Oliveira,Charles Oliveira,07225ba28ae309b6
4c8d6fde2dde07c4,09c1d4c96efd0545,2650e2f846a30f64,Amir Sadollah,84ac950d4c1722dd,Duane Ludwig,Amir Sadollah,2650e2f846a30f64
4c8d6fde2dde07c4,74773b56e0b31c6b,5d7bdab5e03e3216,CB Dollaway,23459ee7e373b98f,Jared Hamman,CB Dollaway,5d7bdab5e03e3216
4c8d6fde2dde07c4,5169aaf0ce80d1f8,d1941565abf50b16,Jim Miller,2676b28836a5a836,Benson Henderson,Benson Henderson,2676b28836a5a836
4d636c3aa1105950,5a79d4b9a8f8352f,68c11c27d4d56572,Dominique Steele,98a6b2361045898f,Dong Hyun Ma,Dominique Steele,68c11c27d4d56572
4d636c3aa1105950,3266f569a6246d90,aed06011bf62237b,Dongi Yang,92fa1401b7927da3,Jake Collier,Dongi Yang,aed06011bf62237b
4d636c3aa1105950,0f641756e99605ad,165c244bcca3ed26,Seo Hee Ham,5f179af5fffeb9f6,Cortney Casey,Cortney Casey,5f179af5fffeb9f6
4d636c3aa1105950,7ac1c2f87b795742,2c1170b825f58e57,Guangyou Ning,ec71a892fada28c7,Marco Beltran,Guangyou Ning,2c1170b825f58e57
4d636c3aa1105950,3a932a4cacacc939,5ea918ea81b7dee2,Yao Zhikui,0ccab7c889ede9ea,Fredy Serrano,Fredy Serrano,0ccab7c889ede9ea
4d636c3aa1105950,6ec62f8822843edf,9bcf8603ceb25680,Dong Hyun Kim,2de91c2244ad7e89,Dominic Waters,Dong Hyun Kim,9bcf8603ceb25680
4d636c3aa1105950,982f4f96b6d0f346,2676b28836a5a836,Benson Henderson,47b9e0e7703a4868,Jorge Masvidal,Benson Henderson,2676b28836a5a836
4d636c3aa1105950,caef4f8801f39345,b0550072e5f0afa7,Yoshihiro Akiyama,4b1d46a1b5c0fd11,Alberto Mina,Alberto Mina,4b1d46a1b5c0fd11
4d636c3aa1105950,a09bfdaa83d99efb,e93b04e308913c2e,Dooho Choi,b8aef0faf4ce9b31,Sam Sicilia,Dooho Choi,e93b04e308913c2e
4d74641fac830182,90d50fb7e2bf789e,ccd1299e0345e0ce,Melvin Guillard,d1941565abf50b16,Jim Miller,Jim Miller,d1941565abf50b16
4d74641fac830182,d391ca8154bcf507,84ac950d4c1722dd,Duane Ludwig,d1a1314976c50bef,Josh Neer,Josh Neer,d1a1314976c50bef
4d74641fac830182,0071c5d16e6e07f6,cb46dface0e28a2c,Jorge Rivera,f59f1d3a2ff13edd,Eric Schafer,Jorge Rivera,cb46dface0e28a2c
4d74641fac830182,77c1e127c1be9983,bc7230f231701d66,Mike Easton,edad57b3dddf2168,Jared Papazian,Mike Easton,bc7230f231701d66
4d74641fac830182,fc91f1e448f35797,658c3465581ae46b,Pat Barry,80779d7441af1b52,Christian Morecraft,Christian Morecraft,80779d7441af1b52
4d74641fac830182,8360accf6f70ebc4,ece280745f8727b8,Kamal Shalorus,032cc3922d871c7f,Khabib Nurmagomedov,Khabib Nurmagomedov,032cc3922d871c7f
4d74641fac830182,be7b9301e7c689c1,98f6da59d765ec94,Charlie Brenneman,22edaf53ad59a967,Daniel Roberts,Daniel Roberts,22edaf53ad59a967
4dc496aa0cfc0d95,f20bd0b549e1a97d,73c7cfa551289285,BJ Penn,eb1723480fa2f96c,Caol Uno,Caol Uno,eb1723480fa2f96c
4dc496aa0cfc0d95,e4628e64a2ef7100,0e041d43a47d2e4b,Matt Lindland,1652f3213655b935,Phil Baroni,Matt Lindland,0e041d43a47d2e4b
4e5bbc4566049cbf,647f6d2b9b784222,5866fc86183a9fb8,Erick Silva,b7ad576b8ae115e6,Mike Rhodes,Erick Silva,5866fc86183a9fb8
4e5bbc4566049cbf,e17c7b239e8d6c32,52e76bb4b3e852f3,Antonio Carlos Junior,e51e5cb722bd47a8,Patrick Cummins,Antonio Carlos Junior,52e76bb4b3e852f3
4e5bbc4566049cbf,b9893ab3bed62e60,d53482bef23235ba,Marcio Alexandre Junior,4b47e71384a9522f,Tim Means,Tim Means,4b47e71384a9522f
4e5bbc4566049cbf,d92abff61b0ff5db,ab943cd2c3c17825,Marcos Rogerio de Lima,53278852bcd91e11,Igor Pokrajac,Marcos Rogerio de Lima,ab943cd2c3c17825
4e5bbc4566049cbf,9f5c84d05107f42b,92a9aa9c93192871,Darren Elkins,ed209f6618c82e41,Hacran Dias,Darren Elkins,92a9aa9c93192871
4e5bbc4566049cbf,c26a094aa7ce817e,5fceb45939fc0c8a,Tom Niinimaki,b6452706b373eea1,Renato Moicano,Renato Moicano,b6452706b373eea1
4e5bbc4566049cbf,8a6ecf3dc2b17c19,4bcb6eb12b4ad4aa,Vitor Miranda,92fa1401b7927da3,Jake Collier,Vitor Miranda,4bcb6eb12b4ad4aa
4e5bbc4566049cbf,8040697ea2f36dbd,52ba464d9068d871,Elias Silverio,7ea1f74cef32f906,Rashid Magomedov,Rashid Magomedov,7ea1f74cef32f906
4e5bbc4566049cbf,53e818dd5abdf787,2c99576fefe53c7c,Renan Barao,b8592b4a383696cd,Mitch Gagnon,Renan Barao,2c99576fefe53c7c
4e5bbc4566049cbf,b57aaf04af8bdd34,f7a7f7118d4b01b6,Lyoto Machida,5d7bdab5e03e3216,CB Dollaway,Lyoto Machida,f7a7f7118d4b01b6
4e5bbc4566049cbf,fb4bce82541b4061,d1e1fdcea7c8a90a,Leandro Issa,7c3c48cf54a2848e,Yuta Sasaki,Leandro Issa,d1e1fdcea7c8a90a
4f2fcbefb668689d,23861a2085ea34a3,3be081c29bf734d9,Takanori Gomi,c295de4e10acd4c9,Isaac Vallie-Flagg,Takanori Gomi,3be081c29bf734d9
4f2fcbefb668689d,5b0cc074c657ebd4,150ff4cc642270b9,Max Holloway,8fd808923cffff82,Andre Fili,Max Holloway,150ff4cc642270b9
4f2fcbefb668689d,e332aec001b34f50,07f72a2a7591b409,Jon Jones,7ff97850e8c32bda,Glover Teixeira,Jon Jones,07f72a2a7591b409
4f2fcbefb668689d,9a1d57966d8a17a4,902ab9197b83d0db,Phil Davis,365fee2da473b177,Anthony Johnson,Phil Davis,902ab9197b83d0db
4f2fcbefb668689d,553a788a44b8e794,80eacd4da0617c57,Joseph Benavidez,c96d9178c9ed9e62,Tim Elliott,Joseph Benavidez,80eacd4da0617c57
4f2fcbefb668689d,c3455ba522bb37eb,a7ddae0be8b78147,Jessamyn Duke,673ea7dcc786b1b3,Bethe Correia,Bethe Correia,673ea7dcc786b1b3
4f2fcbefb668689d,82f00e723ed5f6ea,55f446032177b119,Chris Beal,39330403ad27c2bb,Patrick Williams,Chris Beal,55f446032177b119
4f2fcbefb668689d,e4fcad8261083dbf,d1e7fc58d4225cdf,Danny Castillo,98f6da59d765ec94,Charlie Brenneman,Danny Castillo,d1e7fc58d4225cdf
4f2fcbefb668689d,484cf23d5110ca04,d1941565abf50b16,Jim Miller,813550bc53b15fb0,Yancy Medeiros,Jim Miller,d1941565abf50b16
4f2fcbefb668689d,9b10db4499b211b7,00e11b5c8b7bfeeb,Luke Rockhold,c80095f6092271a7,Tim Boetsch,Luke Rockhold,00e11b5c8b7bfeeb
4f670b7972fa0a2e,8c9ff13791378784,4e06913c91da5200,Krzysztof Jotko,2f181c0467965b98,Brendan Allen,Brendan Allen,2f181c0467965b98
4f670b7972fa0a2e,ecc56a86a1eead9d,ae7fe94f117f98cf,Joaquim Silva,5580771f383e141f,Jesse Ronson,Joaquim Silva,ae7fe94f117f98cf
4f670b7972fa0a2e,63f6af6d5f7b82ad,5fa2974cbd18e05c,John Castaneda,b67d6bacc68d4c92,Daniel Santos,John Castaneda,5fa2974cbd18e05c
4f670b7972fa0a2e,de93fda66d203c26,e9a3aeb207578eea,Ilir Latifi,98c23cb6da5b3352,Aleksei Oleinik,Ilir Latifi,e9a3aeb207578eea
4f670b7972fa0a2e,330506571d2778b1,fb3e61720be4690c,Mike Davis,19c591115a58982c,Viacheslav Borshchev,Mike Davis,fb3e61720be4690c
4f670b7972fa0a2e,1aedd959f1523a27,94426bb170c88115,Sodiq Yusuff,da4628f173337902,Don Shainis,Sodiq Yusuff,94426bb170c88115
4f670b7972fa0a2e,7d0d2cecab358ba1,c6aee362c7a7d482,Randy Brown,a8283a4f415e1eb9,Francisco Trinaldo,Francisco Trinaldo,a8283a4f415e1eb9
4f670b7972fa0a2e,d33814971932422a,7447e9f28508106a,Mackenzie Dern,c41d426cc7326d1b,Yan Xiaonan,Yan Xiaonan,c41d426cc7326d1b
4f670b7972fa0a2e,6c79db79da9ae874,d05412b513b19621,Guido Cannetti,325ad0dd9126d3df,Randy Costa,Randy Costa,325ad0dd9126d3df
4f670b7972fa0a2e,ad59e2de1ab5c8d2,a78a87d8c2bbb1cb,Julija Stoliarenko,af9efbfd63d39734,Chelsea Chandler,Chelsea Chandler,af9efbfd63d39734
4f670b7972fa0a2e,a73e33dfce8fcfd8,b9f28e7045fdfce7,Raoni Barcelos,ec23c1be628d8057,Trevin Jones,Raoni Barcelos,b9f28e7045fdfce7
4f732e58ed907eff,110a49a43aafe044,113df4fde64735c6,Davey Grant,2dc1bc1a02961656,Manny Bermudez,Manny Bermudez,2dc1bc1a02961656
4f732e58ed907eff,62389e8fb68f93a4,140745cbbcb023ac,Mauricio Rua,d4c9dcd330403612,Anthony Smith,Mauricio Rua,140745cbbcb023ac
4f732e58ed907eff,23e03d226eb7af80,a6cba6bb66c1a8c9,Danny Roberts,3bb2dc8e87b10a46,David Zawada,David Zawada,3bb2dc8e87b10a46
4f732e58ed907eff,8784ae31153178cd,c9cf753cfdf77fc2,Marcin Tybura,ebc1f40e00e0c481,Stefan Struve,Marcin Tybura,c9cf753cfdf77fc2
4f732e58ed907eff,3ce7f58911773a56,2816ced060a21be3,Nick Hein,38c626ca912c7bac,Damir Hadzovic,Nick Hein,2816ced060a21be3
4f732e58ed907eff,4f16ef3e707447a0,b7b84ccd221be298,Nasrat Haqparast,32c355b04fc57f3a,Marc Diakiese,Nasrat Haqparast,b7b84ccd221be298
4f732e58ed907eff,e0e19f79019d63d2,7ff97850e8c32bda,Glover Teixeira,5e4eec08896c9423,Corey Anderson,Glover Teixeira,7ff97850e8c32bda
4f732e58ed907eff,20bbf7e139c73e8d,4bcb6eb12b4ad4aa,Vitor Miranda,46d0a888d87d91ac,Abu Azaitar,Vitor Miranda,4bcb6eb12b4ad4aa
4f732e58ed907eff,b71192c8fe23078c,b4537562f88ac582,Khalid Taha,776a58a67665a171,Nad Narimani,Nad Narimani,776a58a67665a171
4f732e58ed907eff,afb0d61f22e85d90,ba1e6cb3d43f7430,Justin Ledet,333b9e5c723ac873,Aleksandar Rakic,Aleksandar Rakic,333b9e5c723ac873
4f732e58ed907eff,43af04881587abbc,42a7e90605df3c8a,Damian Stasiak,31bbd39c0a075d4e,Pingyuan Liu,Pingyuan Liu,31bbd39c0a075d4e
4f732e58ed907eff,981ed463bf5d91a8,917a5cb9821df261,Jeremy Kimball,025f0b1b58fbad01,Darko Stosic,Jeremy Kimball,917a5cb9821df261
4f732e58ed907eff,e8190df7465ba2df,103b06d8707895a9,Emil Meek,e17ac6410c8377f4,Bartosz Fabinski,Bartosz Fabinski,e17ac6410c8377f4
4f7e290e71d60f87,0c36a08b1bf60f45,f5990c11974d8e9c,Mike Pyle,dc9572dd6ec74859,Colby Covington,Colby Covington,dc9572dd6ec74859
4f7e290e71d60f87,6257627ba49e42ab,99506df1af6c8b3b,John Dodson,57ab4d7c0bc09a30,Zach Makovsky,John Dodson,99506df1af6c8b3b
4f7e290e71d60f87,419d8143afbcd61c,9fa568ad2bf2cb0b,Justin Scoggins,f65dcb22dada2223,Josh Sampo,Justin Scoggins,9fa568ad2bf2cb0b
4f7e290e71d60f87,530fb0d1a26fc57a,365fee2da473b177,Anthony Johnson,d967f0128c323de6,Daniel Cormier,Daniel Cormier,d967f0128c323de6
4f7e290e71d60f87,652a73f4bf7f1932,3236bf606fe9fa5b,Travis Browne,3738e68d2261e60f,Andrei Arlovski,Andrei Arlovski,3738e68d2261e60f
4f7e290e71d60f87,318460613b6018e9,3a8176e15b9887c1,Chris Weidman,0ee783aa00e468f0,Vitor Belfort,Chris Weidman,3a8176e15b9887c1
4f7e290e71d60f87,b34c608bdfa655e8,65578a75fa7900e3,Uriah Hall,0dba4df5f34d5ff0,Rafael Natal,Rafael Natal,0dba4df5f34d5ff0
4f7e290e71d60f87,bee780601ad13583,1d00756835ca67c9,Donald Cerrone,c21a036b4e012f1c,John Makdessi,Donald Cerrone,1d00756835ca67c9
4f7e290e71d60f87,3a25be6438e3f94a,80eacd4da0617c57,Joseph Benavidez,92437c6775b3f7d1,John Moraga,Joseph Benavidez,80eacd4da0617c57
4f7e290e71d60f87,c2f0a53cd67e1736,9bcf8603ceb25680,Dong Hyun Kim,6da99156486ed6c2,Joshua Burkman,Dong Hyun Kim,9bcf8603ceb25680
4f853e98886283cf,4dac5258f22be059,725b1abc9a39d873,AJ Fletcher,1497e735d9f2560a,Ange Loosa,Ange Loosa,1497e735d9f2560a
4f853e98886283cf,06d6cde7479711ee,31bb0772f21cabd8,Daniel Lacerda,dc7927cd622676a7,Victor Altamirano,Victor Altamirano,dc7927cd622676a7
4f853e98886283cf,0cf7a4593fd44e59,9c65736747ca92ec,Leonardo Santos,7026eca45f65377b,Jared Gordon,Leonardo Santos,9c65736747ca92ec
4f853e98886283cf,d497d74a0df9e35e,7d420039bbfe7c1a,Aoriqileng,01fed6f61ebea01f,Jay Perrin,Aoriqileng,7d420039bbfe7c1a
4f853e98886283cf,2cd9e3796be57a79,fdbefee0827e1567,Wu Yanan,3cf66c62d9069f43,Lucie Pudilova,Lucie Pudilova,3cf66c62d9069f43
4f853e98886283cf,5abcf9f282983acc,49e96ff8ab781589,Tyson Pedro,f703250471acaf96,Harry Hunsucker,Tyson Pedro,49e96ff8ab781589
4f853e98886283cf,2de6652160cc7b9f,2e5c2aa8e4ab9d82,Paulo Costa,00e11b5c8b7bfeeb,Luke Rockhold,Paulo Costa,2e5c2aa8e4ab9d82
4f853e98886283cf,6b9f82291930bfec,6d35bf94f7d30241,Amir Albazi,cdadae5363b66eef,Francisco Figueiredo,Amir Albazi,6d35bf94f7d30241
4f853e98886283cf,2ac3ce1f62b3c4b9,d0f3959b4a9747e6,Jose Aldo,c03520b5c88ed6b4,Merab Dvalishvili,Merab Dvalishvili,c03520b5c88ed6b4
4f853e98886283cf,f70c817388602681,f1b2aa7853d1ed6e,Kamaru Usman,f1fac969a1d70b08,Leon Edwards,Kamaru Usman,f1b2aa7853d1ed6e
4f853e98886283cf,e0b98f3cf4a7cc3b,c9cf753cfdf77fc2,Marcin Tybura,c0badf3243907e59,Alexandr Romanov,Alexandr Romanov,c0badf3243907e59
505934897b8b4824,18efcec3c51750e9,7d96bc577e5178b2,Gray Maynard,c47df9303d318c67,Clay Guida,Gray Maynard,7d96bc577e5178b2
505934897b8b4824,ecb9c5ae7fd7a5cc,d0c29452d3272603,Dan Miller,e9e1acc96536bb4f,Ricardo Funch,Dan Miller,d0c29452d3272603
505934897b8b4824,756cae177016ebf1,501b07aec9b8fc2d,Sam Stout,f34312c2ccfa0e00,Spencer Fisher,Spencer Fisher,f34312c2ccfa0e00
505934897b8b4824,40fa0bf9783cdc2e,4f732e58ed907eff,Ross Pearson,d247691a6c0e9034,Cub Swanson,Cub Swanson,d247691a6c0e9034
505934897b8b4824,179426f56818a1c9,fbf0947399d14323,Ken Stone,55f80a8aeffcdb33,Dustin Pague,Ken Stone,fbf0947399d14323
505934897b8b4824,8a1678a54dc82206,ef7fa30364cbe7f2,Hatsu Hioki,3974fa35c917af1d,Ricardo Lamas,Ricardo Lamas,3974fa35c917af1d
505934897b8b4824,69fd05c73b645a62,32ba186f4b0e3267,Brian Ebersole,8f2939f5fd9cca1e,TJ Waldburger,Brian Ebersole,32ba186f4b0e3267
505934897b8b4824,f4af2b4349b7b589,f8fe2053d73d7bcf,Nick Catone,6c2030e0a143a94b,Chris Camozzi,Chris Camozzi,6c2030e0a143a94b
509697e08673d2e5,405bded9cc7a7c15,a331233f597090a5,Bryan Barberena,326a001926ffb7ec,Darian Weeks,Bryan Barberena,a331233f597090a5
509697e08673d2e5,3109d1151f149aaf,05339613bf8e9808,Rob Font,d0f3959b4a9747e6,Jose Aldo,Jose Aldo,d0f3959b4a9747e6
509697e08673d2e5,a38648a1c190f9be,37ed1ab2f8b819f4,Brad Riddell,c814b4c899793af6,Rafael Fiziev,Rafael Fiziev,c814b4c899793af6
509697e08673d2e5,9e5bbbacf1d92cb4,2f181c0467965b98,Brendan Allen,5442f1bc4b47eaf3,Chris Curtis,Brendan Allen,2f181c0467965b98
509697e08673d2e5,42b28adbed6966b7,a495f599e787614f,Alonzo Menifield,5da33b8fbfa5ee95,William Knight,Alonzo Menifield,a495f599e787614f
509697e08673d2e5,c74b03337a8441ed,d747eb273a40a920,Claudio Puelles,feaf00f3373435d6,Chris Gruetzemacher,Claudio Puelles,d747eb273a40a920
509697e08673d2e5,3fc8afbb23b9ac16,4959f10a62f3fec3,Cheyanne Vlismas,19b7738321cfae42,Mallory Martin,Cheyanne Vlismas,4959f10a62f3fec3
509697e08673d2e5,376dddfa82debbf4,5d1b7e3dd9e11074,Manel Kape,55fa6ce3e522c8bb,Zhalgas Zhumagulov,Manel Kape,5d1b7e3dd9e11074
509697e08673d2e5,5d64044b985004e7,c47df9303d318c67,Clay Guida,9c65736747ca92ec,Leonardo Santos,Leonardo Santos,9c65736747ca92ec
509697e08673d2e5,1ce1a43ef68ffc7d,d2bc285ead803db0,Louis Smolka,37098a6e6c27fb66,Vince Morales,Louis Smolka,d2bc285ead803db0
509697e08673d2e5,657b7da9c89352fe,cdb96af67d096b1e,Alex Morono,9e50097a89442158,Mickey Gall,Alex Morono,cdb96af67d096b1e
509697e08673d2e5,723a8a8c82cab1c8,c549573c0df4d676,Maki Pitolo,866fd7b1a6c90e7f,Dusko Todorovic,Dusko Todorovic,866fd7b1a6c90e7f
509697e08673d2e5,b3847772199e2639,70e1f8a821b72c8b,Jimmy Crute,5444c5a201d3ee5a,Jamahal Hill,Jamahal Hill,5444c5a201d3ee5a
51b0bb73a1da34bc,aa11f2375ee2118f,f7a7f7118d4b01b6,Lyoto Machida,232c582f29f8f65e,Gegard Mousasi,Gegard Mousasi,232c582f29f8f65e
51b0bb73a1da34bc,ffbc12e4f821ec68,7a703c565ccaa18f,Jacare Souza,3591d0d5d382a381,Francis Carmont,Francis Carmont,3591d0d5d382a381
51b0bb73a1da34bc,ea60fdcfd423a15e,a8283a4f415e1eb9,Francisco Trinaldo,5580771f383e141f,Jesse Ronson,Francisco Trinaldo,a8283a4f415e1eb9
51b0bb73a1da34bc,01d4d1d8bcb014cf,2f95a3c6d58b2aad,Iuri Alcantara,5aedf14771ca82d2,Wilson Reis,Iuri Alcantara,2f95a3c6d58b2aad
51b0bb73a1da34bc,8619c3cde7dd4e15,71002dbc1743b9a7,Felipe Arantes,4a1329cc8eb0928a,Maximo Blanco,Maximo Blanco,4a1329cc8eb0928a
51b0bb73a1da34bc,496a169f4c9becec,7c6e87729e824ef4,Ildemar Alcantara,ff6a1f63c254127e,Albert Tumenov,Albert Tumenov,ff6a1f63c254127e
51b0bb73a1da34bc,420114bb94080b3c,a20d7dfaba74c067,Rodrigo Damm,19db7ac26308178f,Ivan Jorge,Ivan Jorge,19db7ac26308178f
51b0bb73a1da34bc,cfefbf79340d3346,ff4c3ab594c7fac3,Cristiano Marcello,a36556bb1565e32d,Joe Proctor,Joe Proctor,a36556bb1565e32d
51b0bb73a1da34bc,d0e084b6345c5af0,d221ee27afc7a60e,Viscardi Andrade,8b5f9ea38184ded3,Nicholas Musoke,Viscardi Andrade,d221ee27afc7a60e
51b0bb73a1da34bc,b96e1222eb1a0faf,07225ba28ae309b6,Charles Oliveira,b6c4451cb13c9303,Andy Ogle,Charles Oliveira,07225ba28ae309b6
51b0bb73a1da34bc,816119e4d9d983b1,3a314d9fa7c6825d,Douglas Silva de Andrade,aceffa19749c4dc0,Zubaira Tukhugov,Zubaira Tukhugov,aceffa19749c4dc0
51b1e2fd9872005b,c02d44564cb006a9,876f478f796495f7,Josh Quinlan,31dbfbe4e7a6727c,Trey Waters,Trey Waters,31dbfbe4e7a6727c
51b1e2fd9872005b,5d11b618f24082dd,8eb046f83e82bf26,Martin Buday,92fa1401b7927da3,Jake Collier,Martin Buday,8eb046f83e82bf26
51b1e2fd9872005b,ecec1b0dd64ca2ae,4126a78111c0855a,Caio Borralho,0d65c432720accb9,Michal Oleksiejczuk,Caio Borralho,4126a78111c0855a
51b1e2fd9872005b,2b1ac5d8f98639bf,efb96bf3e9ada36f,Song Yadong,5987b2458f4b5290,Ricky Simon,Song Yadong,efb96bf3e9ada36f
51b1e2fd9872005b,ca63933f8c898fa2,7f6ed67d3ed3c036,Cody Durden,814e5233e2acf2ee,Charles Johnson,Charles Johnson,814e5233e2acf2ee
51b1e2fd9872005b,e434035be5453be0,3c26c420584d912d,Hailey Cowan,5c637af9472ae7cc,Jamey-Lyn Horth,Jamey-Lyn Horth,5c637af9472ae7cc
51b1e2fd9872005b,88a63555728c2025,78f485f851891d68,Journey Newson,c0ac37a4a1133da9,Marcus McGhee,Marcus McGhee,c0ac37a4a1133da9
51b1e2fd9872005b,37ae5c09d6f03f33,260e9e0d4954aea6,Rodolfo Vieira,f14f644d41ade29f,Cody Brundage,Rodolfo Vieira,260e9e0d4954aea6
51b1e2fd9872005b,8dbfbd8f8bd0f00b,ab943cd2c3c17825,Marcos Rogerio de Lima,fc08099550072fe4,Waldo Cortes-Acosta,Waldo Cortes-Acosta,fc08099550072fe4
51b1e2fd9872005b,f9345fa82bf43847,5e6294b37bbef029,Stephanie Egger,103e2e33a60683e1,Irina Alekseeva,Stephanie Egger,5e6294b37bbef029
51b1e2fd9872005b,e0e2c1fc1a178d89,902ec2cc48c8ae8a,Julian Erosa,d2f43cfaf8ca3560,Fernando Padilla,Fernando Padilla,d2f43cfaf8ca3560
53278852bcd91e11,1a2d13834696c4ab,294aa73dbf37d281,Bruno Silva,9ada30894bf04e19,David Dvorak,Bruno Silva,294aa73dbf37d281
53278852bcd91e11,5cee1d8f1e43d6f5,427b5953ac8e3a27,Demian Maia,23024fdfc966410a,Gilbert Burns,Demian Maia,427b5953ac8e3a27
53278852bcd91e11,9fc6aba53508dc48,8adcbd525fab8d9b,Elizeu Zaleski dos Santos,e2ccd9a9ace60de7,Aleksei Kunchenko,Elizeu Zaleski dos Santos,8adcbd525fab8d9b
53278852bcd91e11,ea303a8e6e31f264,beecb672a279223e,Amanda Ribas,4a57ebb14315b251,Randa Markos,Amanda Ribas,beecb672a279223e
53278852bcd91e11,b3c74554c871fbf8,b102c26727306ab6,Jussier Formiga,792be9a24df82ed6,Brandon Moreno,Brandon Moreno,792be9a24df82ed6
53278852bcd91e11,2a1826612a7d739c,cc8c623cca88f54f,Mayra Bueno Silva,b4192a975027aab6,Maryna Moroz,Mayra Bueno Silva,cc8c623cca88f54f
53278852bcd91e11,5bba49d88db7430f,c21f26bbde777573,Johnny Walker,1091d4d957141094,Nikita Krylov,Nikita Krylov,1091d4d957141094
53278852bcd91e11,ef526567c4dcf371,4798e823ada58fe9,Veronica Hardy,b60c980f79b87ce8,Bea Malecki,Bea Malecki,b60c980f79b87ce8
53278852bcd91e11,dc45c8d70e256749,a8283a4f415e1eb9,Francisco Trinaldo,c21a036b4e012f1c,John Makdessi,Francisco Trinaldo,a8283a4f415e1eb9
53278852bcd91e11,c26a3f4c08333886,b6452706b373eea1,Renato Moicano,38c626ca912c7bac,Damir Hadzovic,Renato Moicano,b6452706b373eea1
53278852bcd91e11,e0b323dae5bf4c90,ee9ebceabfd16fa7,Kevin Lee,07225ba28ae309b6,Charles Oliveira,Charles Oliveira,07225ba28ae309b6
5330fe7e4c3af81c,7ec61e2b0728e6d4,86f582852a5b240a,Mac Danzig,ccd1299e0345e0ce,Melvin Guillard,Melvin Guillard,ccd1299e0345e0ce
5330fe7e4c3af81c,900ae72adbf7c49f,c58f51dedb310998,Michael Chiesa,47b9e0e7703a4868,Jorge Masvidal,Jorge Masvidal,47b9e0e7703a4868
5330fe7e4c3af81c,c5603628f7ae84d3,06f36cf4bd97ec77,Ed Herman,f797f0c57a83353e,Trevor Smith,Ed Herman,06f36cf4bd97ec77
5330fe7e4c3af81c,cf6b9a001b0824de,5f04e3d58d9ce982,Yves Edwards,5f99b2bafb10305f,Daron Cruickshank,Yves Edwards,5f04e3d58d9ce982
5330fe7e4c3af81c,f747701638da90ae,f2925e6db404bf1d,Robbie Lawler,fb8a3025ae722e64,Bobby Voelker,Robbie Lawler,f2925e6db404bf1d
5330fe7e4c3af81c,dbd0ffc84699ad6b,d1e7fc58d4225cdf,Danny Castillo,4b47e71384a9522f,Tim Means,Tim Means,4b47e71384a9522f
5330fe7e4c3af81c,c543563958093446,51a0c09cbe9b8472,Liz Carmouche,6a1901c62ab3870f,Jessica Andrade,Jessica Andrade,6a1901c62ab3870f
5330fe7e4c3af81c,edc00a33666b0b59,8a304bfd6bf04a57,Demetrious Johnson,92437c6775b3f7d1,John Moraga,Demetrious Johnson,8a304bfd6bf04a57
5330fe7e4c3af81c,3f14c96ea899321d,cbd5d3cdd862e90e,Rory MacDonald,d81ac739417d7f53,Jake Ellenberger,Rory MacDonald,cbd5d3cdd862e90e
5330fe7e4c3af81c,b616969d55fb2d7a,f2c8ebbeafd45f2b,Aaron Riley,9b198c73e3d0d289,Justin Salas,Aaron Riley,f2c8ebbeafd45f2b
5330fe7e4c3af81c,9cb8fe20b05d886e,7bd94b60d7521e4a,John Albert,3623bd267a2eef2e,Yaotzin Meza,Yaotzin Meza,3623bd267a2eef2e
5345f86680378fc1,0339f66f18a3e0bf,1fb80f46d3c105d9,Fabio Maldonado,5e4eec08896c9423,Corey Anderson,Corey Anderson,5e4eec08896c9423
5345f86680378fc1,93c4b798134c71d4,0ee783aa00e468f0,Vitor Belfort,1ccf4e7caff270df,Dan Henderson,Dan Henderson,1ccf4e7caff270df
5345f86680378fc1,2be2c9ddfbee0cd4,7ff97850e8c32bda,Glover Teixeira,e51e5cb722bd47a8,Patrick Cummins,Glover Teixeira,7ff97850e8c32bda
5345f86680378fc1,a637cd1012af870f,57b10fca4f9c9a7a,Alex Oliveira,a3be148af5c7b088,Piotr Hallmann,Alex Oliveira,57b10fca4f9c9a7a
5345f86680378fc1,f0b151cc6c91b259,23024fdfc966410a,Gilbert Burns,7ea1f74cef32f906,Rashid Magomedov,Rashid Magomedov,7ea1f74cef32f906
5345f86680378fc1,4ff0075d932d5b14,d221ee27afc7a60e,Viscardi Andrade,7a39bbac8cc0fa70,Gasan Umalatov,Viscardi Andrade,d221ee27afc7a60e
5345f86680378fc1,b21e4b6c4126c782,c47df9303d318c67,Clay Guida,8a59d346dc976a10,Thiago Tavares,Clay Guida,c47df9303d318c67
5345f86680378fc1,6d9f6f7004c791d5,6c7020b859c7a3ce,Edimilson Souza,4bd6b4800070b069,Chas Skelly,Edimilson Souza,6c7020b859c7a3ce
5345f86680378fc1,d2198a7ae05b24c1,6bd02119599741a4,Pedro Munhoz,9c907996820d2d69,Jimmie Rivera,Jimmie Rivera,9c907996820d2d69
5345f86680378fc1,37c732554828dcc3,75e5fec9f72910ef,Gleison Tibau,e14b5aa06eea9653,Abel Trujillo,Gleison Tibau,75e5fec9f72910ef
5345f86680378fc1,3c6659f1b09760ba,2b074403b7c6cdb4,Thomas Almeida,c5a126ace82a6025,Anthony Birchak,Thomas Almeida,2b074403b7c6cdb4
5345f86680378fc1,dc4f7eaaa2c9d450,7cdd3e5d3aa9cb39,Yan Cabral,1f4b04a926ef1287,Johnny Case,Johnny Case,1f4b04a926ef1287
53adf5b845d91e4a,5da7d95051699adb,8bdac25ce0bb874d,Ronda Rousey,4c2d90e335e6df19,Alexis Davis,Ronda Rousey,8bdac25ce0bb874d
53adf5b845d91e4a,f560035058bdb18b,65578a75fa7900e3,Uriah Hall,dea070ed4a2a8281,Thiago Santos,Thiago Santos,dea070ed4a2a8281
53adf5b845d91e4a,f966ed41316504b9,3a8176e15b9887c1,Chris Weidman,f7a7f7118d4b01b6,Lyoto Machida,Lyoto Machida,f7a7f7118d4b01b6
53adf5b845d91e4a,9cba1f0cdf10a8e5,81801f57bd0a7c41,Marcus Brimage,f50d95223751e6ca,Russell Doane,Marcus Brimage,81801f57bd0a7c41
53adf5b845d91e4a,27c34f7a7e1c4d67,78114b7199cef90c,Urijah Faber,7aa3d6964eff4877,Alex Caceres,Urijah Faber,78114b7199cef90c
53adf5b845d91e4a,f206143bb9347444,6e0273f9478be71e,Kenny Robertson,7c6e87729e824ef4,Ildemar Alcantara,Kenny Robertson,6e0273f9478be71e
53adf5b845d91e4a,c576e311ea337a32,3c0437fbeda06962,George Roop,05339613bf8e9808,Rob Font,Rob Font,05339613bf8e9808
53e4e21f4c688801,20bfa549cb2cabe7,c47df9303d318c67,Clay Guida,ae7fe94f117f98cf,Joaquim Silva,Clay Guida,c47df9303d318c67
53e4e21f4c688801,9feb9500b0fedfcd,08af939f41b5a57b,Beneil Dariush,eae48ff31db420c2,Arman Tsarukyan,Arman Tsarukyan,eae48ff31db420c2
53e4e21f4c688801,626c82ed45fdcf59,b96619b3acd7d9da,Miesha Tate,86d9dbe1bfcbade7,Julia Avila,Miesha Tate,b96619b3acd7d9da
53e4e21f4c688801,39c4ae4624052f9f,45f7cb591c3ab00b,Sean Brady,8c0580d4fff106c1,Kelvin Gastelum,Sean Brady,45f7cb591c3ab00b
53e4e21f4c688801,0320a6a967069571,23dec7c47cb418f8,Zachary Reese,f14f644d41ade29f,Cody Brundage,Zachary Reese,23dec7c47cb418f8
53e4e21f4c688801,02713b2d25f74d43,64facb6cc564262d,Punahele Soriano,71505842fb6455c3,Dustin Stoltzfus,Punahele Soriano,64facb6cc564262d
53e4e21f4c688801,0dc2fc8d39e226a3,69898645d600abdb,Rodolfo Bellato,260bd4cef10b033f,Ihor Potieria,Rodolfo Bellato,69898645d600abdb
53e4e21f4c688801,d0ac2cc5c57c4e66,4798e823ada58fe9,Veronica Hardy,5c637af9472ae7cc,Jamey-Lyn Horth,Jamey-Lyn Horth,5c637af9472ae7cc
53e4e21f4c688801,32813f5f46f045e8,4dcfb28c011c11b2,Wellington Turman,c730a0be691dc081,Jared Gooden,Jared Gooden,c730a0be691dc081
53e4e21f4c688801,d0602cdc04d2c159,7cbf7c78d3b34218,Drakkar Klose,af65aa688d13eedf,Joe Solecki,Drakkar Klose,7cbf7c78d3b34218
53e4e21f4c688801,246d06693b5ca1e8,05339613bf8e9808,Rob Font,aa72b0f831d0bfe5,Deiveson Figueiredo,Deiveson Figueiredo,aa72b0f831d0bfe5
53e4e21f4c688801,03eecf1926d9c77c,4d8fa64202cee4c1,Jalin Turner,887961364be5ceb3,King Green,Jalin Turner,4d8fa64202cee4c1
53e533db1b8e9712,87790788d1bb3b75,7339d340aa2889cb,Kyle Noke,98f6da59d765ec94,Charlie Brenneman,Kyle Noke,7339d340aa2889cb
53e533db1b8e9712,2aff05a835ed715e,b8592b4a383696cd,Mitch Gagnon,92aafa8f4b26269b,Walel Watson,Mitch Gagnon,b8592b4a383696cd
53e533db1b8e9712,9890835f4c1c6b75,80eacd4da0617c57,Joseph Benavidez,8a304bfd6bf04a57,Demetrious Johnson,Demetrious Johnson,8a304bfd6bf04a57
53e533db1b8e9712,5af6a54d7e0f2b7f,a26198ba5093147e,TJ Grant,e5c9de15bb58b1c6,Evan Dunham,TJ Grant,a26198ba5093147e
53e533db1b8e9712,de1124dba8c1a1b0,0d506315895efffc,Sean Pierson,5431dccc09118234,Lance Benoist,Sean Pierson,0d506315895efffc
53e533db1b8e9712,147e0b1c64cb7ef0,893d51aaf024eddd,Jimy Hettes,81801f57bd0a7c41,Marcus Brimage,Jimy Hettes,893d51aaf024eddd
53e533db1b8e9712,307b12b9f08a4cbf,d247691a6c0e9034,Cub Swanson,07225ba28ae309b6,Charles Oliveira,Charles Oliveira,07225ba28ae309b6
53e533db1b8e9712,3367081258d6ae12,53278852bcd91e11,Igor Pokrajac,88a9bc81271ccd89,Vinny Magalhaes,Igor Pokrajac,53278852bcd91e11
53e533db1b8e9712,c97d0a476c2e7cb5,2b93ebd9f5417ad2,Michael Bisping,579fcdfcabd23a7b,Brian Stann,Michael Bisping,2b93ebd9f5417ad2
53e533db1b8e9712,8af511cc6e6a9678,07f72a2a7591b409,Jon Jones,0ee783aa00e468f0,Vitor Belfort,Jon Jones,07f72a2a7591b409
53e533db1b8e9712,aa1db19806dfd62e,fd5b6598a3b70c0a,Seth Baczynski,fea8acf9bfcf09ec,Simeon Thoresen,Seth Baczynski,fd5b6598a3b70c0a
53f02bbc41d99432,432e57033ceecee0,71002dbc1743b9a7,Felipe Arantes,8fd808923cffff82,Andre Fili,Andre Fili,8fd808923cffff82
53f02bbc41d99432,852223ee1a2d0a74,f53d4f21d1b5f2dc,Diego Ferreira,08af939f41b5a57b,Beneil Dariush,Beneil Dariush,08af939f41b5a57b
53f02bbc41d99432,502d7cb01921170f,7cdd3e5d3aa9cb39,Yan Cabral,bc8f6b42767e28df,Naoyuki Kotani,Yan Cabral,7cdd3e5d3aa9cb39
53f02bbc41d99432,d1b2ce8ee57307c0,ed74afc8b5b47a61,William Macario,84b3e7d38f2d2ec5,Neil Magny,Neil Magny,84b3e7d38f2d2ec5
53f02bbc41d99432,a90fde18a088f99b,0b64d0fed453ef7f,Scott Jorgensen,5aedf14771ca82d2,Wilson Reis,Wilson Reis,5aedf14771ca82d2
53f02bbc41d99432,7099374e91f9283b,d0f3959b4a9747e6,Jose Aldo,b5b684eac99ae0a3,Chad Mendes,Jose Aldo,d0f3959b4a9747e6
53f02bbc41d99432,ffd3e3d37cba32da,92a9aa9c93192871,Darren Elkins,7413b80dbb0f8f9f,Lucas Martins,Darren Elkins,92a9aa9c93192871
53f02bbc41d99432,2a44035824303dee,23024fdfc966410a,Gilbert Burns,de45aaae23dfa392,Christos Giagos,Gilbert Burns,23024fdfc966410a
53f02bbc41d99432,4cc9ef5e68009fd4,7abe471b61725980,Fabricio Camoes,5331b25a60417ffb,Anthony Rocco Martin,Anthony Rocco Martin,5331b25a60417ffb
53f02bbc41d99432,06854105c3503075,7ff97850e8c32bda,Glover Teixeira,902ab9197b83d0db,Phil Davis,Glover Teixeira,7ff97850e8c32bda
542db012217ecb83,24341a8cf1152c5c,b4ad3a06ee4d660c,Alistair Overeem,441eacbe20e0e80b,Augusto Sakai,Alistair Overeem,b4ad3a06ee4d660c
542db012217ecb83,7595aabe89020780,7be14eaed4c74856,Brian Kelleher,90e0985df05e51bc,Ray Rodriguez,Brian Kelleher,7be14eaed4c74856
542db012217ecb83,7340b4cbdbac5863,56709e66f1c6008f,Cole Smith,2af2f2e26c4c0402,Hunter Azure,Hunter Azure,2af2f2e26c4c0402
542db012217ecb83,0e809b7e37681783,50db8711c70196cd,Ovince Saint Preux,a495f599e787614f,Alonzo Menifield,Alonzo Menifield,a495f599e787614f
542db012217ecb83,7930c605c6a6ec88,36541f1e6c5d4955,Viviane Araujo,80d8aed0ca9b00f3,Montana De La Rosa,Viviane Araujo,36541f1e6c5d4955
542db012217ecb83,0f279b25ccbecc76,595db60957de51d3,Michel Pereira,7f0f171414d0a287,Zelim Imadaev,Michel Pereira,595db60957de51d3
542db012217ecb83,e8206c7380441fbb,886264a0c9f4ea5e,Andre Muniz,e17ac6410c8377f4,Bartosz Fabinski,Andre Muniz,886264a0c9f4ea5e
56116537d71a578c,dd34dd337e637767,d317a5e2b3f88c5f,Warlley Alves,49ee5024966efc0d,Mounir Lazzez,Mounir Lazzez,49ee5024966efc0d
56116537d71a578c,4f6d3cdf2c77fb57,f9d0cae37dabfafc,Ike Villanueva,acb36c908d415c4a,Vinicius Moreira,Ike Villanueva,f9d0cae37dabfafc
56116537d71a578c,76b61ff4c9760f79,ce632027bf2a871b,Dalcha Lungiambula,2ac4628c08ec5125,Markus Perez,Dalcha Lungiambula,ce632027bf2a871b
56116537d71a578c,4abcf14faa7f92f2,5987b2458f4b5290,Ricky Simon,8765559b6a29a421,Gaetano Pirrello,Ricky Simon,5987b2458f4b5290
56116537d71a578c,d27ac1bc677b89cf,396fe87b84ac2e1c,Lerone Murphy,3a314d9fa7c6825d,Douglas Silva de Andrade,Lerone Murphy,396fe87b84ac2e1c
56116537d71a578c,ac475de5a3d0d7e2,16690d100f995f8f,Omari Akhmedov,1588b787bda7b540,Tom Breese,Tom Breese,1588b787bda7b540
56116537d71a578c,61bedad39b15db7a,c58f51dedb310998,Michael Chiesa,84b3e7d38f2d2ec5,Neil Magny,Neil Magny,84b3e7d38f2d2ec5
56116537d71a578c,031e6624f96aceb8,fb3e61720be4690c,Mike Davis,f6ad6a1e4d600e0d,Mason Jones,Mike Davis,fb3e61720be4690c
56116537d71a578c,4e451881e0e47b05,cdadae5363b66eef,Francisco Figueiredo,c9587d81e1d33925,Jerome Rivera,Francisco Figueiredo,cdadae5363b66eef
56116537d71a578c,ae38fb2a6b6a0cc1,9dedfdd91070ddd8,Victoria Leonardo,34ff304266360297,Manon Fiorot,Manon Fiorot,34ff304266360297
56116537d71a578c,57e784028ef2c17d,67c1d46f4ed16f9e,Matt Schnell,6e00cfffd54653c4,Tyson Nam,Matt Schnell,67c1d46f4ed16f9e
56116537d71a578c,a003e8305d4dbdc8,4498b382c65a7faa,Roxanne Modafferi,36541f1e6c5d4955,Viviane Araujo,Viviane Araujo,36541f1e6c5d4955
56116537d71a578c,11558384f80f6506,2b6fc1c02736833d,Umar Nurmagomedov,2f6a993c7f547c13,Sergey Morozov,Umar Nurmagomedov,2b6fc1c02736833d
56116537d71a578c,ddbe6fd66d7f9e35,3cf18e01cb6cbde3,Sumudaerji,79cb2a690b9ba5e8,Zarrukh Adashev,Sumudaerji,3cf18e01cb6cbde3
563d051c9e769b24,ad61d042c43451a8,e023fa2e648ea0f1,Steve Bosse,cb52f9490c2dc069,Sean O'Connell,Steve Bosse,e023fa2e648ea0f1
563d051c9e769b24,f8b32aeb9b628d89,3dd92ff9fb0412b3,Ali Bagautinov,c169545ab0825f44,Geane Herrera,Ali Bagautinov,3dd92ff9fb0412b3
563d051c9e769b24,2e11087e1a4f066b,4ac1ecf8ce59ef23,Jason Saggo,159da492e000afbf,Leandro Silva,Leandro Silva,159da492e000afbf
563d051c9e769b24,75e21e2f5f3be42e,cbd5d3cdd862e90e,Rory MacDonald,4a28cb716c19157a,Stephen Thompson,Stephen Thompson,4a28cb716c19157a
563d051c9e769b24,4b8c8ae61251ff83,1d00756835ca67c9,Donald Cerrone,9fa3bd637edd9aa2,Patrick Cote,Donald Cerrone,1d00756835ca67c9
563d051c9e769b24,c69c5830064fd591,55ee431411ccf07a,Olivier Aubin-Mercier,51e86de150ee8be6,Thibault Gouti,Olivier Aubin-Mercier,55ee431411ccf07a
563d051c9e769b24,68a93f8eb34f3251,eff47295daf721a6,Tamdan McCrory,4e06913c91da5200,Krzysztof Jotko,Krzysztof Jotko,4e06913c91da5200
563d051c9e769b24,4cf7792aef993be1,55f446032177b119,Chris Beal,a4e85a58fbce64b2,Joe Soto,Joe Soto,a4e85a58fbce64b2
563d051c9e769b24,911e151d1907197d,67f272324a030d00,Misha Cirkunov,cd13728ae1151f46,Ion Cutelaba,Misha Cirkunov,67f272324a030d00
563d051c9e769b24,b2039609019496d9,34f88592c0ab7a54,Elias Theodorou,d156513a19acf856,Sam Alvey,Elias Theodorou,34f88592c0ab7a54
563d051c9e769b24,fe6da751f2a4859a,46a2f24feb258ae0,Valerie Letourneau,12f91bfa8f1f723b,Joanne Wood,Joanne Wood,12f91bfa8f1f723b
563d051c9e769b24,afd53c8033f6ee82,4a57ebb14315b251,Randa Markos,1a98c9dbb7fc3959,Jocelyn Jones-Lybarger,Jocelyn Jones-Lybarger,1a98c9dbb7fc3959
56ec58954158966a,9c1a2ac64c98d2f6,7aa3d6964eff4877,Alex Caceres,902ec2cc48c8ae8a,Julian Erosa,Alex Caceres,7aa3d6964eff4877
56ec58954158966a,e0444752d18fda7f,f14f644d41ade29f,Cody Brundage,0d65c432720accb9,Michal Oleksiejczuk,Michal Oleksiejczuk,0d65c432720accb9
56ec58954158966a,4ea48bf2407b405d,13a0275fa13c4d26,Jared Cannonier,0d8011111be000b2,Sean Strickland,Sean Strickland,0d8011111be000b2
56ec58954158966a,ccb7e2851319345d,2f6a993c7f547c13,Sergey Morozov,78f485f851891d68,Journey Newson,Sergey Morozov,2f6a993c7f547c13
56ec58954158966a,efc64d8aae5628c9,e132d47bd9efbbe0,Rafa Garcia,8c1ca54b5089d199,Maheshate,Rafa Garcia,e132d47bd9efbbe0
56ec58954158966a,d95eeba3de7ecac5,6d35bf94f7d30241,Amir Albazi,3fa97913cfd205d3,Alessandro Costa,Amir Albazi,6d35bf94f7d30241
56ec58954158966a,8f00da6ea8186ce2,f626118b6da0e020,Bryan Battle,8f765fd5775a8873,Rinat Fakhretdinov,Rinat Fakhretdinov,8f765fd5775a8873
56ec58954158966a,ed6203e849a2bf28,0fd5f4b838e890cc,Said Nurmagomedov,50a28b9f8314e008,Saidyokub Kakhramonov,Said Nurmagomedov,0fd5f4b838e890cc
56ec58954158966a,5f4e944ff1bdcd9c,a845f0735bc67405,Jake Matthews,4aa58269d0664b5b,Matthew Semelsberger,Jake Matthews,a845f0735bc67405
56ec58954158966a,c335f44e4f3515ea,519e4fe37ce9ff75,Drew Dober,887961364be5ceb3,King Green,King Green,887961364be5ceb3
56ec58954158966a,c960184a583f1861,4959f10a62f3fec3,Cheyanne Vlismas,3351aa64aa83c4d9,Cory McKenna,Cheyanne Vlismas,4959f10a62f3fec3
56ec58954158966a,f87a7812733f7e8f,9ada30894bf04e19,David Dvorak,5d1b7e3dd9e11074,Manel Kape,Manel Kape,5d1b7e3dd9e11074
56ec58954158966a,ce7744d45a698aa6,eae48ff31db420c2,Arman Tsarukyan,135d124172a0bea3,Damir Ismagulov,Arman Tsarukyan,eae48ff31db420c2
56f4b81ec4db61af,c7ad34973f9d1cf6,7f6ef4e1227600bc,Wagner Prado,7c6e87729e824ef4,Ildemar Alcantara,Ildemar Alcantara,7c6e87729e824ef4
56f4b81ec4db61af,b51d691b9f5603a8,0ee783aa00e468f0,Vitor Belfort,2b93ebd9f5417ad2,Michael Bisping,Michael Bisping,2b93ebd9f5417ad2
56f4b81ec4db61af,470f6fdd47f671fd,64a50dad704d1d49,Edson Barboza,7413b80dbb0f8f9f,Lucas Martins,Edson Barboza,64a50dad704d1d49
56f4b81ec4db61af,2eeb1656692bd967,270b89c00ef0c55c,Gabriel Gonzaga,bd58d34e39b7b12a,Ben Rothwell,Ben Rothwell,bd58d34e39b7b12a
56f4b81ec4db61af,302ce74d8b0d12a6,3a24769a4855040a,Diego Nunes,6fb1ba67bef41b37,Nik Lentz,Nik Lentz,6fb1ba67bef41b37
56f4b81ec4db61af,4d231d5d5f815085,7e47047d0971d566,Daniel Sarafian,5d7bdab5e03e3216,CB Dollaway,CB Dollaway,5d7bdab5e03e3216
56f4b81ec4db61af,7651b2e09ea2c420,8a59d346dc976a10,Thiago Tavares,032cc3922d871c7f,Khabib Nurmagomedov,Khabib Nurmagomedov,032cc3922d871c7f
56f4b81ec4db61af,dff7ce155b47442c,bd21a1e3d41c97ee,Ronny Markes,8a70ceb3edbe757b,Andrew Craig,Ronny Markes,bd21a1e3d41c97ee
5717efc6f271cd52,7ed9e8f3258446c7,01641ba5df0c69b0,Gabriel Bonfim,49ee5024966efc0d,Mounir Lazzez,Gabriel Bonfim,01641ba5df0c69b0
5717efc6f271cd52,0462bcc27498f7c4,aa72b0f831d0bfe5,Deiveson Figueiredo,792be9a24df82ed6,Brandon Moreno,Deiveson Figueiredo,aa72b0f831d0bfe5
5717efc6f271cd52,dde7d29cc443e263,7ff97850e8c32bda,Glover Teixeira,5444c5a201d3ee5a,Jamahal Hill,Glover Teixeira,7ff97850e8c32bda
5717efc6f271cd52,8cdcdfb76d1670dd,d945aae53e3e54e6,Thiago Moises,20bccc9bb4ceb23e,Melquizael Costa,Melquizael Costa,20bccc9bb4ceb23e
5717efc6f271cd52,1c51f405e5c46572,23024fdfc966410a,Gilbert Burns,84b3e7d38f2d2ec5,Neil Magny,Neil Magny,84b3e7d38f2d2ec5
5717efc6f271cd52,0221982930283140,729d4bd5a6cd0a97,Lauren Murphy,6a1901c62ab3870f,Jessica Andrade,Lauren Murphy,729d4bd5a6cd0a97
5717efc6f271cd52,5ad8aa57c8d69680,d1c65d2cf2925ddd,Gregory Rodrigues,1e719d4b676dc19a,Brunno Ferreira,Gregory Rodrigues,d1c65d2cf2925ddd
5717efc6f271cd52,2d1ac675e6c1e6ea,eabf206b162b3b83,Paul Craig,c21f26bbde777573,Johnny Walker,Johnny Walker,c21f26bbde777573
5717efc6f271cd52,354dc211166a3982,6fc506e1099afe20,Luan Lacerda,bf7ad5628363eec9,Cody Stamann,Cody Stamann,bf7ad5628363eec9
5717efc6f271cd52,911b73db91738da6,eb393afdbe3293d5,Ismael Bonfim,809bd1a871491508,Terrance McKinney,Ismael Bonfim,eb393afdbe3293d5
5717efc6f271cd52,f09c3d8a26806761,d317a5e2b3f88c5f,Warlley Alves,9d19d9e4aa2662e8,Nicolas Dalby,Nicolas Dalby,9d19d9e4aa2662e8
5717efc6f271cd52,a3ef3d05ddd80a94,140745cbbcb023ac,Mauricio Rua,260bd4cef10b033f,Ihor Potieria,Mauricio Rua,140745cbbcb023ac
5717efc6f271cd52,1d35e4c0941d1397,72ea1984c52019b5,Saimon Oliveira,850266b3dc4e506e,Daniel Marcos,Daniel Marcos,850266b3dc4e506e
5717efc6f271cd52,fcf385ae75191b57,68d35296f566792b,Josiane Nunes,862b0b3375aa4b6e,Zarah Fairn,Josiane Nunes,68d35296f566792b
5717efc6f271cd52,fffdc57255274be1,2f5cbecbbe18bac4,Shamil Abdurakhimov,41e83a89929d1327,Jailton Almeida,Jailton Almeida,41e83a89929d1327
57591bbf1623574e,59b2bbb251968ca9,669970f7feba8ecd,Erin Blanchfield,6fd953151d981979,JJ Aldrich,Erin Blanchfield,669970f7feba8ecd
57591bbf1623574e,ed32da52aff68944,62f7097c04311193,Niklas Stolze,c2299ec916bc7c56,Benoit Saint Denis,Benoit Saint Denis,c2299ec916bc7c56
57591bbf1623574e,a09447d185a62251,8f765fd5775a8873,Rinat Fakhretdinov,79325a3c1a5c3bf4,Andreas Michailidis,Rinat Fakhretdinov,8f765fd5775a8873
57591bbf1623574e,3aa49ed298e4c34f,9d62c2d8ee151f08,Karine Silva,5c126c6aac3ef364,Poliana Botelho,Karine Silva,9d62c2d8ee151f08
57591bbf1623574e,7e20b0536fbbd560,008ea710276c9606,Jeff Molina,55fa6ce3e522c8bb,Zhalgas Zhumagulov,Jeff Molina,008ea710276c9606
57591bbf1623574e,04e6198326be4857,29af297d9f1de0f8,Damon Jackson,e4ba58725825412d,Dan Argueta,Damon Jackson,29af297d9f1de0f8
57591bbf1623574e,e5e75d831670b401,af65aa688d13eedf,Joe Solecki,c3ded6f7155f9ea4,Alex Da Silva,Alex Da Silva,c3ded6f7155f9ea4
57591bbf1623574e,93969a7368dc2e14,a495f599e787614f,Alonzo Menifield,e92901944ce91909,Askar Mozharov,Alonzo Menifield,a495f599e787614f
57591bbf1623574e,7a635063e5f1699b,279566840aa55bf2,Alexander Volkov,2cd428e9606856fd,Jairzinho Rozenstruik,Alexander Volkov,279566840aa55bf2
57591bbf1623574e,aacb47949a572f25,82a5152216251682,Dan Ige,76e2870ffafbe38f,Movsar Evloev,Movsar Evloev,76e2870ffafbe38f
57591bbf1623574e,a679800d2e7c3be2,6d68c1afe954f121,Ode Osbourne,79cb2a690b9ba5e8,Zarrukh Adashev,Ode Osbourne,6d68c1afe954f121
57591bbf1623574e,344d60564cd136ff,5bf31a46becc1204,Michael Trizano,710f0f8c5d5c9d41,Lucas Almeida,Lucas Almeida,710f0f8c5d5c9d41
57591bbf1623574e,43d7d4b67be48553,f6bcbd91b114ff58,Johnny Munoz,601964f9654f911a,Tony Gravely,Tony Gravely,601964f9654f911a
57591bbf1623574e,4f2501e804c84abe,b6850671a008bf9a,Felice Herrig,d7c3816669784109,Karolina Kowalkiewicz,Karolina Kowalkiewicz,d7c3816669784109
577ec7e108b94be3,afda8492a55f1c5d,b7d524c77c27389b,Marcus Davis,e86bc32f5997a8f7,Forrest Petz,Marcus Davis,b7d524c77c27389b
577ec7e108b94be3,724dd26b47b7349e,98b80a717b9bda17,Matt Hamill,93b9496275bbbf80,Seth Petruzelli,Matt Hamill,98b80a717b9bda17
577ec7e108b94be3,2cbba9394114edb5,2f732dd9210d301f,Tito Ortiz,63b65af1c5cb02cb,Ken Shamrock,Tito Ortiz,2f732dd9210d301f
577ec7e108b94be3,2e6c21d6bad88346,6ad9058b7c7898b0,Tony DeSouza,a149d6bc670cdb60,Dustin Hazelett,Tony DeSouza,6ad9058b7c7898b0
577ec7e108b94be3,27cdd152218b44d4,2be6596a9db33bf5,Jason MacDonald,06f36cf4bd97ec77,Ed Herman,Ed Herman,06f36cf4bd97ec77
577ec7e108b94be3,ebfdeab96ca766be,31ee470ef5dc8d7f,Thiago Alves,7a15f3694c5cbc02,John Alessio,Thiago Alves,31ee470ef5dc8d7f
579fcdfcabd23a7b,8ea70cfd5d3aa5ee,98aa60cf58071fd6,Kyoji Horiguchi,bffeb123b21c9aad,Darrell Montague,Kyoji Horiguchi,98aa60cf58071fd6
579fcdfcabd23a7b,3ee1a3216cf66b95,99bd87a300079ed9,Erik Koch,5f99b2bafb10305f,Daron Cruickshank,Erik Koch,99bd87a300079ed9
579fcdfcabd23a7b,23e96ddeb14b5936,fc9a9559a05f2704,Eddie Wineland,528c24b99fbaab79,Johnny Eduardo,Johnny Eduardo,528c24b99fbaab79
579fcdfcabd23a7b,107079f548338ac3,84b3e7d38f2d2ec5,Neil Magny,4b47e71384a9522f,Tim Means,Neil Magny,84b3e7d38f2d2ec5
579fcdfcabd23a7b,9a8fedc4fa968bbd,7cdd3e5d3aa9cb39,Yan Cabral,4ba8d454f762005d,Zak Cummings,Zak Cummings,4ba8d454f762005d
579fcdfcabd23a7b,289004336bd71d34,06f36cf4bd97ec77,Ed Herman,0dba4df5f34d5ff0,Rafael Natal,Rafael Natal,0dba4df5f34d5ff0
579fcdfcabd23a7b,2d14f73c374f2875,05560764359161e4,Constantinos Philippou,9450848a71d53776,Lorenz Larkin,Constantinos Philippou,05560764359161e4
579fcdfcabd23a7b,4ceadad9c2dd0a87,60029bcf496bd707,Soa Palelei,7e208569469c8bc8,Ruan Potts,Soa Palelei,60029bcf496bd707
579fcdfcabd23a7b,f8cceeabeb2afd4d,31123249b0bbf52e,Matt Brown,5866fc86183a9fb8,Erick Silva,Matt Brown,31123249b0bbf52e
579fcdfcabd23a7b,7d947be4c15ebe36,b2e3aca4cd363477,Chris Cariaso,d2bc285ead803db0,Louis Smolka,Louis Smolka,d2bc285ead803db0
579fcdfcabd23a7b,687b9b2c11667531,cc6f9d1e89f3449a,Manvel Gamburyan,6fb1ba67bef41b37,Nik Lentz,Nik Lentz,6fb1ba67bef41b37
585f9ffdb0cd0466,6b9ed3867dd42b3b,4aa58269d0664b5b,Matthew Semelsberger,feedf3053472fe56,Charles Radtke,Charles Radtke,feedf3053472fe56
585f9ffdb0cd0466,ea6427379a83bd01,841695e02c99a521,Mansur Abdul-Malik,866fd7b1a6c90e7f,Dusko Todorovic,Mansur Abdul-Malik,841695e02c99a521
585f9ffdb0cd0466,6fd1edb58d271f7c,bf7ad5628363eec9,Cody Stamann,da22387a0407a2dc,Da'Mon Blackshear,Da'Mon Blackshear,da22387a0407a2dc
585f9ffdb0cd0466,582846744e379178,147e70aa6cc48cfc,Tresean Gore,6d48a2df51749d91,Antonio Trocoli,Tresean Gore,147e70aa6cc48cfc
585f9ffdb0cd0466,e62033cb1e79aa81,d7c3816669784109,Karolina Kowalkiewicz,cffb87059e645bd1,Denise Gomes,Denise Gomes,cffb87059e645bd1
585f9ffdb0cd0466,32f2965b4f4c4ebf,bd532e9a2b93870c,Melissa Mullins,9f5e3c20ce40b344,Klaudia Sygula,Melissa Mullins,bd532e9a2b93870c
585f9ffdb0cd0466,c9d2a718f39274c0,8adcbd525fab8d9b,Elizeu Zaleski dos Santos,03dee485905dbc9f,Zachary Scroggin,Elizeu Zaleski dos Santos,8adcbd525fab8d9b
585f9ffdb0cd0466,c31d9cac7534d879,a3a542074109b347,Luana Pinheiro,38c7f72747f4f712,Gillian Robertson,Gillian Robertson,38c7f72747f4f712
585f9ffdb0cd0466,154138c8fc89c315,6ac9bc2953c47345,Gerald Meerschaert,d549cefc7c54ab78,Reinier de Ridder,Reinier de Ridder,d549cefc7c54ab78
585f9ffdb0cd0466,e6685759ed2af90d,96924b0019b3aff1,Gaston Bolanos,8173f134396cb971,Cortavious Romious,Gaston Bolanos,96924b0019b3aff1
585f9ffdb0cd0466,73f451d894a1d4ca,84b3e7d38f2d2ec5,Neil Magny,7ee0fd831c0fe7c3,Carlos Prates,Carlos Prates,7ee0fd831c0fe7c3
5898357a45a73674,c039953c2f438832,d1e7fc58d4225cdf,Danny Castillo,03c9994c5b8958ec,John Cholish,Danny Castillo,d1e7fc58d4225cdf
5898357a45a73674,539e0008bb634f1b,b72a60a0cadff408,Louis Gaudinot,c268b2cfebccf652,John Lineker,John Lineker,c268b2cfebccf652
5898357a45a73674,0387bc11a0a0c325,6f242453c91a5af0,Dennis Bermudez,8e5bfd4e82352340,Pablo Garza,Dennis Bermudez,6f242453c91a5af0
5898357a45a73674,c7be6a466d1d0a1e,658c3465581ae46b,Pat Barry,e6c5908910cc26e4,Lavar Johnson,Lavar Johnson,e6c5908910cc26e4
5898357a45a73674,e257f0f5224ef6ab,99506df1af6c8b3b,John Dodson,c96d9178c9ed9e62,Tim Elliott,John Dodson,99506df1af6c8b3b
5898357a45a73674,a28c80463d7d0c03,5b2d7906aa894274,Mike Massenzio,d23ccf4a6c221284,Karlos Vemola,Karlos Vemola,d23ccf4a6c221284
5898357a45a73674,1f290005cc147afb,22a92d7f62195791,Tony Ferguson,511e82663651438d,Michael Johnson,Tony Ferguson,22a92d7f62195791
5898357a45a73674,db51d17ea03da745,8355922d564b152c,Nate Diaz,d1941565abf50b16,Jim Miller,Nate Diaz,8355922d564b152c
5898357a45a73674,704a089fde021153,8ddf9c51c5fdea75,Rousimar Palhares,4130a743d9d22163,Alan Belcher,Alan Belcher,4130a743d9d22163
5898357a45a73674,a5fa3bf3dc91eb88,dd37fd509af89f15,Josh Koscheck,0941df56f6ac954b,Johny Hendricks,Johny Hendricks,0941df56f6ac954b
58a36b4ccf5dc30e,8a95f0e3f9111f0c,285ae0b4a68221f4,JunYong Park,6aae253467e8f9ce,Tafon Nchukwi,JunYong Park,285ae0b4a68221f4
58a36b4ccf5dc30e,37fda56a435a9b24,ae071698e1a3ccd4,Christian Aguilera,a53d30163304aa6e,Carlston Harris,Carlston Harris,a53d30163304aa6e
58a36b4ccf5dc30e,00fbeda449926c13,547afe1017e72dbe,Phil Hawes,d6c0cdd7e467c440,Kyle Daukaus,Phil Hawes,547afe1017e72dbe
58a36b4ccf5dc30e,295a0bf12a7373c0,f53d4f21d1b5f2dc,Diego Ferreira,84ff027394f7e470,Gregor Gillespie,Gregor Gillespie,84ff027394f7e470
58a36b4ccf5dc30e,178c4926223dca0c,84b3e7d38f2d2ec5,Neil Magny,b997be68943010fc,Geoff Neal,Geoff Neal,b997be68943010fc
58a36b4ccf5dc30e,3f71ac21472f994c,068f8a189a47fea6,Maurice Greene,ab943cd2c3c17825,Marcos Rogerio de Lima,Marcos Rogerio de Lima,ab943cd2c3c17825
58a36b4ccf5dc30e,db2c805201a3116e,1d00756835ca67c9,Donald Cerrone,cdb96af67d096b1e,Alex Morono,Donald Cerrone,1d00756835ca67c9
58a36b4ccf5dc30e,b948102c6205af63,cd2c4d30c6e13b47,Marina Rodriguez,eb04b9d31e938edb,Michelle Waterson-Gomez,Marina Rodriguez,cd2c4d30c6e13b47
58a36b4ccf5dc30e,4ffbadfb86284af5,5b86d491d63890c5,Ludovit Klein,5bf31a46becc1204,Michael Trizano,Ludovit Klein,5b86d491d63890c5
58bc81376286b3d3,504b540805598fa5,e5c9de15bb58b1c6,Evan Dunham,83fd97284f4bb4a4,Efrain Escudero,Evan Dunham,e5c9de15bb58b1c6
58bc81376286b3d3,be72958d9715757d,d5f820c11a121050,Aaron Simpson,4d44f37107f01b9b,Tom Lawlor,Aaron Simpson,d5f820c11a121050
58bc81376286b3d3,c4fa93a4f37a6ca7,6a2f7c151031653d,Rafael Dos Anjos,a6959da32f0e6b5d,Kyle Bradley,Rafael Dos Anjos,6a2f7c151031653d
58bc81376286b3d3,19f615a7a5cfd304,cbd5d3cdd862e90e,Rory MacDonald,eaea0fc7b76525a8,Mike Guymon,Rory MacDonald,cbd5d3cdd862e90e
58bc81376286b3d3,db620510bbb3f0af,c4b81cdecd5d6abe,Gerald Harris,010986ee359fb863,John Salter,Gerald Harris,c4b81cdecd5d6abe
58bc81376286b3d3,f338da998c4fdf53,f8fe2053d73d7bcf,Nick Catone,947eccadb72f4f6f,Jesse Forbes,Nick Catone,f8fe2053d73d7bcf
58bc81376286b3d3,5355fd4a2598f679,7d96bc577e5178b2,Gray Maynard,8355922d564b152c,Nate Diaz,Nate Diaz,8355922d564b152c
58bc81376286b3d3,a570acbbcbbd151d,2650e2f846a30f64,Amir Sadollah,7e69a4b0961aa555,Brad Blackburn,Brad Blackburn,7e69a4b0961aa555
58bc81376286b3d3,f4641db74fcb8ab7,5b5307450405abf0,Rick Story,3ae10ac4df3df05c,Jesse Lennox,Rick Story,5b5307450405abf0
597db668b01c442c,c5f56797c68ecbeb,dc0f07928009a127,Rob Emerson,65ddc8a9ac4e8531,Keita Nakamura,Keita Nakamura,65ddc8a9ac4e8531
597db668b01c442c,8f560a1fa19c122a,a8e6a69796280f17,Nate Marquardt,8d26912cd2aeb366,Jeremy Horn,Jeremy Horn,8d26912cd2aeb366
597db668b01c442c,d9a8d19107d2bd9e,c80095f6092271a7,Tim Boetsch,4f95f74620a6b7a4,David Heath,Tim Boetsch,c80095f6092271a7
597db668b01c442c,bb6eacc986791dcd,91acd6910b802a9e,Chris Lytle,a6959da32f0e6b5d,Kyle Bradley,Chris Lytle,91acd6910b802a9e
597db668b01c442c,f0b42c9e55025ad3,1ff9589f9065a9ed,Frank Mir,513c6f1715e547a8,Brock Lesnar,Brock Lesnar,513c6f1715e547a8
597db668b01c442c,fc6d1396755692b4,ee9d73f4fee9cbdd,Antonio Rodrigo Nogueira,2a542ee8a8b83559,Tim Sylvia,Tim Sylvia,2a542ee8a8b83559
597db668b01c442c,7929542a0003799f,05866d8c3a321856,Marvin Eastman,6a92caba39b64752,Terry Martin,Terry Martin,6a92caba39b64752
597db668b01c442c,dd47c3359dc1b7d0,20205040232ed0f3,Tyson Griffin,75e5fec9f72910ef,Gleison Tibau,Gleison Tibau,75e5fec9f72910ef
59851163aaf1aed8,a788042d4d0c50d4,01fcef7e3d051722,Henry Briones,d05412b513b19621,Guido Cannetti,Guido Cannetti,d05412b513b19621
59851163aaf1aed8,22f52e3b614e0d8a,ec71a892fada28c7,Marco Beltran,7c7332319c14094c,Marlon Vera,Marlon Vera,7c7332319c14094c
59851163aaf1aed8,07f9fc40f1e6aa87,f72465a784c1b084,Jessica Eye,76984112f697631f,Leslie Smith,Jessica Eye,f72465a784c1b084
59851163aaf1aed8,1e1a09bbedf7781d,8d49545dadf9b919,Edgar Garcia,4b8fb0453a596b8e,Hector Urbina,Hector Urbina,4b8fb0453a596b8e
59851163aaf1aed8,12eec1df1fd078a2,d81ac739417d7f53,Jake Ellenberger,8c0580d4fff106c1,Kelvin Gastelum,Kelvin Gastelum,8c0580d4fff106c1
59851163aaf1aed8,7a440fcd8048b091,80daefbed11ce998,Alejandro Perez,36549928f90f1d36,Jose Quinonez,Jose Quinonez,36549928f90f1d36
59851163aaf1aed8,03a200326e56d597,492b202d2064e7a9,Fabricio Werdum,eef9b891edbd4604,Mark Hunt,Fabricio Werdum,492b202d2064e7a9
59851163aaf1aed8,7228398a1ab12183,3974fa35c917af1d,Ricardo Lamas,6f242453c91a5af0,Dennis Bermudez,Dennis Bermudez,6f242453c91a5af0
598a58db87b890ee,04476d021385a621,acff437707625fc7,Yushin Okami,8f2d9ee27f206f1f,Evan Tanner,Yushin Okami,acff437707625fc7
598a58db87b890ee,5182daf3d8726f6d,9583662df31d943f,Luigi Fioravanti,93ce4ac89e3d7652,Luke Cummo,Luigi Fioravanti,9583662df31d943f
598a58db87b890ee,bcf49463525efbee,82e7929bf6c2b689,Diego Sanchez,1efa064872f089d0,David Bielkheden,Diego Sanchez,82e7929bf6c2b689
598a58db87b890ee,65352762d807cd59,7450525c7ba032a0,Heath Herring,1eacf73d6a0055dc,Cheick Kongo,Heath Herring,7450525c7ba032a0
598a58db87b890ee,825aa322af15780a,dd37fd509af89f15,Josh Koscheck,a149d6bc670cdb60,Dustin Hazelett,Josh Koscheck,dd37fd509af89f15
598a58db87b890ee,8b15591a73aa7eb0,3738e68d2261e60f,Andrei Arlovski,20bcc9966affb19c,Jake O'Brien,Andrei Arlovski,3738e68d2261e60f
598a58db87b890ee,50325e08203fedbd,d43a048a880efdff,Chris Leben,7f955f71fa2ce7ac,Alessio Sakara,Chris Leben,d43a048a880efdff
598a58db87b890ee,a53b8686b748849f,1f454354805b6f75,Anderson Silva,1ccf4e7caff270df,Dan Henderson,Anderson Silva,1f454354805b6f75
598a58db87b890ee,029cd254fe02d4b8,6f018c039b4d5d80,Jon Fitch,a56607a451e4c70d,Chris Wilson,Jon Fitch,6f018c039b4d5d80
59aaf2730b84698a,09f9849d363433a7,d28dee5c705991df,Stipe Miocic,1fb80f46d3c105d9,Fabio Maldonado,Stipe Miocic,d28dee5c705991df
59aaf2730b84698a,a104c62f69ce47de,b71ce838b01f2cad,Rony Jason,960d6cae8879ba2b,Robert Peralta,Robert Peralta,960d6cae8879ba2b
59aaf2730b84698a,c16b1dc7577fc31c,30a09e43f15f1d75,Paulo Thiago,7a39bbac8cc0fa70,Gasan Umalatov,Gasan Umalatov,7a39bbac8cc0fa70
59aaf2730b84698a,16216dcec4a48768,a20d7dfaba74c067,Rodrigo Damm,7ea1f74cef32f906,Rashid Magomedov,Rashid Magomedov,7ea1f74cef32f906
59aaf2730b84698a,c556a9d615f11483,6c7020b859c7a3ce,Edimilson Souza,40ff198adda94b9f,Mark Eddiva,Edimilson Souza,6c7020b859c7a3ce
59aaf2730b84698a,c16454a3205506c6,4bcb6eb12b4ad4aa,Vitor Miranda,52e76bb4b3e852f3,Antonio Carlos Junior,Antonio Carlos Junior,52e76bb4b3e852f3
59aaf2730b84698a,4041e280dc113323,52ba464d9068d871,Elias Silverio,b406da701c479076,Ernest Chavez,Elias Silverio,52ba464d9068d871
59aaf2730b84698a,f132535656f28648,6bd02119599741a4,Pedro Munhoz,b57edace7b647f07,Matt Hobar,Pedro Munhoz,6bd02119599741a4
59aaf2730b84698a,f9109d1e7c4ff9aa,427b5953ac8e3a27,Demian Maia,d06f8869449ba7bd,Alexander Yakovlev,Demian Maia,427b5953ac8e3a27
59aaf2730b84698a,bd0497a410822291,d53482bef23235ba,Marcio Alexandre Junior,d317a5e2b3f88c5f,Warlley Alves,Warlley Alves,d317a5e2b3f88c5f
5a558ba1ff5e9121,1cf69de0eea46877,c4d039123e62f6a9,Dennis Buzukja,e00a3dee329a51f7,Jamall Emmers,Jamall Emmers,e00a3dee329a51f7
5a558ba1ff5e9121,b1f2ec122beda7a5,009341ed974bad72,Jiri Prochazka,e5549c82bfb5582d,Alex Pereira,Jiri Prochazka,009341ed974bad72
5a558ba1ff5e9121,4c025d1fff9e9fce,7026eca45f65377b,Jared Gordon,da0995f19b749cfa,Mark Madsen,Jared Gordon,7026eca45f65377b
5a558ba1ff5e9121,db49619221b282af,f14cf73e51b29254,Sergei Pavlovich,399afbabc02376b5,Tom Aspinall,Tom Aspinall,399afbabc02376b5
5a558ba1ff5e9121,5704e73f91b9e7f7,32ab52e5de93092d,Steve Erceg,3fa97913cfd205d3,Alessandro Costa,Steve Erceg,32ab52e5de93092d
5a558ba1ff5e9121,9fe98de1eac21f2e,dccb63727f2f5f74,Matt Frevola,c2299ec916bc7c56,Benoit Saint Denis,Benoit Saint Denis,c2299ec916bc7c56
5a558ba1ff5e9121,128ab9aa4802c73f,f166e93d04a8c274,Diego Lopes,b8bbdeff718dbb7d,Pat Sabatini,Diego Lopes,f166e93d04a8c274
5a558ba1ff5e9121,a0362d60d2e1db0d,d25240135aee03e5,Tabatha Ricci,8e5d953bdb9ae5e7,Loopy Godinez,Loopy Godinez,8e5d953bdb9ae5e7
5a558ba1ff5e9121,480c4dbd2e792d86,849c5d9979df5357,Mateusz Rebecki,37c5366d18ed6c05,Roosevelt Roberts,Mateusz Rebecki,849c5d9979df5357
5a558ba1ff5e9121,8a0fc4624578a7e4,17e97649403ba428,Joshua Van,34b96d52db1d26e6,Kevin Borjas,Joshua Van,17e97649403ba428
5a558ba1ff5e9121,6fd67582d8adb1c7,6a1901c62ab3870f,Jessica Andrade,7447e9f28508106a,Mackenzie Dern,Mackenzie Dern,7447e9f28508106a
5a558ba1ff5e9121,57333b7bff20ece0,5fa2974cbd18e05c,John Castaneda,a7897d200692ab64,Kyung Ho Kang,John Castaneda,5fa2974cbd18e05c
5b5307450405abf0,db747a157e1f264b,50db8711c70196cd,Ovince Saint Preux,bc3ec52ef70fc155,Ryan Jimmo,Ryan Jimmo,bc3ec52ef70fc155
5b5307450405abf0,933660cfab154f1a,8a304bfd6bf04a57,Demetrious Johnson,3dd92ff9fb0412b3,Ali Bagautinov,Demetrious Johnson,8a304bfd6bf04a57
5b5307450405abf0,de65739f00350c58,cbd5d3cdd862e90e,Rory MacDonald,effd9de9937996f8,Tyron Woodley,Rory MacDonald,cbd5d3cdd862e90e
5b5307450405abf0,594ce25b9e16c7ba,46a2f24feb258ae0,Valerie Letourneau,dcbf01d605681ad1,Elizabeth Phillips,Valerie Letourneau,46a2f24feb258ae0
5b5307450405abf0,f3ebce624bb154ae,3738e68d2261e60f,Andrei Arlovski,89a407032911e27e,Brendan Schaub,Andrei Arlovski,3738e68d2261e60f
5b5307450405abf0,5fe5c8cb69d8825e,b4eeac608fc82f88,Yves Jabouin,bc7230f231701d66,Mike Easton,Yves Jabouin,b4eeac608fc82f88
5b5307450405abf0,a84d032d7d217427,633a45d131192ffe,Kajan Johnson,9a2d3567abc02e34,Tae Hyun Bang,Kajan Johnson,633a45d131192ffe
5b5307450405abf0,b72c19b80fb47ba4,c0ab242c40decc55,Ryan Bader,5c1ca0c72b599a3c,Rafael Cavalcante,Ryan Bader,c0ab242c40decc55
5b5307450405abf0,7767149280471f2a,7e47047d0971d566,Daniel Sarafian,71df36d6d8cf0d74,Kiichi Kunimoto,Kiichi Kunimoto,71df36d6d8cf0d74
5b5307450405abf0,2d7ead5ad0952423,173acb3f920082b8,Roland Delorme,64788ee44b062ded,Michinori Tanaka,Michinori Tanaka,64788ee44b062ded
5bdcbd8dd681a257,6fa2dae90bda4742,0c6d9ea8306c029e,Brad Tavares,285ae0b4a68221f4,JunYong Park,JunYong Park,285ae0b4a68221f4
5bdcbd8dd681a257,998bde5639c61adb,6e15f63b6c2e2c15,Brandon Royval,4461d7e47375a895,Tatsuro Taira,Tatsuro Taira,4461d7e47375a895
5bdcbd8dd681a257,f1cc9169813c4a3e,077e3ace32b72be9,CJ Vergara,7d0a1968b38ca439,Ramazan Temirov,Ramazan Temirov,7d0a1968b38ca439
5bdcbd8dd681a257,48dd2c9cb39bd2d4,abb68e3c7ca128f2,Julia Polastri,3351aa64aa83c4d9,Cory McKenna,Cory McKenna,3351aa64aa83c4d9
5bdcbd8dd681a257,b23554da35a84fbc,e4ba58725825412d,Dan Argueta,8e6654e9f0461b8f,Cody Haddon,Cody Haddon,8e6654e9f0461b8f
5bdcbd8dd681a257,85854504ce1aa97a,c15fa95b9a12fde4,Junior Tafa,0f3a990526c5e706,Sean Sharaf,Junior Tafa,c15fa95b9a12fde4
5bdcbd8dd681a257,ee5c0b8a757992af,c68c68efaa5ca6ef,Chidi Njokuani,c730a0be691dc081,Jared Gooden,Chidi Njokuani,c68c68efaa5ca6ef
5bdcbd8dd681a257,98c29ba02cee5ba3,99bd51917728c25d,Grant Dawson,e132d47bd9efbbe0,Rafa Garcia,Grant Dawson,99bd51917728c25d
5bdcbd8dd681a257,de484433eef22e1d,b62d5280966b2460,Clayton Carpenter,e0d3d9b564f95635,Lucas Rocha,Clayton Carpenter,b62d5280966b2460
5bdcbd8dd681a257,57415110bd494c79,40f3cb27fc7305a1,Themba Gorimbo,d8da10db80131bec,Niko Price,Themba Gorimbo,40f3cb27fc7305a1
5bdcbd8dd681a257,69a5895fde58432c,87c0b1c696ddfb43,Jonathan Pearce,b8bbdeff718dbb7d,Pat Sabatini,Pat Sabatini,b8bbdeff718dbb7d
5bdcbd8dd681a257,f690949d90ff1dee,8a1f3b5c526cd6e6,Daniel Rodriguez,cdb96af67d096b1e,Alex Morono,Daniel Rodriguez,8a1f3b5c526cd6e6
5ca158b1cc9cb242,071d716229f5ae7f,20205040232ed0f3,Tyson Griffin,c47df9303d318c67,Clay Guida,Clay Guida,c47df9303d318c67
5ca158b1cc9cb242,805bc227bd40b0cc,06f36cf4bd97ec77,Ed Herman,3410cf010558dc8b,Scott Smith,Ed Herman,06f36cf4bd97ec77
5ca158b1cc9cb242,e8005a8c3c029a73,2be6596a9db33bf5,Jason MacDonald,546015aa2ad945fd,Rory Singer,Jason MacDonald,2be6596a9db33bf5
5ca158b1cc9cb242,dbc30717a3efba58,d897897060f10a3a,Rich Franklin,acff437707625fc7,Yushin Okami,Rich Franklin,d897897060f10a3a
5cde96e0a1a1fffe,13d2b7aef67cb6ea,dbc17725b887860a,Cezar Ferreira,0a1942069c9ad6b6,Jack Hermansson,Jack Hermansson,0a1942069c9ad6b6
5cde96e0a1a1fffe,106088694fa0c682,c0ab242c40decc55,Ryan Bader,73e09f837f3b5ecc,Rogerio Nogueira,Ryan Bader,c0ab242c40decc55
5cde96e0a1a1fffe,4c05732d411d6412,ec34349e7dffcde7,Claudia Gadelha,5f179af5fffeb9f6,Cortney Casey,Claudia Gadelha,ec34349e7dffcde7
5cde96e0a1a1fffe,3e1bd51261cb61df,cfb65863d5099327,Thales Leites,4e06913c91da5200,Krzysztof Jotko,Krzysztof Jotko,4e06913c91da5200
5cde96e0a1a1fffe,02b39d683f027517,528c24b99fbaab79,Johnny Eduardo,cc6f9d1e89f3449a,Manvel Gamburyan,Johnny Eduardo,528c24b99fbaab79
5cde96e0a1a1fffe,edcf1d6a1bd8acc7,1bcaac2d99b90fce,Sergio Moraes,47cd337b86b1af92,Zak Ottow,Sergio Moraes,1bcaac2d99b90fce
5cde96e0a1a1fffe,30a2c7e5b90e6d74,6bd02119599741a4,Pedro Munhoz,9fa568ad2bf2cb0b,Justin Scoggins,Pedro Munhoz,6bd02119599741a4
5cde96e0a1a1fffe,a5e240bcd7731725,ab943cd2c3c17825,Marcos Rogerio de Lima,af997f7611673880,Gadzhimurad Antigulov,Marcos Rogerio de Lima,ab943cd2c3c17825
5cde96e0a1a1fffe,939cc30f07131724,d317a5e2b3f88c5f,Warlley Alves,f1b2aa7853d1ed6e,Kamaru Usman,Kamaru Usman,f1b2aa7853d1ed6e
5cde96e0a1a1fffe,ac656cebef8cf0a4,2b074403b7c6cdb4,Thomas Almeida,544d7460b3e44393,Albert Morales,Thomas Almeida,2b074403b7c6cdb4
5d7bdab5e03e3216,d2287a9cfb6b9b07,901cddcbfa079097,Will Campuzano,8cb76103cd8a1562,Nick Pace,Nick Pace,8cb76103cd8a1562
5d7bdab5e03e3216,6e574bd614afffd9,80dbeb1dd5b53e64,Nam Phan,917e53fa0adea0d3,Leonard Garcia,Nam Phan,80dbeb1dd5b53e64
5d7bdab5e03e3216,dca074896265f816,0941df56f6ac954b,Johny Hendricks,5b5307450405abf0,Rick Story,Johny Hendricks,0941df56f6ac954b
5d7bdab5e03e3216,a2be3b3f9739d0af,c6a33ff198aaaeeb,Stephan Bonnar,53278852bcd91e11,Igor Pokrajac,Stephan Bonnar,c6a33ff198aaaeeb
5d7bdab5e03e3216,dca2a0eb4cd3deac,b0a6124751a56bc4,Jonathan Brookins,511e82663651438d,Michael Johnson,Michael Johnson,511e82663651438d
5d7bdab5e03e3216,3d16f99de58b9d0e,210935fd21670f6d,Rich Attonito,d2c55d1d2e67773b,David Branch,David Branch,d2c55d1d2e67773b
5d7bdab5e03e3216,dee976dde74e7e05,234f3767ff0e5701,Kendall Grove,427b5953ac8e3a27,Demian Maia,Demian Maia,427b5953ac8e3a27
5d7bdab5e03e3216,7206d0aa1d53e518,320edfb0332b7073,Fredson Paixao,8e5bfd4e82352340,Pablo Garza,Pablo Garza,8e5bfd4e82352340
5d7c18191b8aa432,8de959ac3c3eeb85,30a09e43f15f1d75,Paulo Thiago,638cfec7ec559d6e,Brandon Thatch,Paulo Thiago,30a09e43f15f1d75
5d7c18191b8aa432,0a70601cc9f2426f,fa37628269132d1a,Godofredo Pepey,b8aef0faf4ce9b31,Sam Sicilia,Godofredo Pepey,fa37628269132d1a
5d7c18191b8aa432,2dd0a47f43dfe8f6,7dcf06c1967801c1,Adriano Martins,5f99b2bafb10305f,Daron Cruickshank,Adriano Martins,7dcf06c1967801c1
5d7c18191b8aa432,2d57ce76f7922ed9,dbc17725b887860a,Cezar Ferreira,7e47047d0971d566,Daniel Sarafian,Cezar Ferreira,dbc17725b887860a
5d7c18191b8aa432,c6c37a9e8990baba,5c1ca0c72b599a3c,Rafael Cavalcante,53278852bcd91e11,Igor Pokrajac,Rafael Cavalcante,5c1ca0c72b599a3c
5d7c18191b8aa432,ee4d086121100177,8a59d346dc976a10,Thiago Tavares,9b198c73e3d0d289,Justin Salas,Thiago Tavares,8a59d346dc976a10
5d7c18191b8aa432,2e042964c6498e7a,b71ce838b01f2cad,Rony Jason,18968f97ad34f15c,Jeremy Stephens,Jeremy Stephens,18968f97ad34f15c
5d7c18191b8aa432,1d34e2f80cb91188,0ee783aa00e468f0,Vitor Belfort,1ccf4e7caff270df,Dan Henderson,Dan Henderson,1ccf4e7caff270df
5d7c18191b8aa432,389c844a1a56177c,6d1bffff14897645,Santiago Ponzinibbio,4c7781da8c6cae93,Ryan LaFlare,Santiago Ponzinibbio,6d1bffff14897645
5da4e8dc02e50ac0,648396cc751c730d,8355922d564b152c,Nate Diaz,f4c49976c75c5ab2,Conor McGregor,Conor McGregor,f4c49976c75c5ab2
5da4e8dc02e50ac0,70f08a4771138817,203c957eac95dd87,Hyun Gyu Lim,f2b6fdb20675b11c,Mike Perry,Mike Perry,f2b6fdb20675b11c
5da4e8dc02e50ac0,dbc72a4092a0b296,d8c7c61b176e3994,Cody Garbrandt,48e093ea1f43a053,Takeya Mizugaki,Cody Garbrandt,d8c7c61b176e3994
5da4e8dc02e50ac0,c0329bd8d3b302c6,365fee2da473b177,Anthony Johnson,7ff97850e8c32bda,Glover Teixeira,Glover Teixeira,7ff97850e8c32bda
5da4e8dc02e50ac0,a69a6da9560ed62c,4b47e71384a9522f,Tim Means,71f048adbfed5b49,Sabah Homasi,Tim Means,4b47e71384a9522f
5da4e8dc02e50ac0,781f9a642e7a9278,5b5307450405abf0,Rick Story,1d00756835ca67c9,Donald Cerrone,Donald Cerrone,1d00756835ca67c9
5da4e8dc02e50ac0,ec381753e852cb63,4a57ebb14315b251,Randa Markos,5f179af5fffeb9f6,Cortney Casey,Cortney Casey,5f179af5fffeb9f6
5da4e8dc02e50ac0,0294253e4a5b4725,dc9572dd6ec74859,Colby Covington,b0d6a1d8ac3d563d,Max Griffin,Colby Covington,dc9572dd6ec74859
5da4e8dc02e50ac0,ec067e9c9efd7aa1,84b3e7d38f2d2ec5,Neil Magny,9450848a71d53776,Lorenz Larkin,Neil Magny,84b3e7d38f2d2ec5
5da4e8dc02e50ac0,6b6680338558bd46,fc169c387b4b465d,Raquel Pennington,dcbf01d605681ad1,Elizabeth Phillips,Raquel Pennington,fc169c387b4b465d
5de61b03868035ff,a39d0adbeffe49de,470fedbc8563ac47,Daniel Omielanczuk,c727c7d31c50c4cf,Anthony Hamilton,Daniel Omielanczuk,470fedbc8563ac47
5de61b03868035ff,439905344ee8035e,42a7e90605df3c8a,Damian Stasiak,3623bd267a2eef2e,Yaotzin Meza,Yaotzin Meza,3623bd267a2eef2e
5de61b03868035ff,fe9a58e79d54695b,12f91bfa8f1f723b,Joanne Wood,b4192a975027aab6,Maryna Moroz,Joanne Wood,12f91bfa8f1f723b
5de61b03868035ff,ec0a1c09d1b113b8,fd5b6598a3b70c0a,Seth Baczynski,f1fac969a1d70b08,Leon Edwards,Leon Edwards,f1fac969a1d70b08
5de61b03868035ff,b2bb725b17ab51b8,1e1dbd1cc5a7469e,Jimi Manuwa,99df7d0a2a08a8a8,Jan Blachowicz,Jan Blachowicz,99df7d0a2a08a8a8
5de61b03868035ff,79e293137ef6421d,1bcaac2d99b90fce,Sergio Moraes,c575ab451e3c5b1d,Mickael Lebout,Sergio Moraes,1bcaac2d99b90fce
5de61b03868035ff,6a7892754af30685,270b89c00ef0c55c,Gabriel Gonzaga,c32fb8c0f6471a4d,Mirko Filipovic,Gabriel Gonzaga,270b89c00ef0c55c
5de61b03868035ff,63c08ecea35e8bee,9310418684bc896f,Pawel Pawlak,ec2d13a87d3d9541,Sheldon Westcott,Pawel Pawlak,9310418684bc896f
5de61b03868035ff,badc8c379cc2e6ff,e17ac6410c8377f4,Bartosz Fabinski,f215cfbd4ba3c270,Garreth McLellan,Bartosz Fabinski,e17ac6410c8377f4
5df10509264586e5,9882c1dac77c0367,4bd6b4800070b069,Chas Skelly,bb1a2cdad6ff34db,Jason Knight,Chas Skelly,4bd6b4800070b069
5df10509264586e5,567cefcaba821205,6256b2b1562cb8e1,James Vick,edd02825c29028fe,Marco Polo Reyes,James Vick,6256b2b1562cb8e1
5df10509264586e5,af2ef75664656957,8f382b3baa954d2a,Jessica Aguilar,5f179af5fffeb9f6,Cortney Casey,Cortney Casey,5f179af5fffeb9f6
5df10509264586e5,362a5b3cd4a70330,4e06913c91da5200,Krzysztof Jotko,d2c55d1d2e67773b,David Branch,Krzysztof Jotko,4e06913c91da5200
5df10509264586e5,39f746cee66e8771,f2688492b9a525a3,Frankie Edgar,cbf5e6f231b55443,Yair Rodriguez,Yair Rodriguez,cbf5e6f231b55443
5df10509264586e5,6e3139f066149a81,427b5953ac8e3a27,Demian Maia,47b9e0e7703a4868,Jorge Masvidal,Demian Maia,427b5953ac8e3a27
5df10509264586e5,0fd8214ac276728e,3d6749c4267da18f,Joanna Jedrzejczyk,6a1901c62ab3870f,Jessica Andrade,Joanna Jedrzejczyk,3d6749c4267da18f
5df10509264586e5,16a0352f3e19b931,d28dee5c705991df,Stipe Miocic,63def5a5662a6917,Junior Dos Santos,Junior Dos Santos,63def5a5662a6917
5df10509264586e5,14dbcdbe8e7251bf,2d447cc91bdaa545,Joachim Christensen,af997f7611673880,Gadzhimurad Antigulov,Gadzhimurad Antigulov,af997f7611673880
5df10509264586e5,7188621a628e718d,436f970c9ea9169c,Gabriel Benitez,be0b310a12eb80b4,Enrique Barzola,Enrique Barzola,be0b310a12eb80b4
5df10509264586e5,f26657d5018ee428,01b352b6a9074d5c,Chase Sherman,d1528ac5675558b1,Rashad Coulter,Chase Sherman,01b352b6a9074d5c
5df17b3620145578,eab100e978c730c5,f9b200db02b488d9,Lando Vannata,813550bc53b15fb0,Yancy Medeiros,Yancy Medeiros,813550bc53b15fb0
5df17b3620145578,51218519be104794,e7bba7ce4d6c7b07,Casey Kenney,c03520b5c88ed6b4,Merab Dvalishvili,Merab Dvalishvili,c03520b5c88ed6b4
5df17b3620145578,8725dc88f2e0a6f3,f57dd0bfa8c17813,Mark De La Rosa,82b4e942781b1046,Raulian Paiva,Raulian Paiva,82b4e942781b1046
5df17b3620145578,d629aa5eb31a1e38,9cdd2da1a9104a0b,Macy Chiasson,568bbad0eaced57c,Shanna Young,Macy Chiasson,9cdd2da1a9104a0b
5df17b3620145578,08426f06239d903c,99506df1af6c8b3b,John Dodson,329e403448756217,Nathaniel Wood,Nathaniel Wood,329e403448756217
5df17b3620145578,94c0819fde11364d,cc7040fe76f0ef91,Devin Clark,3f7dab21b6c971bc,Dequan Townsend,Devin Clark,cc7040fe76f0ef91
5df17b3620145578,f3e2038bfb9b5d9d,d1941565abf50b16,Jim Miller,df1eb4354d18a906,Scott Holtzman,Jim Miller,d1941565abf50b16
5df17b3620145578,b41e3be867afd6fa,07a2bdaa0afdd831,Rogerio Bontorin,a4de54ea806fb525,Ray Borg,Ray Borg,a4de54ea806fb525
5df17b3620145578,9d98e1c0d62213cf,7c9f96f9a6a5cd50,Brok Weaver,ec18eb918121787c,Kazula Vargas,Kazula Vargas,ec18eb918121787c
5df17b3620145578,96919cf8d3e988ff,80d8aed0ca9b00f3,Montana De La Rosa,82cbb809d5ee565c,Mara Romero Borella,Montana De La Rosa,80d8aed0ca9b00f3
5df17b3620145578,a02ffaf1fe462d28,82e7929bf6c2b689,Diego Sanchez,595db60957de51d3,Michel Pereira,Michel Pereira,595db60957de51d3
5df17b3620145578,801b3f24c670f19a,5e4eec08896c9423,Corey Anderson,99df7d0a2a08a8a8,Jan Blachowicz,Jan Blachowicz,99df7d0a2a08a8a8
5df17b3620145578,2dc48a745d6c662b,4b47e71384a9522f,Tim Means,8a1f3b5c526cd6e6,Daniel Rodriguez,Daniel Rodriguez,8a1f3b5c526cd6e6
5dfe71ade71f3a4b,ccf3b6eda4c2a564,6fd953151d981979,JJ Aldrich,4798e823ada58fe9,Veronica Hardy,JJ Aldrich,6fd953151d981979
5dfe71ade71f3a4b,b78a222fb448aed4,b9437600497350f3,Joaquin Buckley,49d2a08964c5eb11,Nursulton Ruziboev,Joaquin Buckley,b9437600497350f3
5dfe71ade71f3a4b,6c67aa7063717a0c,f53d4f21d1b5f2dc,Diego Ferreira,849c5d9979df5357,Mateusz Rebecki,Mateusz Rebecki,849c5d9979df5357
5dfe71ade71f3a4b,a049c12f43914449,a495f599e787614f,Alonzo Menifield,9014c02eff8b3d62,Carlos Ulberg,Carlos Ulberg,9014c02eff8b3d62
5dfe71ade71f3a4b,8aa07b6cc40f0cb2,7aa3d6964eff4877,Alex Caceres,4682bc59d5f55145,Sean Woodson,Sean Woodson,4682bc59d5f55145
5dfe71ade71f3a4b,ec5d705232983b87,fa07345cc9db5cc9,Billy Ray Goff,31dbfbe4e7a6727c,Trey Waters,Trey Waters,31dbfbe4e7a6727c
5dfe71ade71f3a4b,8d9bcbb48888a5a3,809bd1a871491508,Terrance McKinney,323d4ca260dfa0ba,Esteban Ribovics,Esteban Ribovics,323d4ca260dfa0ba
5dfe71ade71f3a4b,420a5e3b4010ebef,971246648e162f0d,Chase Hooper,19c591115a58982c,Viacheslav Borshchev,Chase Hooper,971246648e162f0d
5dfe71ade71f3a4b,13d8d5cd83e5b57e,d25240135aee03e5,Tabatha Ricci,31ef8b67e13495b3,Tecia Pennington,Tabatha Ricci,d25240135aee03e5
5dfe71ade71f3a4b,4b45f190122a1ce1,814e5233e2acf2ee,Charles Johnson,60a42bf82447c919,Jake Hadley,Charles Johnson,814e5233e2acf2ee
5dfe71ade71f3a4b,e98eb6de29c62c9c,fc08099550072fe4,Waldo Cortes-Acosta,140567899d98978a,Robelis Despaigne,Waldo Cortes-Acosta,fc08099550072fe4
5dfe71ade71f3a4b,6f0f84075fa1a4b0,d3df1add9d9a7efb,Derrick Lewis,d31a5546c0e9b213,Rodrigo Nascimento,Derrick Lewis,d3df1add9d9a7efb
5e7a28f20927d64a,ee46c069ebe691ff,729d4bd5a6cd0a97,Lauren Murphy,e872e9a9a902c045,Katlyn Cerminara,Lauren Murphy,729d4bd5a6cd0a97
5e7a28f20927d64a,0f73ee9121ec7539,c80095f6092271a7,Tim Boetsch,9deff9e3e8d94d47,Josh Samman,Tim Boetsch,c80095f6092271a7
5e7a28f20927d64a,df661c70c40adf84,94527830000ab715,Rani Yahya,2fc7e9701642ca38,Matthew Lopez,Rani Yahya,94527830000ab715
5e7a28f20927d64a,5b6451f3f83c719c,df1eb4354d18a906,Scott Holtzman,5904b0b38dc6718d,Cody Pfister,Scott Holtzman,df1eb4354d18a906
5e7a28f20927d64a,0864112e968630ea,cc7040fe76f0ef91,Devin Clark,2b6d855c6e280fb1,Alex Nicholson,Devin Clark,cc7040fe76f0ef91
5e7a28f20927d64a,2ef96a4eb306fbb4,b9664eae2ac75262,Eric Spicely,d156513a19acf856,Sam Alvey,Eric Spicely,b9664eae2ac75262
5e7a28f20927d64a,08c6b88ac22717ed,d0314416a7f26527,Michael McDonald,c268b2cfebccf652,John Lineker,John Lineker,c268b2cfebccf652
5e7a28f20927d64a,a2fe63d064567d14,d2bc285ead803db0,Louis Smolka,840d2c82ea68b9aa,Ben Nguyen,Louis Smolka,d2bc285ead803db0
5e7a28f20927d64a,bb0770ead53940f5,7339d340aa2889cb,Kyle Noke,65ddc8a9ac4e8531,Keita Nakamura,Kyle Noke,7339d340aa2889cb
5e7a28f20927d64a,0fed8d8499eae01a,98c23cb6da5b3352,Aleksei Oleinik,470fedbc8563ac47,Daniel Omielanczuk,Daniel Omielanczuk,470fedbc8563ac47
5e7a28f20927d64a,824fb74f5fc34218,22a92d7f62195791,Tony Ferguson,f9b200db02b488d9,Lando Vannata,Tony Ferguson,22a92d7f62195791
5ef0088c1b19beeb,5a6e894e4b6cc703,5078e1dacf9d25f4,Luana Santos,5e6294b37bbef029,Stephanie Egger,Luana Santos,5078e1dacf9d25f4
5ef0088c1b19beeb,3adab28c5c6a9254,32490e80ddab1e5a,Song Kenan,dda15dbfafb792df,Kevin Jousset,Song Kenan,32490e80ddab1e5a
5ef0088c1b19beeb,1afc4f372a125c74,285ae0b4a68221f4,JunYong Park,886264a0c9f4ea5e,Andre Muniz,JunYong Park,285ae0b4a68221f4
5ef0088c1b19beeb,91093a019d32af2e,d4c9dcd330403612,Anthony Smith,749f572d1d3161fb,Khalil Rountree Jr.,Khalil Rountree Jr.,749f572d1d3161fb
5ef0088c1b19beeb,5ac1725f775c6f00,97cf1a2c7c5e7889,Steve Garcia,20bccc9bb4ceb23e,Melquizael Costa,Steve Garcia,97cf1a2c7c5e7889
5ef0088c1b19beeb,fbedeb4e4b019b94,c96d9178c9ed9e62,Tim Elliott,3cf18e01cb6cbde3,Sumudaerji,Sumudaerji,3cf18e01cb6cbde3
5ef0088c1b19beeb,acc57a9c114b694a,b7b84ccd221be298,Nasrat Haqparast,af9f42e6894047fc,Jamie Mullarkey,Nasrat Haqparast,b7b84ccd221be298
5ef0088c1b19beeb,f9ec8bedc15ece93,efb96bf3e9ada36f,Song Yadong,45f0cc9d18f35137,Chris Gutierrez,Song Yadong,efb96bf3e9ada36f
5ef0088c1b19beeb,35addc4646509286,b671bdf981ad527d,HyunSung Park,51c655162e462ceb,Shannon Ross,HyunSung Park,b671bdf981ad527d
5ef0088c1b19beeb,84f6de7c99779e5f,4461d7e47375a895,Tatsuro Taira,798e48f9e7f6ba22,Carlos Hernandez,Tatsuro Taira,4461d7e47375a895
5ef0088c1b19beeb,acde7c89bd724af8,02bb48869eb7ac8f,Rayanne dos Santos,d35298b6df168456,Talita Alencar,Talita Alencar,d35298b6df168456
5f8e00c27b7e7410,87f58feac6b50367,511e82663651438d,Michael Johnson,d945aae53e3e54e6,Thiago Moises,Thiago Moises,d945aae53e3e54e6
5f8e00c27b7e7410,b2ca310c9d0037d3,01b352b6a9074d5c,Chase Sherman,f9d0cae37dabfafc,Ike Villanueva,Chase Sherman,01b352b6a9074d5c
5f8e00c27b7e7410,3ce634d03af7e14c,2af2f2e26c4c0402,Hunter Azure,7be14eaed4c74856,Brian Kelleher,Hunter Azure,2af2f2e26c4c0402
5f8e00c27b7e7410,394ae51820bedd4c,bd58d34e39b7b12a,Ben Rothwell,50db8711c70196cd,Ovince Saint Preux,Ben Rothwell,bd58d34e39b7b12a
5f8e00c27b7e7410,8539c4b795d33a92,d4c9dcd330403612,Anthony Smith,7ff97850e8c32bda,Glover Teixeira,Glover Teixeira,7ff97850e8c32bda
5f8e00c27b7e7410,3094e82731ec55e7,5987b2458f4b5290,Ricky Simon,a4de54ea806fb525,Ray Borg,Ricky Simon,5987b2458f4b5290
5f8e00c27b7e7410,fbbba3da4438cb04,4234f0097c83fa62,Sijara Eubanks,539ed332b3078821,Sarah Moras,Sijara Eubanks,4234f0097c83fa62
5f8e00c27b7e7410,312946f6b72ebd51,3738e68d2261e60f,Andrei Arlovski,53c943c873cffe90,Philipe Lins,Philipe Lins,53c943c873cffe90
5f8e00c27b7e7410,46c050a827ee83d6,262a7d06203657e6,Alexander Hernandez,519e4fe37ce9ff75,Drew Dober,Alexander Hernandez,262a7d06203657e6
5f8e00c27b7e7410,918103d82ecbed75,436f970c9ea9169c,Gabriel Benitez,a0e6753c42698f13,Omar Morales,Gabriel Benitez,436f970c9ea9169c
601cf40c09090853,8bcdb1c3418fe739,effd9de9937996f8,Tyron Woodley,5bb0a618ad03ac64,Jay Hieron,Tyron Woodley,effd9de9937996f8
601cf40c09090853,031eac0f0f85d0bf,ee779c43a8926d52,Rashad Evans,73e09f837f3b5ecc,Rogerio Nogueira,Rashad Evans,ee779c43a8926d52
601cf40c09090853,6247ad19755b71d6,32be4b7f7de1c905,Chico Camus,fe91d254db77a7fc,Dustin Kimura,Chico Camus,32be4b7f7de1c905
601cf40c09090853,40cc0ccf580a4836,80eacd4da0617c57,Joseph Benavidez,701e057d63c124d9,Ian McCall,Joseph Benavidez,80eacd4da0617c57
601cf40c09090853,42eba784becde9ad,bbfca6d5c27d9cd8,Edwin Figueroa,7ea4a9f07df33a45,Francisco Rivera,Francisco Rivera,7ea4a9f07df33a45
601cf40c09090853,1c4e4b3358089960,d0f3959b4a9747e6,Jose Aldo,f2688492b9a525a3,Frankie Edgar,Jose Aldo,d0f3959b4a9747e6
601cf40c09090853,cd03bff050e53625,6f81b6de2557739a,Jacob Volkmann,887961364be5ceb3,King Green,King Green,887961364be5ceb3
601cf40c09090853,54c842a037183f48,5f04e3d58d9ce982,Yves Edwards,c295de4e10acd4c9,Isaac Vallie-Flagg,Yves Edwards,5f04e3d58d9ce982
601cf40c09090853,1d43112d98de273a,75e5fec9f72910ef,Gleison Tibau,e5c9de15bb58b1c6,Evan Dunham,Evan Dunham,e5c9de15bb58b1c6
601cf40c09090853,171eb38b335030d3,6f018c039b4d5d80,Jon Fitch,427b5953ac8e3a27,Demian Maia,Jon Fitch,6f018c039b4d5d80
601cf40c09090853,21419797f539de5e,b4ad3a06ee4d660c,Alistair Overeem,8349d55cdecd393a,Antonio Silva,Alistair Overeem,b4ad3a06ee4d660c
602bb270f2bdbf02,3a94bf34e62ae5fd,7a703c565ccaa18f,Jacare Souza,b1a3e0aca758b322,Derek Brunson,Derek Brunson,b1a3e0aca758b322
602bb270f2bdbf02,5a096f2acb44c776,4a57ebb14315b251,Randa Markos,75a6a390fd5dca46,Juliana Lima,Juliana Lima,75a6a390fd5dca46
602bb270f2bdbf02,4fcbee643660d679,d8da10db80131bec,Niko Price,6c7e25571490aa3b,George Sullivan,Niko Price,d8da10db80131bec
602bb270f2bdbf02,ce4314886c57718b,c77a953488e5607d,Vinc Pichel,ae7fe94f117f98cf,Joaquim Silva,Joaquim Silva,ae7fe94f117f98cf
602bb270f2bdbf02,fa7cde1e2d3ae338,bf0e700106d00e55,Austin Arnett,65f09bacd3957381,Cory Sandhagen,Cory Sandhagen,65f09bacd3957381
602bb270f2bdbf02,b8648b32caf36c5a,cbd3e590a85b18c5,Mirsad Bektic,fa37628269132d1a,Godofredo Pepey,Mirsad Bektic,cbd3e590a85b18c5
602bb270f2bdbf02,c5f0c83e303d80bf,e872e9a9a902c045,Katlyn Cerminara,82cbb809d5ee565c,Mara Romero Borella,Katlyn Cerminara,e872e9a9a902c045
602bb270f2bdbf02,04a1c5b7993fe4d5,99bd87a300079ed9,Erik Koch,887961364be5ceb3,King Green,King Green,887961364be5ceb3
602bb270f2bdbf02,f23e2bed86b62462,519e4fe37ce9ff75,Drew Dober,764342d39cdaa54a,Frank Camacho,Drew Dober,519e4fe37ce9ff75
602bb270f2bdbf02,27901ef9e82d5690,6f242453c91a5af0,Dennis Bermudez,8fd808923cffff82,Andre Fili,Dennis Bermudez,6f242453c91a5af0
602bb270f2bdbf02,d571486369996a39,c07efc18b231f170,Jordan Rinaldi,84ff027394f7e470,Gregor Gillespie,Gregor Gillespie,84ff027394f7e470
602bb270f2bdbf02,6e65bec924996b5a,928ae2e5b5f7a9ec,Justine Kish,a20f234df70f2182,Ji Yeon Kim,Justine Kish,928ae2e5b5f7a9ec
6083f497c22cc075,52943c821416dc38,e8b731feff72294b,Alexa Grasso,dd4c16777fb2ccf9,Heather Clark,Alexa Grasso,e8b731feff72294b
6083f497c22cc075,29df50b2ea446361,01fcef7e3d051722,Henry Briones,3a314d9fa7c6825d,Douglas Silva de Andrade,Douglas Silva de Andrade,3a314d9fa7c6825d
6083f497c22cc075,51010081d59b4687,af62f99eb7606308,Erik Perez,71002dbc1743b9a7,Felipe Arantes,Erik Perez,af62f99eb7606308
6083f497c22cc075,2c39797c6574ff29,d156513a19acf856,Sam Alvey,2b6d855c6e280fb1,Alex Nicholson,Sam Alvey,d156513a19acf856
6083f497c22cc075,588a39cab19065bc,ec71a892fada28c7,Marco Beltran,a4e85a58fbce64b2,Joe Soto,Joe Soto,a4e85a58fbce64b2
6083f497c22cc075,e322eae035f7c00f,3974fa35c917af1d,Ricardo Lamas,07225ba28ae309b6,Charles Oliveira,Charles Oliveira,07225ba28ae309b6
6083f497c22cc075,c5a8e0098d1024ce,82e7929bf6c2b689,Diego Sanchez,bf43fed8f29e1671,Marcin Held,Diego Sanchez,82e7929bf6c2b689
6083f497c22cc075,00494c77d2a88f8c,08af939f41b5a57b,Beneil Dariush,7ea1f74cef32f906,Rashid Magomedov,Beneil Dariush,08af939f41b5a57b
6083f497c22cc075,43a941e005a2d463,9c44f290f5726d95,Martin Bravo,d747eb273a40a920,Claudio Puelles,Claudio Puelles,d747eb273a40a920
6083f497c22cc075,9220acccebf14a46,6a2f7c151031653d,Rafael Dos Anjos,22a92d7f62195791,Tony Ferguson,Tony Ferguson,22a92d7f62195791
6083f497c22cc075,23c6a428df1569bc,8163cd7de0342652,Erick Montano,b0d6a1d8ac3d563d,Max Griffin,Max Griffin,b0d6a1d8ac3d563d
6085ceb59087514b,4b12a4b48755cd6b,e1248941344b3288,Alexander Volkanovski,cbf5e6f231b55443,Yair Rodriguez,Alexander Volkanovski,e1248941344b3288
6085ceb59087514b,0f24f3bc1b39ea45,792be9a24df82ed6,Brandon Moreno,a0f0004aadf10b71,Alexandre Pantoja,Alexandre Pantoja,a0f0004aadf10b71
6085ceb59087514b,4ec5d9bd1442e6c1,e1147d3d2dabe1ce,Robert Whittaker,0d7b51c9d2649a6e,Dricus Du Plessis,Dricus Du Plessis,0d7b51c9d2649a6e
6085ceb59087514b,1ffe6e8df6dbefd2,35673bf5204524ee,Bo Nickal,7a47e068f8017019,Val Woodburn,Bo Nickal,35673bf5204524ee
6085ceb59087514b,b6ea8880cc7af439,4d8fa64202cee4c1,Jalin Turner,193b9d1858bc4df3,Dan Hooker,Jalin Turner,4d8fa64202cee4c1
6085ceb59087514b,d3a9aceeb7e23580,4461d7e47375a895,Tatsuro Taira,5ef94841c4bc3f86,Edgar Chairez,Tatsuro Taira,4461d7e47375a895
6085ceb59087514b,ef270d8cf29d071b,40cb680ae1cd331f,Yazmin Jauregui,cffb87059e645bd1,Denise Gomes,Denise Gomes,cffb87059e645bd1
6085ceb59087514b,69f67a4a690eb15d,71171fc96445bf65,Vitor Petrino,6370c1c1e12723d5,Marcin Prachnio,Vitor Petrino,71171fc96445bf65
6085ceb59087514b,dbf8a4b0870a47d1,3c8a5200436e19f3,Cameron Saaiman,f3ca6908f78efebe,Terrence Mitchell,Cameron Saaiman,3c8a5200436e19f3
6085ceb59087514b,420f7e6530dbc727,51c655162e462ceb,Shannon Ross,c051c2e12d692b8a,Jesus Aguilar,Jesus Aguilar,c051c2e12d692b8a
6085ceb59087514b,6ef12db5b099ec81,70e1f8a821b72c8b,Jimmy Crute,a495f599e787614f,Alonzo Menifield,Alonzo Menifield,a495f599e787614f
6085ceb59087514b,5b71958ee063a6e8,c7d7fda69ec410d3,Kamuela Kirk,323d4ca260dfa0ba,Esteban Ribovics,Esteban Ribovics,323d4ca260dfa0ba
6085ceb59087514b,20d8f6b4b7c8bae7,f2925e6db404bf1d,Robbie Lawler,d8da10db80131bec,Niko Price,Robbie Lawler,f2925e6db404bf1d
60884f31ead1609c,49d065270f57ad99,f7a7f7118d4b01b6,Lyoto Machida,179f1948dc234f1f,Mark Munoz,Lyoto Machida,f7a7f7118d4b01b6
60884f31ead1609c,c33671cab408184b,1e1dbd1cc5a7469e,Jimi Manuwa,bc3ec52ef70fc155,Ryan Jimmo,Ryan Jimmo,bc3ec52ef70fc155
60884f31ead1609c,4c0718f12ca664bb,ba043b03eb799063,Phil Harris,c268b2cfebccf652,John Lineker,John Lineker,c268b2cfebccf652
60884f31ead1609c,a34dc365302238e8,14ff46596ad80609,Norman Parke,53ec9cb470e1a4ea,Jon Tuck,Norman Parke,14ff46596ad80609
60884f31ead1609c,0051d7fbb7893d27,b6c4451cb13c9303,Andy Ogle,282fa667ff9c51ed,Cole Miller,Andy Ogle,b6c4451cb13c9303
60884f31ead1609c,2a50b91600e87994,7f955f71fa2ce7ac,Alessio Sakara,8b5f9ea38184ded3,Nicholas Musoke,Nicholas Musoke,8b5f9ea38184ded3
60884f31ead1609c,22fdf7a08691db5d,59279a7c978f7da0,Al Iaquinta,a3be148af5c7b088,Piotr Hallmann,Al Iaquinta,59279a7c978f7da0
60884f31ead1609c,46c89e7e886cdc5b,34e552520a934063,Brad Scott,b7f38813485745da,Michael Kuiper,Michael Kuiper,b7f38813485745da
60884f31ead1609c,6fbd9d599d638106,172c2135e70f87b7,Luke Barnatt,8a70ceb3edbe757b,Andrew Craig,Luke Barnatt,172c2135e70f87b7
60884f31ead1609c,ce9e10ad39976287,893d51aaf024eddd,Jimy Hettes,1dafccb62a0f98ec,Robert Whiteford,Jimy Hettes,893d51aaf024eddd
60ba33c3f555a7a3,b3248692dfb954b2,60a42bf82447c919,Jake Hadley,253076a23d03dcd0,Allan Nascimento,Allan Nascimento,253076a23d03dcd0
60ba33c3f555a7a3,e240d6f77747ec46,764342d39cdaa54a,Frank Camacho,2e7878927067fdca,Manuel Torres,Manuel Torres,2e7878927067fdca
60ba33c3f555a7a3,f549164690d723bb,7dda2cf308f24a02,Virna Jandiroba,f0feeb2192937424,Angela Hill,Virna Jandiroba,7dda2cf308f24a02
60ba33c3f555a7a3,8a1aa64eb1f17913,511e82663651438d,Michael Johnson,cd7763bcadb5d4c8,Alan Patrick,Michael Johnson,511e82663651438d
60ba33c3f555a7a3,2fa88b72973478b6,a67f5afa8d6a1b80,Ryan Spann,cd13728ae1151f46,Ion Cutelaba,Ryan Spann,a67f5afa8d6a1b80
60ba33c3f555a7a3,43543a2c1c7a7135,113df4fde64735c6,Davey Grant,d2bc285ead803db0,Louis Smolka,Davey Grant,113df4fde64735c6
60ba33c3f555a7a3,5c281439d20184f1,99df7d0a2a08a8a8,Jan Blachowicz,333b9e5c723ac873,Aleksandar Rakic,Jan Blachowicz,99df7d0a2a08a8a8
60ba33c3f555a7a3,7e047b195135ef06,36541f1e6c5d4955,Viviane Araujo,05fa626cb33d15b8,Andrea Lee,Viviane Araujo,36541f1e6c5d4955
60ba33c3f555a7a3,fad150a0288efbd7,e872e9a9a902c045,Katlyn Cerminara,beecb672a279223e,Amanda Ribas,Katlyn Cerminara,e872e9a9a902c045
60ba33c3f555a7a3,22f1133d02700bb2,4461d7e47375a895,Tatsuro Taira,760a55d5b6098cbe,Carlos Candelario,Tatsuro Taira,4461d7e47375a895
60ba33c3f555a7a3,afed0bac5ce5a2f3,12585614e0ed2626,Nick Maximov,5f61780fe5e9b6d0,Andre Petroski,Andre Petroski,5f61780fe5e9b6d0
620be7e0712d431b,418a7100e490e791,e9213f53ddeca978,Dhiego Lima,acff437707625fc7,Yushin Okami,Yushin Okami,acff437707625fc7
620be7e0712d431b,15aee8ad5d9e9d58,5aedf14771ca82d2,Wilson Reis,92437c6775b3f7d1,John Moraga,John Moraga,92437c6775b3f7d1
620be7e0712d431b,85060e6e71ed14e4,122ac9b816d8b71c,Shana Dobson,f923e012414c883e,Lauren Mueller,Lauren Mueller,f923e012414c883e
620be7e0712d431b,bd1e01de1f24962b,2fc7e9701642ca38,Matthew Lopez,80daefbed11ce998,Alejandro Perez,Alejandro Perez,80daefbed11ce998
620be7e0712d431b,47fc0736929125bd,7e511f8d842a109d,Arjan Bhullar,efa1f6b42c86793c,Adam Wieczorek,Adam Wieczorek,efa1f6b42c86793c
620be7e0712d431b,4210f9b11debf1fc,96428b9e9bd048ea,Luke Sanders,39330403ad27c2bb,Patrick Williams,Luke Sanders,96428b9e9bd048ea
620be7e0712d431b,59363451049c929d,23024fdfc966410a,Gilbert Burns,66e98b3bb5fc5250,Dan Moret,Gilbert Burns,23024fdfc966410a
620be7e0712d431b,bfae2fb50efbdb0f,029eaff01e6bb8f0,Dustin Poirier,9e8f6c728eb01124,Justin Gaethje,Justin Gaethje,9e8f6c728eb01124
620be7e0712d431b,b8b9a8e504d51ba5,1338e2c7480bdf9e,Israel Adesanya,7acbb0972e75281a,Marvin Vettori,Israel Adesanya,1338e2c7480bdf9e
620be7e0712d431b,57d05d28e3fbee4f,eb04b9d31e938edb,Michelle Waterson-Gomez,5f179af5fffeb9f6,Cortney Casey,Michelle Waterson-Gomez,eb04b9d31e938edb
620be7e0712d431b,5164f1c4103616fd,c80095f6092271a7,Tim Boetsch,52e76bb4b3e852f3,Antonio Carlos Junior,Antonio Carlos Junior,52e76bb4b3e852f3
620be7e0712d431b,e18a8b333529cc09,f9f07bb5a43535ed,Carlos Condit,57b10fca4f9c9a7a,Alex Oliveira,Carlos Condit,f9f07bb5a43535ed
620be7e0712d431b,01c9acf719298187,4e06913c91da5200,Krzysztof Jotko,0c6d9ea8306c029e,Brad Tavares,Krzysztof Jotko,4e06913c91da5200
620be7e0712d431b,17c53d93d549cb03,447f9858ae78f921,Muslim Salikhov,9b1e3fb4f8cbd5b7,Ricky Rainey,Muslim Salikhov,447f9858ae78f921
6291ac0a3726732f,438f5404c43303b8,b7f38813485745da,Michael Kuiper,4d44f37107f01b9b,Tom Lawlor,Tom Lawlor,4d44f37107f01b9b
6291ac0a3726732f,8b0ff8defc1a14f4,c4fe2e9a06ea5bcb,Ben Alloway,4c7781da8c6cae93,Ryan LaFlare,Ryan LaFlare,4c7781da8c6cae93
6291ac0a3726732f,24393bea0c4cf49a,81801f57bd0a7c41,Marcus Brimage,f4c49976c75c5ab2,Conor McGregor,Conor McGregor,f4c49976c75c5ab2
6291ac0a3726732f,53467e6296c2e5e6,3f52ce18fb98008f,Akira Corassani,960d6cae8879ba2b,Robert Peralta,Robert Peralta,960d6cae8879ba2b
6291ac0a3726732f,f3ebaf9af44c1e6d,c2e3e67b5911bfb7,Diego Brandao,8e5bfd4e82352340,Pablo Garza,Diego Brandao,c2e3e67b5911bfb7
6291ac0a3726732f,a89b9eeacdb85ec1,ba280572acfba13f,Matt Mitrione,6ef65b6a152e49d5,Philip De Fries,Matt Mitrione,ba280572acfba13f
6291ac0a3726732f,4e69c86d09c9f782,c945adc22c2bfe8f,Brad Pickett,bc7230f231701d66,Mike Easton,Mike Easton,bc7230f231701d66
6291ac0a3726732f,bc0779b232828e67,e25bcbcdaf6537a1,Reza Madadi,511e82663651438d,Michael Johnson,Michael Johnson,511e82663651438d
6291ac0a3726732f,3509779ebe302d06,232c582f29f8f65e,Gegard Mousasi,e9a3aeb207578eea,Ilir Latifi,Gegard Mousasi,232c582f29f8f65e
6291ac0a3726732f,fa520c5834cda94e,46fd223e3ced39b3,Ryan Couture,4f732e58ed907eff,Ross Pearson,Ross Pearson,4f732e58ed907eff
63b65af1c5cb02cb,33065e87a42a74a2,1f454354805b6f75,Anderson Silva,622f015c81a9b13a,Travis Lutter,Anderson Silva,1f454354805b6f75
63b65af1c5cb02cb,c1df212ba092c404,ffc088e64fab57e9,Quinton Jackson,05866d8c3a321856,Marvin Eastman,Quinton Jackson,ffc088e64fab57e9
63b65af1c5cb02cb,f0b7729fba7e4533,9fa3bd637edd9aa2,Patrick Cote,3410cf010558dc8b,Scott Smith,Patrick Cote,9fa3bd637edd9aa2
63b65af1c5cb02cb,063599b1d4107289,f2688492b9a525a3,Frankie Edgar,20205040232ed0f3,Tyson Griffin,Frankie Edgar,f2688492b9a525a3
63b65af1c5cb02cb,ca5b6d6a26891f4b,c32fb8c0f6471a4d,Mirko Filipovic,7f0b4a75ef3039a3,Eddie Sanchez,Eddie Sanchez,7f0b4a75ef3039a3
63b65af1c5cb02cb,c742bd1673635ded,6a92caba39b64752,Terry Martin,cb46dface0e28a2c,Jorge Rivera,Terry Martin,6a92caba39b64752
6546af7ab545b90c,cb010b41cd20a1ed,99df7d0a2a08a8a8,Jan Blachowicz,dea070ed4a2a8281,Thiago Santos,Jan Blachowicz,99df7d0a2a08a8a8
6546af7ab545b90c,34c649f3f43a919b,fcd448a2fe1a23cc,Gian Villante,0d65c432720accb9,Michal Oleksiejczuk,Michal Oleksiejczuk,0d65c432720accb9
6546af7ab545b90c,c827f5212a34bf2e,fbf0537e420e698e,Daniel Teymur,bebb4ae55ac2bf6f,Chris Fishgold,Chris Fishgold,bebb4ae55ac2bf6f
6546af7ab545b90c,244aa8f002274344,99506df1af6c8b3b,John Dodson,d661ce4da776fc20,Petr Yan,Petr Yan,d661ce4da776fc20
6546af7ab545b90c,4de28817db9fc9d8,ebc1f40e00e0c481,Stefan Struve,ab943cd2c3c17825,Marcos Rogerio de Lima,Marcos Rogerio de Lima,ab943cd2c3c17825
6546af7ab545b90c,14c505d7ad55883c,d802174b0c0c1f4e,Magomed Ankalaev,7279654c7674cd24,Klidson Abreu,Magomed Ankalaev,d802174b0c0c1f4e
6546af7ab545b90c,18d6df67968bf06b,38c626ca912c7bac,Damir Hadzovic,edd02825c29028fe,Marco Polo Reyes,Damir Hadzovic,38c626ca912c7bac
6546af7ab545b90c,c77486266b05f934,e51fcd9cd84c0b93,Michel Prazeres,6a96ad1bc34fb113,Ismail Naurdiev,Michel Prazeres,e51fcd9cd84c0b93
6546af7ab545b90c,fd438db3e60f062a,8be158ca1e5ea6a0,Dwight Grant,198994b47f395af0,Carlo Pedersoli Jr.,Dwight Grant,8be158ca1e5ea6a0
6546af7ab545b90c,4e22e3cdb8757be1,4798e823ada58fe9,Veronica Hardy,38c7f72747f4f712,Gillian Robertson,Gillian Robertson,38c7f72747f4f712
6546af7ab545b90c,e4b13f7f43018ec0,135d124172a0bea3,Damir Ismagulov,58bbef3770bb2dfc,Joel Alvarez,Damir Ismagulov,135d124172a0bea3
6546af7ab545b90c,9af62d6e404c1002,9b7694d064a8a0ad,Rustam Khabilov,f53d4f21d1b5f2dc,Diego Ferreira,Rustam Khabilov,9b7694d064a8a0ad
6546af7ab545b90c,1db00b3e736c22bf,51a0c09cbe9b8472,Liz Carmouche,3cf66c62d9069f43,Lucie Pudilova,Liz Carmouche,51a0c09cbe9b8472
6597b611f1c32555,48292a027df02443,a495f599e787614f,Alonzo Menifield,78a68f1dade6aaf7,Fabio Cherant,Alonzo Menifield,a495f599e787614f
6597b611f1c32555,b1eff235241e719b,d28dee5c705991df,Stipe Miocic,8d03ce87ca14e778,Francis Ngannou,Francis Ngannou,8d03ce87ca14e778
6597b611f1c32555,39d188fa9b95d550,effd9de9937996f8,Tyron Woodley,6d4b63c767106d3a,Vicente Luque,Vicente Luque,6d4b63c767106d3a
6597b611f1c32555,8317208cfb030ed3,38c7f72747f4f712,Gillian Robertson,f29a6350c69f4a33,Miranda Maverick,Miranda Maverick,f29a6350c69f4a33
6597b611f1c32555,390694c179f05c7f,af9f42e6894047fc,Jamie Mullarkey,78e501478a36a018,Khama Worthy,Jamie Mullarkey,af9f42e6894047fc
6597b611f1c32555,0aa335dbc4cb3473,b50a426a33da0012,Sean O'Malley,2b074403b7c6cdb4,Thomas Almeida,Sean O'Malley,b50a426a33da0012
6597b611f1c32555,2220b73ece1730c3,4cd8b03aee1d0138,Shane Young,a0e6753c42698f13,Omar Morales,Omar Morales,a0e6753c42698f13
6597b611f1c32555,6002c24f0b7f8cc7,476fe566d2df676e,Modestas Bukauskas,0d65c432720accb9,Michal Oleksiejczuk,Michal Oleksiejczuk,0d65c432720accb9
6597b611f1c32555,41622791b276ad9e,8e9eb3fc86db0f7d,Marc-Andre Barriault,46d0a888d87d91ac,Abu Azaitar,Abu Azaitar,46d0a888d87d91ac
6597b611f1c32555,4b3af85b0df51d09,c730a0be691dc081,Jared Gooden,029e1293e609fd74,Abubakar Nurmagomedov,Abubakar Nurmagomedov,029e1293e609fd74
65ddc8a9ac4e8531,d1cda3a0c148b725,d81ac739417d7f53,Jake Ellenberger,4f736494fc733095,Carlos Eduardo Rocha,Jake Ellenberger,d81ac739417d7f53
65ddc8a9ac4e8531,87c73e2086214b5c,1f454354805b6f75,Anderson Silva,0ee783aa00e468f0,Vitor Belfort,Anderson Silva,1f454354805b6f75
65ddc8a9ac4e8531,ce6f4d06fe5b51f3,33b2f68ef95252e0,Miguel Torres,9ddfb3369a3b0394,Antonio Banuelos,Miguel Torres,33b2f68ef95252e0
65ddc8a9ac4e8531,20aa994cd23074b9,4834ff149dc9542a,Norifumi Yamamoto,8a304bfd6bf04a57,Demetrious Johnson,Demetrious Johnson,8a304bfd6bf04a57
65ddc8a9ac4e8531,6b7033df94818cee,1d00756835ca67c9,Donald Cerrone,aac5ac38148f0528,Paul Kelly,Donald Cerrone,1d00756835ca67c9
65ddc8a9ac4e8531,c1843fa8f113d321,b959e8c7fd8390d2,Kyle Kingsbury,744e098e065cfdbe,Ricardo Romero,Kyle Kingsbury,b959e8c7fd8390d2
65ddc8a9ac4e8531,791b8b3a475487e9,236a37d96d476164,Mike Pierce,6e0273f9478be71e,Kenny Robertson,Mike Pierce,236a37d96d476164
65ddc8a9ac4e8531,d2246624da1c4e38,fcffee71cff5530e,Forrest Griffin,d897897060f10a3a,Rich Franklin,Rich Franklin,d897897060f10a3a
65ddc8a9ac4e8531,65ce293c20bd25e2,07f72a2a7591b409,Jon Jones,c0ab242c40decc55,Ryan Bader,Jon Jones,07f72a2a7591b409
65ddc8a9ac4e8531,ae3ab5d1892153ef,b5b684eac99ae0a3,Chad Mendes,9f842be1a5337be6,Michihiro Omigawa,Chad Mendes,b5b684eac99ae0a3
66766984842c13dc,958522de54ccc536,0a1942069c9ad6b6,Jack Hermansson,d1c65d2cf2925ddd,Gregory Rodrigues,Gregory Rodrigues,d1c65d2cf2925ddd
66766984842c13dc,043172689e415438,25f9a5f3e8a52618,Jhonata Diniz,ab2a4b5e04dc5fe9,Alvin Hines,Jhonata Diniz,25f9a5f3e8a52618
66766984842c13dc,9bff9fe298e63357,d8da10db80131bec,Niko Price,85497ffd934ecf7e,Jacobe Smith,Jacobe Smith,85497ffd934ecf7e
66766984842c13dc,1ea9ad3b6e1cba79,08af939f41b5a57b,Beneil Dariush,b6452706b373eea1,Renato Moicano,Beneil Dariush,08af939f41b5a57b
66766984842c13dc,f6a3c78f15ff26c7,6e743a33d56bdaa4,Payton Talbott,9256f591b30c073e,Felipe Lima,Payton Talbott,6e743a33d56bdaa4
66766984842c13dc,2f523b757f7f33a2,41cc71cbf210e0fe,Hyder Amil,7d6ceff6747f2de2,Jose Delgado,Jose Delgado,7d6ceff6747f2de2
66766984842c13dc,815ff62ca8e217be,36541f1e6c5d4955,Viviane Araujo,68d4a891e5cf2029,Tracy Cortez,Tracy Cortez,68d4a891e5cf2029
66766984842c13dc,f722b96ae6862843,6e15f63b6c2e2c15,Brandon Royval,17e97649403ba428,Joshua Van,Joshua Van,17e97649403ba428
66766984842c13dc,8308464729ea7c40,a0f0004aadf10b71,Alexandre Pantoja,853eb0dd5c0e2149,Kai Kara-France,Alexandre Pantoja,a0f0004aadf10b71
66766984842c13dc,7a64d63e12618ba7,54f64b5e283b0ce7,Ilia Topuria,07225ba28ae309b6,Charles Oliveira,Ilia Topuria,54f64b5e283b0ce7
66766984842c13dc,d7be78c400e7e0f9,809bd1a871491508,Terrance McKinney,19c591115a58982c,Viacheslav Borshchev,Terrance McKinney,809bd1a871491508
669a3cb6e394f515,adc0b9c6afe76c23,0e041d43a47d2e4b,Matt Lindland,dbaaf42313af90fa,Joe Doerksen,Matt Lindland,0e041d43a47d2e4b
669a3cb6e394f515,ee69302c232e0909,f5ff7bcdcfeba3ad,Trevor Prangley,622f015c81a9b13a,Travis Lutter,Trevor Prangley,f5ff7bcdcfeba3ad
669a3cb6e394f515,42957e04417af1d8,a7f4d0902bb64092,James Irvin,6a92caba39b64752,Terry Martin,Terry Martin,6a92caba39b64752
669a3cb6e394f515,5a3fcd3d3a1e1c38,a390eb8a9b2df298,Chuck Liddell,8d26912cd2aeb366,Jeremy Horn,Jeremy Horn,8d26912cd2aeb366
669a3cb6e394f515,beaa6ae419b8c8c6,6506c1d34da9c013,Georges St-Pierre,d2d37e8eeb3abc8d,Frank Trigg,Georges St-Pierre,6506c1d34da9c013
66e0a70352fef46a,1394ce1832ddefe0,47b63240018d5d86,Rose Namajunas,68d4a891e5cf2029,Tracy Cortez,Tracy Cortez,68d4a891e5cf2029
66e0a70352fef46a,dff8e4ef87d69516,6d1bffff14897645,Santiago Ponzinibbio,447f9858ae78f921,Muslim Salikhov,Santiago Ponzinibbio,6d1bffff14897645
66e0a70352fef46a,25747d81ae5c6564,d9a56ecb6e94f02e,Evan Elder,65db4065e2bc107d,Darrius Flowers,Evan Elder,d9a56ecb6e94f02e
66e0a70352fef46a,80108a70c4afa6c2,17e97649403ba428,Joshua Van,814e5233e2acf2ee,Charles Johnson,Joshua Van,17e97649403ba428
66e0a70352fef46a,5eebde8fb4d67259,cc1a8b4b38b92c6d,Montel Jackson,da22387a0407a2dc,Da'Mon Blackshear,Montel Jackson,cc1a8b4b38b92c6d
66e0a70352fef46a,a63bb85cc39389c7,902ec2cc48c8ae8a,Julian Erosa,5ec591b78349ba7e,Christian Rodriguez,Christian Rodriguez,5ec591b78349ba7e
66e0a70352fef46a,582afc25875911d1,a9e260472d321361,Jasmine Jasudavicius,745fa7b605f8e2da,Fatima Kline,Jasmine Jasudavicius,a9e260472d321361
66e0a70352fef46a,d8e8d41282fc90dc,ca43de99b07b6b40,Josh Fremd,5f61780fe5e9b6d0,Andre Petroski,Andre Petroski,5f61780fe5e9b6d0
66e0a70352fef46a,e06bfd0100eccbad,5078e1dacf9d25f4,Luana Santos,a08ddd04eaffd81d,Mariya Agapova,Luana Santos,5078e1dacf9d25f4
66e0a70352fef46a,dad759ec50508147,01641ba5df0c69b0,Gabriel Bonfim,1497e735d9f2560a,Ange Loosa,Gabriel Bonfim,01641ba5df0c69b0
66e0a70352fef46a,54de03e04f571735,519e4fe37ce9ff75,Drew Dober,52ef95b5860fb28c,Jean Silva,Jean Silva,52ef95b5860fb28c
6750e338922a099d,eda1e8c285a0a788,009341ed974bad72,Jiri Prochazka,333b9e5c723ac873,Aleksandar Rakic,Jiri Prochazka,009341ed974bad72
6750e338922a099d,3ab0d8b344d2ebea,aa72b0f831d0bfe5,Deiveson Figueiredo,d8c7c61b176e3994,Cody Garbrandt,Deiveson Figueiredo,aa72b0f831d0bfe5
6750e338922a099d,01f7c28804746979,07225ba28ae309b6,Charles Oliveira,eae48ff31db420c2,Arman Tsarukyan,Charles Oliveira,07225ba28ae309b6
6750e338922a099d,603afedc31d95999,6a1901c62ab3870f,Jessica Andrade,cd2c4d30c6e13b47,Marina Rodriguez,Marina Rodriguez,cd2c4d30c6e13b47
6750e338922a099d,66eddbe35056c06d,1ebe20ebbfa15e29,Zhang Weili,c41d426cc7326d1b,Yan Xiaonan,Zhang Weili,1ebe20ebbfa15e29
6750e338922a099d,cf5e8f98159c3971,9e8f6c728eb01124,Justin Gaethje,150ff4cc642270b9,Max Holloway,Max Holloway,150ff4cc642270b9
6750e338922a099d,e4931f3ab3bf4141,e5549c82bfb5582d,Alex Pereira,5444c5a201d3ee5a,Jamahal Hill,Alex Pereira,e5549c82bfb5582d
6750e338922a099d,0c2e3988793b418c,35673bf5204524ee,Bo Nickal,f14f644d41ade29f,Cody Brundage,Bo Nickal,35673bf5204524ee
6750e338922a099d,efdad54c8550e6e0,887961364be5ceb3,King Green,d1941565abf50b16,Jim Miller,King Green,887961364be5ceb3
6750e338922a099d,538ca98010ed00ec,94426bb170c88115,Sodiq Yusuff,f166e93d04a8c274,Diego Lopes,Diego Lopes,f166e93d04a8c274
6750e338922a099d,b1ac165326d8f29e,634e2fb70bde3fd5,Holly Holm,1af1170ed937cba7,Kayla Harrison,Kayla Harrison,1af1170ed937cba7
6750e338922a099d,18824fa5c15c212f,4d8fa64202cee4c1,Jalin Turner,b6452706b373eea1,Renato Moicano,Jalin Turner,4d8fa64202cee4c1
6750e338922a099d,d95f21817a56eb05,751de04455cfaac0,Calvin Kattar,cb696ebfb6598724,Aljamain Sterling,Aljamain Sterling,cb696ebfb6598724
67ec58d7cf599835,b152646345037056,c268b2cfebccf652,John Lineker,7be14eaed4c74856,Brian Kelleher,John Lineker,c268b2cfebccf652
67ec58d7cf599835,3454f5c7203467aa,80fa8218c99f9c58,Amanda Nunes,fc169c387b4b465d,Raquel Pennington,Amanda Nunes,80fa8218c99f9c58
67ec58d7cf599835,c8fdd3f7178fbfa4,dbc17725b887860a,Cezar Ferreira,37d5b176d438d2a5,Karl Roberson,Cezar Ferreira,dbc17725b887860a
67ec58d7cf599835,d86e31793564cd31,7a703c565ccaa18f,Jacare Souza,8c0580d4fff106c1,Kelvin Gastelum,Kelvin Gastelum,8c0580d4fff106c1
67ec58d7cf599835,3dcb1a7b081afbe1,98c23cb6da5b3352,Aleksei Oleinik,c482c8605455a213,Junior Albini,Aleksei Oleinik,98c23cb6da5b3352
67ec58d7cf599835,7ec70261afdecda8,7447e9f28508106a,Mackenzie Dern,d4a31850a7457f1b,Amanda Cooper,Mackenzie Dern,7447e9f28508106a
67ec58d7cf599835,7072a324a82c4297,0ee783aa00e468f0,Vitor Belfort,f7a7f7118d4b01b6,Lyoto Machida,Lyoto Machida,f7a7f7118d4b01b6
67ec58d7cf599835,6b325792b8fb1f46,8adcbd525fab8d9b,Elizeu Zaleski dos Santos,0d8011111be000b2,Sean Strickland,Sean Strickland,0d8011111be000b2
67ec58d7cf599835,5ea39e0fc3b64e83,0052de90691d4a93,Davi Ramos,2816ced060a21be3,Nick Hein,Davi Ramos,0052de90691d4a93
67ec58d7cf599835,25da6035f591c245,d317a5e2b3f88c5f,Warlley Alves,e70de1859b7ee78e,Sultan Aliev,Warlley Alves,d317a5e2b3f88c5f
67ec58d7cf599835,53d6a7634c7fc036,4b1d46a1b5c0fd11,Alberto Mina,abd5fb12437eda21,Ramazan Emeev,Alberto Mina,4b1d46a1b5c0fd11
67ec58d7cf599835,5f1a828f8d4c3b01,2ac4628c08ec5125,Markus Perez,984d15d5dc7bfcf9,James Bochnovic,Markus Perez,2ac4628c08ec5125
67ec58d7cf599835,014f7dc96c90c199,cfb65863d5099327,Thales Leites,0a1942069c9ad6b6,Jack Hermansson,Jack Hermansson,0a1942069c9ad6b6
6810d8d2dd557cf9,b5268a0c2df32a24,232c582f29f8f65e,Gegard Mousasi,65578a75fa7900e3,Uriah Hall,Gegard Mousasi,232c582f29f8f65e
6810d8d2dd557cf9,6b5fe10e6e7d160a,4f732e58ed907eff,Ross Pearson,31a13532e724ca2b,Stevie Ray,Stevie Ray,31a13532e724ca2b
6810d8d2dd557cf9,689116759885e4a5,cc900af167fbedfd,Timothy Johnson,279566840aa55bf2,Alexander Volkov,Alexander Volkov,279566840aa55bf2
6810d8d2dd557cf9,e4795ab9bdd6fb38,02f2a9702ba3d167,Artem Lobov,88cd34d836b4ebcd,Teruto Ishihara,Teruto Ishihara,88cd34d836b4ebcd
6810d8d2dd557cf9,f1afa75c8d492550,0e21976afc92e4d1,Magnus Cedenblad,045f25b3a4c08e81,Jack Marshman,Magnus Cedenblad,0e21976afc92e4d1
6810d8d2dd557cf9,8eaa23d64c20b0f1,ba1e6cb3d43f7430,Justin Ledet,ad56b3f00ca38dfd,Mark Godbeer,Mark Godbeer,ad56b3f00ca38dfd
6810d8d2dd557cf9,ad0bac98558900af,98aa60cf58071fd6,Kyoji Horiguchi,3dd92ff9fb0412b3,Ali Bagautinov,Kyoji Horiguchi,98aa60cf58071fd6
6810d8d2dd557cf9,1b52e24d09700dd9,4ba8d454f762005d,Zak Cummings,d06f8869449ba7bd,Alexander Yakovlev,Zak Cummings,4ba8d454f762005d
6810d8d2dd557cf9,dad034faf3d62cb9,ee9ebceabfd16fa7,Kevin Lee,31d7446b184e3305,Magomed Mustafaev,Kevin Lee,ee9ebceabfd16fa7
686cccbf1a4de453,1645ed92dcdc5c03,bf7ad5628363eec9,Cody Stamann,ba5e253af86db1a8,Terrion Ware,Cody Stamann,bf7ad5628363eec9
686cccbf1a4de453,9298175cb2ad7d41,2aa49b3766a59bcd,Jordan Mein,b1b0729d27936f2f,Belal Muhammad,Belal Muhammad,b1b0729d27936f2f
686cccbf1a4de453,323fb015ca2444e3,dea070ed4a2a8281,Thiago Santos,6ac9bc2953c47345,Gerald Meerschaert,Thiago Santos,dea070ed4a2a8281
686cccbf1a4de453,e1100fc357e61fba,b27a1fcb56a3035a,Trevin Giles,984d15d5dc7bfcf9,James Bochnovic,Trevin Giles,b27a1fcb56a3035a
686cccbf1a4de453,19eed5d9781b47ac,c03a5022f8439f2a,Chad Laprise,1999ffb5cebc314f,Brian Camozzi,Chad Laprise,c03a5022f8439f2a
686cccbf1a4de453,cf4c2b601c2228aa,470fedbc8563ac47,Daniel Omielanczuk,fa6796c55d6c5440,Curtis Blaydes,Curtis Blaydes,fa6796c55d6c5440
686cccbf1a4de453,a5a065cb6d33ba9e,05339613bf8e9808,Rob Font,3a314d9fa7c6825d,Douglas Silva de Andrade,Rob Font,05339613bf8e9808
686cccbf1a4de453,1f49b59e4058568f,cbb682f5fcc44bfc,Anthony Pettis,d1941565abf50b16,Jim Miller,Jim Miller,d1941565abf50b16
686cccbf1a4de453,00b801e7e1679f2f,3236bf606fe9fa5b,Travis Browne,98c23cb6da5b3352,Aleksei Oleinik,Aleksei Oleinik,98c23cb6da5b3352
686cccbf1a4de453,b67229e7675eed24,492b202d2064e7a9,Fabricio Werdum,b4ad3a06ee4d660c,Alistair Overeem,Alistair Overeem,b4ad3a06ee4d660c
686cccbf1a4de453,06cd9812e2b9b747,f77c68bb4be8516d,Yoel Romero,e1147d3d2dabe1ce,Robert Whittaker,Robert Whittaker,e1147d3d2dabe1ce
68c6cd5287b473a7,cb7cfa8b9900878f,1ccf4e7caff270df,Dan Henderson,d897897060f10a3a,Rich Franklin,Rich Franklin,d897897060f10a3a
68c6cd5287b473a7,396214fd188c2549,140745cbbcb023ac,Mauricio Rua,21b8a0f5c231096f,Mark Coleman,Mauricio Rua,140745cbbcb023ac
68c6cd5287b473a7,e90dd017386025c4,b7d524c77c27389b,Marcus Davis,91acd6910b802a9e,Chris Lytle,Marcus Davis,b7d524c77c27389b
68c6cd5287b473a7,591e7797363a6c89,4130a743d9d22163,Alan Belcher,3c241737a6069b9f,Denis Kang,Alan Belcher,4130a743d9d22163
68c6cd5287b473a7,dd5f7a14f5782f79,8ddf9c51c5fdea75,Rousimar Palhares,8d26912cd2aeb366,Jeremy Horn,Jeremy Horn,8d26912cd2aeb366
68c6cd5287b473a7,4da34f2980b5c58d,f59f1d3a2ff13edd,Eric Schafer,3795fca327cbcf23,Antonio Mendes,Eric Schafer,f59f1d3a2ff13edd
68c6cd5287b473a7,f046dfa306dc7acb,5f87a5c00b3d17ed,Dennis Siver,04c15b52c3cc1cab,Nate Mohr,Dennis Siver,5f87a5c00b3d17ed
6a0047ac8c99fece,a2f2c64f9fb3fb1c,093e1f5bb73850be,Anthony Hernandez,595db60957de51d3,Michel Pereira,Anthony Hernandez,093e1f5bb73850be
6a0047ac8c99fece,fc73ecbd83b7f159,f9ab66e67240db7b,Joselyne Edwards,4f3064faf17aa711,Tamires Vidal,Joselyne Edwards,f9ab66e67240db7b
6a0047ac8c99fece,53f7f1b4834387a8,c742287ed86a09bc,Jessica Penne,ac7c765882f2c68c,Elise Reed,Elise Reed,ac7c765882f2c68c
6a0047ac8c99fece,308f6cb830019ea9,7b433309b0fd12aa,Brad Katona,ffd3224638c01b57,Jean Matsumoto,Jean Matsumoto,ffd3224638c01b57
6a0047ac8c99fece,c61923255389e67c,1a31ef98efce7a79,Matheus Nicolau,8d3273573b85be09,Asu Almabayev,Asu Almabayev,8d3273573b85be09
6a0047ac8c99fece,a2f46e94aa6b0c64,60a42bf82447c919,Jake Hadley,5c84f673b7bb7c15,Cameron Smotherman,Jake Hadley,60a42bf82447c919
6a0047ac8c99fece,32b8c6c4b735d712,be9bdec19b7e9ffe,Austen Lane,140567899d98978a,Robelis Despaigne,Robelis Despaigne,140567899d98978a
6a0047ac8c99fece,f01b97e864cb4b8b,05339613bf8e9808,Rob Font,60425d07ef4b91a7,Kyler Phillips,Rob Font,05339613bf8e9808
6a0047ac8c99fece,503d7342cc08109f,814e5233e2acf2ee,Charles Johnson,3cf18e01cb6cbde3,Sumudaerji,Charles Johnson,814e5233e2acf2ee
6a0047ac8c99fece,4277b02a4dadac40,3f4c3bc822bea45d,Melissa Martinez,87f8699fdcc2c404,Alice Ardelean,Alice Ardelean,87f8699fdcc2c404
6a0047ac8c99fece,0599f35e6679de02,92a9aa9c93192871,Darren Elkins,361d49960a196976,Daniel Pineda,Darren Elkins,92a9aa9c93192871
6a0b80a24f22e152,8802182074bf4a3a,d81ac739417d7f53,Jake Ellenberger,5bb0a618ad03ac64,Jay Hieron,Jake Ellenberger,d81ac739417d7f53
6a0b80a24f22e152,0cced3b02b6b1b95,3236bf606fe9fa5b,Travis Browne,8349d55cdecd393a,Antonio Silva,Travis Browne,3236bf606fe9fa5b
6a0b80a24f22e152,a6548a1e188c53fb,4304992c2acc187b,Bart Palaszewski,3a24769a4855040a,Diego Nunes,Diego Nunes,3a24769a4855040a
6a0b80a24f22e152,a80162f4c8842da3,6f81b6de2557739a,Jacob Volkmann,75e0d3cc2262b732,Shane Roller,Jacob Volkmann,6f81b6de2557739a
6a0b80a24f22e152,dc5e46b2ee0898ec,99506df1af6c8b3b,John Dodson,b102c26727306ab6,Jussier Formiga,John Dodson,99506df1af6c8b3b
6a0b80a24f22e152,3195350c98c9491d,511e82663651438d,Michael Johnson,d1e7fc58d4225cdf,Danny Castillo,Michael Johnson,511e82663651438d
6a0b80a24f22e152,b56d1822b9f9a35f,d1a1314976c50bef,Josh Neer,e56daf7725a0b5ab,Justin Edwards,Josh Neer,d1a1314976c50bef
6a0b80a24f22e152,5e69e2fa8421ce5e,182f2b78582de3d8,Marcus LeVesseur,4f853e98886283cf,Carlo Prater,Marcus LeVesseur,182f2b78582de3d8
6a0b80a24f22e152,147c04a6798a69c3,6546af7ab545b90c,Darren Uyenoyama,ba043b03eb799063,Phil Harris,Darren Uyenoyama,6546af7ab545b90c
6a0b80a24f22e152,28990faebda68fa8,d5f820c11a121050,Aaron Simpson,236a37d96d476164,Mike Pierce,Aaron Simpson,d5f820c11a121050
6a8a06b542e1516d,49e344834626c144,c727c7d31c50c4cf,Anthony Hamilton,d761b3766e38c5db,Marcel Fortuna,Marcel Fortuna,d761b3766e38c5db
6a8a06b542e1516d,94cecf4bd29793e1,e14b5aa06eea9653,Abel Trujillo,6256b2b1562cb8e1,James Vick,James Vick,6256b2b1562cb8e1
6a8a06b542e1516d,451525a1abe30a91,6a1901c62ab3870f,Jessica Andrade,f0feeb2192937424,Angela Hill,Jessica Andrade,6a1901c62ab3870f
6a8a06b542e1516d,f3bb58f485dc2008,eeabcd4dc6619129,Daniel Jolly,749f572d1d3161fb,Khalil Rountree Jr.,Khalil Rountree Jr.,749f572d1d3161fb
6a8a06b542e1516d,66ad9f88f063d2ef,1ae8f3c723aacff4,Ricardo Ramos,64788ee44b062ded,Michinori Tanaka,Ricardo Ramos,1ae8f3c723aacff4
6a8a06b542e1516d,36220644401d85e1,50db8711c70196cd,Ovince Saint Preux,0845c81e37d3bcb3,Volkan Oezdemir,Volkan Oezdemir,0845c81e37d3bcb3
6a8a06b542e1516d,478221ad98336565,4bd6b4800070b069,Chas Skelly,feaf00f3373435d6,Chris Gruetzemacher,Chas Skelly,4bd6b4800070b069
6a8a06b542e1516d,ebe38ba75cbf2320,31ef8b67e13495b3,Tecia Pennington,907e60fd13407e1e,Bec Rawlings,Tecia Pennington,31ef8b67e13495b3
6a8a06b542e1516d,8c220d4c96895a98,6f242453c91a5af0,Dennis Bermudez,c451d67c09c55418,Chan Sung Jung,Dennis Bermudez,6f242453c91a5af0
6a8a06b542e1516d,4a2e7e2c8cfdaf5f,e8b731feff72294b,Alexa Grasso,b6850671a008bf9a,Felice Herrig,Alexa Grasso,e8b731feff72294b
6b8f28da9a483049,5782666ca117fa5b,07225ba28ae309b6,Charles Oliveira,6fb1ba67bef41b37,Nik Lentz,Charles Oliveira,07225ba28ae309b6
6b8f28da9a483049,04c9ebe419195f8b,a6cba6bb66c1a8c9,Danny Roberts,595db60957de51d3,Michel Pereira,Michel Pereira,595db60957de51d3
6b8f28da9a483049,031647c36d12788f,f046d724d2a84ac5,Desmond Green,f1d64ae34e088832,Charles Jourdain,Desmond Green,f046d724d2a84ac5
6b8f28da9a483049,476a6245b43f3119,5bf31a46becc1204,Michael Trizano,99bd51917728c25d,Grant Dawson,Grant Dawson,99bd51917728c25d
6b8f28da9a483049,65c1ca715dfdbe05,0052de90691d4a93,Davi Ramos,d2cd7a69cc55e7ed,Austin Hubbard,Davi Ramos,0052de90691d4a93
6b8f28da9a483049,f27e8d63f526d326,e51e5cb722bd47a8,Patrick Cummins,06f36cf4bd97ec77,Ed Herman,Patrick Cummins,e51e5cb722bd47a8
6b8f28da9a483049,115fa6f5f3e51bbb,1291edf2d566a71a,Julio Arce,902ec2cc48c8ae8a,Julian Erosa,Julio Arce,1291edf2d566a71a
6b8f28da9a483049,35f80e003d16a439,4ba8d454f762005d,Zak Cummings,b27a1fcb56a3035a,Trevin Giles,Zak Cummings,4ba8d454f762005d
6b8f28da9a483049,4fe799b4fa1afb76,a0e75f4a13eb73f1,Megan Anderson,39d91e95949de3d9,Felicia Spencer,Felicia Spencer,39d91e95949de3d9
6b8f28da9a483049,1f5178fe56c5423f,d4691518d012b9e7,Aspen Ladd,4234f0097c83fa62,Sijara Eubanks,Aspen Ladd,d4691518d012b9e7
6b8f28da9a483049,d401522de73b7bee,6a2f7c151031653d,Rafael Dos Anjos,ee9ebceabfd16fa7,Kevin Lee,Kevin Lee,ee9ebceabfd16fa7
6b8f28da9a483049,083a6edd8bb21bc8,6d4b63c767106d3a,Vicente Luque,714e1e0681ddb703,Derrick Krantz,Vicente Luque,6d4b63c767106d3a
6b8f28da9a483049,9fb9af6599d67b1d,52e76bb4b3e852f3,Antonio Carlos Junior,2e585c701f72fe55,Ian Heinisch,Antonio Carlos Junior,52e76bb4b3e852f3
6bf5a7d3e081ade2,80cf37627a129145,016a8d958883167c,Gina Mazany,568bbad0eaced57c,Shanna Young,Shanna Young,568bbad0eaced57c
6bf5a7d3e081ade2,6b956992204ec040,4e06913c91da5200,Krzysztof Jotko,6ac9bc2953c47345,Gerald Meerschaert,Krzysztof Jotko,4e06913c91da5200
6bf5a7d3e081ade2,9217ecc287ac482d,a29db9cd4f9ccea5,Natan Levy,d80ee110748171ac,Mike Breeden,Natan Levy,a29db9cd4f9ccea5
6bf5a7d3e081ade2,5b731da9e4be4391,5eb50529a8418b77,Gabe Green,f998f5c102250d6e,Yohan Lainesse,Gabe Green,5eb50529a8418b77
6bf5a7d3e081ade2,7e4b7a70838e5ba4,31bb0772f21cabd8,Daniel Lacerda,cdadae5363b66eef,Francisco Figueiredo,Francisco Figueiredo,cdadae5363b66eef
6bf5a7d3e081ade2,632c2d4ed12f2bdf,8fd808923cffff82,Andre Fili,791c8437b341fba5,Joanderson Brito,Joanderson Brito,791c8437b341fba5
6bf5a7d3e081ade2,d2484d74f819d813,c0badf3243907e59,Alexandr Romanov,01b352b6a9074d5c,Chase Sherman,Alexandr Romanov,c0badf3243907e59
6bf5a7d3e081ade2,eb277b5ea2a19124,3738e68d2261e60f,Andrei Arlovski,92fa1401b7927da3,Jake Collier,Andrei Arlovski,3738e68d2261e60f
6bf5a7d3e081ade2,7c8701bb78cb4de8,7026eca45f65377b,Jared Gordon,99bd51917728c25d,Grant Dawson,Grant Dawson,99bd51917728c25d
6bf5a7d3e081ade2,5ae5eb729c6bb169,05339613bf8e9808,Rob Font,7c7332319c14094c,Marlon Vera,Marlon Vera,7c7332319c14094c
6bf5a7d3e081ade2,760e3f292b834637,92a9aa9c93192871,Darren Elkins,2ebfbe72ed703925,Tristan Connelly,Darren Elkins,92a9aa9c93192871
6c9383ffab2725a5,e9f00c16810e0e61,4144798612ef96e5,Edmen Shahbazyan,045f25b3a4c08e81,Jack Marshman,Edmen Shahbazyan,4144798612ef96e5
6c9383ffab2725a5,00f4b6184f6315d0,80daefbed11ce998,Alejandro Perez,efb96bf3e9ada36f,Song Yadong,Song Yadong,efb96bf3e9ada36f
6c9383ffab2725a5,7fe0cec2b0f1c146,ec34349e7dffcde7,Claudia Gadelha,4a57ebb14315b251,Randa Markos,Claudia Gadelha,ec34349e7dffcde7
6c9383ffab2725a5,531d9676d767da66,99df7d0a2a08a8a8,Jan Blachowicz,00e11b5c8b7bfeeb,Luke Rockhold,Jan Blachowicz,99df7d0a2a08a8a8
6c9383ffab2725a5,7dc551f8153bd053,7c7332319c14094c,Marlon Vera,f97c5433c77522d3,Nohelin Hernandez,Marlon Vera,7c7332319c14094c
6c9383ffab2725a5,70af72a72b31fe4d,47b9e0e7703a4868,Jorge Masvidal,0b31f87be71ebbb1,Ben Askren,Jorge Masvidal,47b9e0e7703a4868
6c9383ffab2725a5,feaffeb1af7e82ef,82e7929bf6c2b689,Diego Sanchez,c58f51dedb310998,Michael Chiesa,Diego Sanchez,82e7929bf6c2b689
6c9383ffab2725a5,8fcdfee81cc604e3,07f72a2a7591b409,Jon Jones,dea070ed4a2a8281,Thiago Santos,Jon Jones,07f72a2a7591b409
6c9383ffab2725a5,c48af5eafb532d0a,aa5b4eff51bdc7d1,Gilbert Melendez,040a74bb0a465c54,Arnold Allen,Arnold Allen,040a74bb0a465c54
6c9383ffab2725a5,f6a03399c7a721cd,6a96ad1bc34fb113,Ismail Naurdiev,1ddb480b601cefb1,Chance Rencountre,Ismail Naurdiev,6a96ad1bc34fb113
6c9383ffab2725a5,934b44ddcb3d95e6,86d9dbe1bfcbade7,Julia Avila,91dac5e69e28d5b5,Pannie Kianzad,Pannie Kianzad,91dac5e69e28d5b5
6c9383ffab2725a5,69c06be4f87ccdab,80fa8218c99f9c58,Amanda Nunes,634e2fb70bde3fd5,Holly Holm,Amanda Nunes,80fa8218c99f9c58
6ca68b636fbc1f18,cbe954d004415b51,d317a5e2b3f88c5f,Warlley Alves,cf65d56b0755ed3b,Alan Jouban,Alan Jouban,cf65d56b0755ed3b
6ca68b636fbc1f18,207f105716df54f9,159da492e000afbf,Leandro Silva,98f6da59d765ec94,Charlie Brenneman,Leandro Silva,159da492e000afbf
6ca68b636fbc1f18,a3480aa7bdc63c11,6f7c616b98e18c29,Claudio Silva,f1fac969a1d70b08,Leon Edwards,Leon Edwards,f1fac969a1d70b08
6ca68b636fbc1f18,208674403b0936d4,0c5c66ddd1886b83,Caio Magalhaes,f797f0c57a83353e,Trevor Smith,Caio Magalhaes,0c5c66ddd1886b83
6ca68b636fbc1f18,db9f8144b50227f2,75a6a390fd5dca46,Juliana Lima,d343df8ba11f4c4e,Nina Nunes,Nina Nunes,d343df8ba11f4c4e
6ca68b636fbc1f18,e8907b881151b79d,140745cbbcb023ac,Mauricio Rua,50db8711c70196cd,Ovince Saint Preux,Mauricio Rua,140745cbbcb023ac
6cbb7661c3258617,ddf768753c8030c1,322a56923b396b4d,DaMarques Johnson,fd55393021a8c255,Gunnar Nelson,Gunnar Nelson,fd55393021a8c255
6cbb7661c3258617,e34d313fbe1c28f1,6809c31286b08d97,Tom Watson,0c6d9ea8306c029e,Brad Tavares,Brad Tavares,0c6d9ea8306c029e
6cbb7661c3258617,4c54ca018e70ed04,6cadfd8f1d9e7685,Che Mills,84ac950d4c1722dd,Duane Ludwig,Che Mills,6cadfd8f1d9e7685
6cbb7661c3258617,e0a69c1f4a019727,f59e9e49ef85b469,Jason Young,960d6cae8879ba2b,Robert Peralta,Robert Peralta,960d6cae8879ba2b
6cbb7661c3258617,a97a7707d5021181,ebc1f40e00e0c481,Stefan Struve,d28dee5c705991df,Stipe Miocic,Stipe Miocic,d28dee5c705991df
6cbb7661c3258617,21392a61a2cf24a3,c945adc22c2bfe8f,Brad Pickett,b4eeac608fc82f88,Yves Jabouin,Yves Jabouin,b4eeac608fc82f88
6cbb7661c3258617,cc6934588298958e,b6c4451cb13c9303,Andy Ogle,3f52ce18fb98008f,Akira Corassani,Andy Ogle,b6c4451cb13c9303
6cbb7661c3258617,1332dc236a3fd3b2,473ce3aa581251a2,Dan Hardy,2650e2f846a30f64,Amir Sadollah,Dan Hardy,473ce3aa581251a2
6cbb7661c3258617,91e4da6ecf28a7a3,28f3c2258a1d8874,John Hathaway,1a7745388839e52b,John Maguire,John Hathaway,28f3c2258a1d8874
6cbb7661c3258617,26f876a7fb1020e1,b959e8c7fd8390d2,Kyle Kingsbury,1e1dbd1cc5a7469e,Jimi Manuwa,Jimi Manuwa,1e1dbd1cc5a7469e
6cbb7661c3258617,29cd6bee493a8662,7b143a54451263d9,Paul Sass,eb29176b03dfa888,Matt Wiman,Matt Wiman,eb29176b03dfa888
6cd3dfc54f01287f,37d58369782cb86b,32ab52e5de93092d,Steve Erceg,6d68c1afe954f121,Ode Osbourne,Steve Erceg,32ab52e5de93092d
6cd3dfc54f01287f,646c79a7ecd12e5f,abcf2cc6efc42031,Iasmin Lucindo,f0feeb2192937424,Angela Hill,Iasmin Lucindo,abcf2cc6efc42031
6cd3dfc54f01287f,ed5383b50ffcdded,46e0d677f91bacc0,Miles Johns,ffd3224638c01b57,Jean Matsumoto,Jean Matsumoto,ffd3224638c01b57
6cd3dfc54f01287f,98d6771af9b0ebe5,8fd808923cffff82,Andre Fili,5ec591b78349ba7e,Christian Rodriguez,Christian Rodriguez,5ec591b78349ba7e
6cd3dfc54f01287f,68fe62bac7fd8bb0,327d5f279895110d,Roman Dolidze,093e1f5bb73850be,Anthony Hernandez,Anthony Hernandez,093e1f5bb73850be
6cd3dfc54f01287f,ae7a8f19743e8154,7478b7f959ba61f5,Elijah Smith,148bb103cfbf123e,Toshiomi Kazama,Elijah Smith,7478b7f959ba61f5
6cd3dfc54f01287f,aef44145740741b3,f9ab66e67240db7b,Joselyne Edwards,b1e5bcaad32a3cac,Priscila Cachoeira,Joselyne Edwards,f9ab66e67240db7b
6cd3dfc54f01287f,7d923267c44dd93b,681399317dbf4701,Uros Medic,b12fb759e02378de,Gilbert Urbina,Uros Medic,681399317dbf4701
6cd3dfc54f01287f,6ef50ed03b116b60,a6eb54ae17a551be,Gabriella Fernandes,a78a87d8c2bbb1cb,Julija Stoliarenko,Gabriella Fernandes,a6eb54ae17a551be
6cd3dfc54f01287f,857e8facd8ff7c36,f14f644d41ade29f,Cody Brundage,9508cc6184cb2450,Eric McConico,Cody Brundage,f14f644d41ade29f
6cd3dfc54f01287f,3d6571790c21527c,6add18754930182b,Julius Walker,09a4447655fd4b7b,Rafael Cerqueira,Julius Walker,6add18754930182b
6cd3dfc54f01287f,75a84211f50c53f5,cad24459b28592ca,Eryk Anders,a93f94c923c3a9cb,Christian Leroy Duncan,Christian Leroy Duncan,a93f94c923c3a9cb
6d7886b094b471ac,834968d130e1f0e9,07f72a2a7591b409,Jon Jones,f7a7f7118d4b01b6,Lyoto Machida,Jon Jones,07f72a2a7591b409
6d7886b094b471ac,fd0c847858bd346f,c21a036b4e012f1c,John Makdessi,8a8a84b743ae7699,Dennis Hallman,John Makdessi,c21a036b4e012f1c
6d7886b094b471ac,69d6d58d58cb81e3,2f732dd9210d301f,Tito Ortiz,73e09f837f3b5ecc,Rogerio Nogueira,Rogerio Nogueira,73e09f837f3b5ecc
6d7886b094b471ac,e03ec6b24fca2386,59583ff832fe9d68,Krzysztof Soszynski,53278852bcd91e11,Igor Pokrajac,Krzysztof Soszynski,59583ff832fe9d68
6d7886b094b471ac,d6d812269487071e,210935fd21670f6d,Rich Attonito,e57fdbea1b828202,Jake Hecht,Rich Attonito,210935fd21670f6d
6d7886b094b471ac,70995170c27c4143,cf9d24e4bd0cf2ce,Mark Bocek,6fb1ba67bef41b37,Nik Lentz,Nik Lentz,6fb1ba67bef41b37
6d7886b094b471ac,fef109b9f26585b3,92aafa8f4b26269b,Walel Watson,b4eeac608fc82f88,Yves Jabouin,Yves Jabouin,b4eeac608fc82f88
6d7886b094b471ac,dbe53d31f4c1ccf7,56116a79e4deed06,Claude Patrick,32ba186f4b0e3267,Brian Ebersole,Brian Ebersole,32ba186f4b0e3267
6d7886b094b471ac,e094423979fc7c6a,c76ec2bc3a57666a,Mitch Clarke,03c9994c5b8958ec,John Cholish,John Cholish,03c9994c5b8958ec
6d7886b094b471ac,8abe79e6d300b639,0a97691039c4bbfb,Mark Hominick,c451d67c09c55418,Chan Sung Jung,Chan Sung Jung,c451d67c09c55418
6d7886b094b471ac,76d18b94f580be6e,23459ee7e373b98f,Jared Hamman,05560764359161e4,Constantinos Philippou,Constantinos Philippou,05560764359161e4
6d7886b094b471ac,92d0c39f0df77c7e,1ff9589f9065a9ed,Frank Mir,ee9d73f4fee9cbdd,Antonio Rodrigo Nogueira,Antonio Rodrigo Nogueira,ee9d73f4fee9cbdd
6e2b1d631832921d,873306ad79b62f5e,07a2bdaa0afdd831,Rogerio Bontorin,853eb0dd5c0e2149,Kai Kara-France,Kai Kara-France,853eb0dd5c0e2149
6e2b1d631832921d,f4363f1317b47213,10f3ba6cd2f44a97,Dominick Cruz,e7bba7ce4d6c7b07,Casey Kenney,Dominick Cruz,10f3ba6cd2f44a97
6e2b1d631832921d,fd92fe0c494d0959,80fa8218c99f9c58,Amanda Nunes,a0e75f4a13eb73f1,Megan Anderson,Amanda Nunes,80fa8218c99f9c58
6e2b1d631832921d,c06d7bb29bc24d00,275aca31f61ba28c,Islam Makhachev,519e4fe37ce9ff75,Drew Dober,Islam Makhachev,275aca31f61ba28c
6e2b1d631832921d,7de9867b7cc2b1b1,99df7d0a2a08a8a8,Jan Blachowicz,1338e2c7480bdf9e,Israel Adesanya,Israel Adesanya,1338e2c7480bdf9e
6e2b1d631832921d,2704d31de2c2f43b,c96d9178c9ed9e62,Tim Elliott,215a70f073a7b726,Jordan Espinosa,Tim Elliott,c96d9178c9ed9e62
6e2b1d631832921d,7ad09f889d2cdb6f,45f7cb591c3ab00b,Sean Brady,a845f0735bc67405,Jake Matthews,Sean Brady,45f7cb591c3ab00b
6e2b1d631832921d,04a788abbbd1f256,dea070ed4a2a8281,Thiago Santos,333b9e5c723ac873,Aleksandar Rakic,Aleksandar Rakic,333b9e5c723ac873
6e2b1d631832921d,d170f6580e1c244f,8667caa0451d245b,Kennedy Nzechukwu,9014c02eff8b3d62,Carlos Ulberg,Carlos Ulberg,9014c02eff8b3d62
6e2b1d631832921d,ae5d14a9fc1ad19c,80eacd4da0617c57,Joseph Benavidez,b1d19449397541dc,Askar Askarov,Askar Askarov,b1d19449397541dc
6e2b1d631832921d,50ef636148fa6fac,dab8cfbb6b1db10a,Livinha Souza,3df5493bb279226f,Amanda Lemos,Amanda Lemos,3df5493bb279226f
6e2b1d631832921d,e2abba69c3371618,681399317dbf4701,Uros Medic,003d82fa384ca1d0,Aalon Cruz,Uros Medic,681399317dbf4701
6e2b1d631832921d,c096342c57a6f2c4,bc711b6dd95c1af6,Mario Bautista,ec23c1be628d8057,Trevin Jones,Mario Bautista,bc711b6dd95c1af6
6e2b1d631832921d,15c9cb5f9320c555,d661ce4da776fc20,Petr Yan,cb696ebfb6598724,Aljamain Sterling,Petr Yan,d661ce4da776fc20
6e2b1d631832921d,5980ab31e4718a83,efb96bf3e9ada36f,Song Yadong,60425d07ef4b91a7,Kyler Phillips,Song Yadong,efb96bf3e9ada36f
6e3282d57d2467a0,b121f30d7fc9ea6c,b8592b4a383696cd,Mitch Gagnon,2fc7e9701642ca38,Matthew Lopez,Matthew Lopez,2fc7e9701642ca38
6e3282d57d2467a0,071d488ec8ccf254,c21a036b4e012f1c,John Makdessi,f9b200db02b488d9,Lando Vannata,John Makdessi,c21a036b4e012f1c
6e3282d57d2467a0,ca9804845b010845,46a2f24feb258ae0,Valerie Letourneau,d50382dc0565a9e1,Viviane Pereira,Viviane Pereira,d50382dc0565a9e1
6e3282d57d2467a0,0af90a49f0ca1879,1091d4d957141094,Nikita Krylov,67f272324a030d00,Misha Cirkunov,Nikita Krylov,1091d4d957141094
6e3282d57d2467a0,8b983e834df0c6c4,4ac1ecf8ce59ef23,Jason Saggo,9b7694d064a8a0ad,Rustam Khabilov,Rustam Khabilov,9b7694d064a8a0ad
6e3282d57d2467a0,761a215d51a0442e,2aa49b3766a59bcd,Jordan Mein,103b06d8707895a9,Emil Meek,Jordan Mein,2aa49b3766a59bcd
6e3282d57d2467a0,d573e571d8349b5d,57ab4d7c0bc09a30,Zach Makovsky,f53c1f4ceeed8c08,Dustin Ortiz,Dustin Ortiz,f53c1f4ceeed8c08
6e3282d57d2467a0,07b98dbf5d2c62a2,3c660c90d48fc80d,Tim Kennedy,8c0580d4fff106c1,Kelvin Gastelum,Kelvin Gastelum,8c0580d4fff106c1
6e3282d57d2467a0,5f0aa841c21f7d30,d247691a6c0e9034,Cub Swanson,e93b04e308913c2e,Dooho Choi,Cub Swanson,d247691a6c0e9034
6e3282d57d2467a0,977a758d869f9e7a,150ff4cc642270b9,Max Holloway,cbb682f5fcc44bfc,Anthony Pettis,Max Holloway,150ff4cc642270b9
6e3282d57d2467a0,96404a3b32791c8d,1d00756835ca67c9,Donald Cerrone,31123249b0bbf52e,Matt Brown,Matt Brown,31123249b0bbf52e
6e3282d57d2467a0,04f27a78e4ffce47,55ee431411ccf07a,Olivier Aubin-Mercier,519e4fe37ce9ff75,Drew Dober,Olivier Aubin-Mercier,55ee431411ccf07a
6e4acc2c115215b5,f1d3eec12662d8d7,0be6776db31d98ec,Mitch Raposo,b1f21ce050035d58,Andre Lima,Andre Lima,b1f21ce050035d58
6e4acc2c115215b5,2554b31a07f34e1a,06e4245d16fc5315,Ailin Perez,f9ab66e67240db7b,Joselyne Edwards,Ailin Perez,06e4245d16fc5315
6e4acc2c115215b5,7d9bb6fda0ea1ee0,9e50097a89442158,Mickey Gall,f4d92416da98804b,Bassil Hafez,Bassil Hafez,f4d92416da98804b
6e4acc2c115215b5,ee24be90a01f552e,64d47ef881a437a4,Cesar Almeida,9d83f6da776ff7d6,Roman Kopylov,Roman Kopylov,9d83f6da776ff7d6
6e4acc2c115215b5,cf306c4714530f31,99bd51917728c25d,Grant Dawson,af65aa688d13eedf,Joe Solecki,Grant Dawson,99bd51917728c25d
6e4acc2c115215b5,9e7538a788e6d789,0d8011111be000b2,Sean Strickland,2e5c2aa8e4ab9d82,Paulo Costa,Sean Strickland,0d8011111be000b2
6e4acc2c115215b5,b7575b0ec9f81741,8e382b585a92affe,Phil Rowe,a845f0735bc67405,Jake Matthews,Jake Matthews,a845f0735bc67405
6e4acc2c115215b5,c0af8cf5befb2dcf,41e83a89929d1327,Jailton Almeida,c0badf3243907e59,Alexandr Romanov,Jailton Almeida,41e83a89929d1327
6e4acc2c115215b5,605c16fa5a803b15,3a46b268013afede,Kevin Holland,0d65c432720accb9,Michal Oleksiejczuk,Kevin Holland,3a46b268013afede
6e4acc2c115215b5,fd2d814a8a23798f,c6aee362c7a7d482,Randy Brown,8adcbd525fab8d9b,Elizeu Zaleski dos Santos,Elizeu Zaleski dos Santos,8adcbd525fab8d9b
6e4acc2c115215b5,b5d5b8e06ccb70a3,d8da10db80131bec,Niko Price,cdb96af67d096b1e,Alex Morono,Alex Morono,cdb96af67d096b1e
6e4acc2c115215b5,1a0031e2072f21b6,275aca31f61ba28c,Islam Makhachev,029eaff01e6bb8f0,Dustin Poirier,Islam Makhachev,275aca31f61ba28c
6f812143641ceff8,73700c8c5107f719,33efaf2d0941cfcf,Andre Fialho,b9437600497350f3,Joaquin Buckley,Joaquin Buckley,b9437600497350f3
6f812143641ceff8,924f982f0d9d2142,02f8fedc18cbd26c,Emily Ducote,8e5d953bdb9ae5e7,Loopy Godinez,Loopy Godinez,8e5d953bdb9ae5e7
6f812143641ceff8,7d583e4002622848,2c010b26a3306969,Orion Cosce,b12fb759e02378de,Gilbert Urbina,Gilbert Urbina,b12fb759e02378de
6f812143641ceff8,49bd9a2f1fbebd1f,8c1ca54b5089d199,Maheshate,19c591115a58982c,Viacheslav Borshchev,Maheshate,8c1ca54b5089d199
6f812143641ceff8,33007109c9ca1ede,d7c3816669784109,Karolina Kowalkiewicz,2c483cf443f38ece,Vanessa Demopoulos,Karolina Kowalkiewicz,d7c3816669784109
6f812143641ceff8,12683e06369d1a83,f53d4f21d1b5f2dc,Diego Ferreira,511e82663651438d,Michael Johnson,Diego Ferreira,f53d4f21d1b5f2dc
6f812143641ceff8,fb70b62915fdcec6,e9a3aeb207578eea,Ilir Latifi,d31a5546c0e9b213,Rodrigo Nascimento,Rodrigo Nascimento,d31a5546c0e9b213
6f812143641ceff8,eca400aeeb2763d1,971246648e162f0d,Chase Hooper,036e96c1c12b8a59,Nick Fiore,Chase Hooper,971246648e162f0d
6f812143641ceff8,744cbe6e49d4f41c,262d32ebda89efc4,Natalia Silva,9dedfdd91070ddd8,Victoria Leonardo,Natalia Silva,262d32ebda89efc4
6f812143641ceff8,8502f245aabd64ac,8abac218746e04ca,Takashi Sato,40f3cb27fc7305a1,Themba Gorimbo,Themba Gorimbo,40f3cb27fc7305a1
6f812143641ceff8,cb9654746447b934,7447e9f28508106a,Mackenzie Dern,f0feeb2192937424,Angela Hill,Mackenzie Dern,7447e9f28508106a
6f812143641ceff8,3638ee66c7d34fe0,4144798612ef96e5,Edmen Shahbazyan,093e1f5bb73850be,Anthony Hernandez,Anthony Hernandez,093e1f5bb73850be
6f81b6de2557739a,79bfba62da6242a6,f166e93d04a8c274,Diego Lopes,da816417a579a0bd,Gavin Tucker,Diego Lopes,f166e93d04a8c274
6f81b6de2557739a,e5cb9dfc1189d77d,60425d07ef4b91a7,Kyler Phillips,b9f28e7045fdfce7,Raoni Barcelos,Raoni Barcelos,b9f28e7045fdfce7
6f81b6de2557739a,531ce3d8011fa1f6,e4a47b07044ddd72,Ignacio Bahamondes,5b86d491d63890c5,Ludovit Klein,Ignacio Bahamondes,e4a47b07044ddd72
6f81b6de2557739a,1b0d5e65fdfc62cf,aa171d55d4b5208f,Billy Quarantillo,29af297d9f1de0f8,Damon Jackson,Billy Quarantillo,aa171d55d4b5208f
6f81b6de2557739a,2c54be25b09fce50,e4277e87a789d687,Dustin Jacoby,8667caa0451d245b,Kennedy Nzechukwu,Dustin Jacoby,e4277e87a789d687
6f81b6de2557739a,bda7992779a005fa,d66a46de8d705353,Jeremiah Wells,a53d30163304aa6e,Carlston Harris,Jeremiah Wells,d66a46de8d705353
6f81b6de2557739a,554163b1c8c05522,65f09bacd3957381,Cory Sandhagen,05339613bf8e9808,Rob Font,Cory Sandhagen,65f09bacd3957381
6f81b6de2557739a,436a1ce6b0c6b4bb,4682bc59d5f55145,Sean Woodson,c4d039123e62f6a9,Dennis Buzukja,Sean Woodson,4682bc59d5f55145
6f81b6de2557739a,38901948cff43ff9,7f6ed67d3ed3c036,Cody Durden,60a42bf82447c919,Jake Hadley,Cody Durden,7f6ed67d3ed3c036
6f81b6de2557739a,ec2358459ffbe7de,6a1901c62ab3870f,Jessica Andrade,b08012bbe542592a,Tatiana Suarez,Tatiana Suarez,b08012bbe542592a
6f81b6de2557739a,2c0496a5f39ab8a4,04c8b08b16a5b99e,Tanner Boser,c2a670b22d2e196f,Aleksa Camur,Tanner Boser,04c8b08b16a5b99e
6f81b6de2557739a,6b5c225814a924ed,6d68c1afe954f121,Ode Osbourne,8d3273573b85be09,Asu Almabayev,Asu Almabayev,8d3273573b85be09
6fb1ba67bef41b37,01aa5949ac6851f3,351c4ec637380ad5,Karol Rosa,d3f5d33d61cd00c9,Norma Dumont,Karol Rosa,351c4ec637380ad5
6fb1ba67bef41b37,a941c4e25ddddfff,5d495dec23d7c68e,Francis Marshall,e1d40e8782d80bc2,William Gomis,William Gomis,e1d40e8782d80bc2
6fb1ba67bef41b37,277233ca9ea25674,7af33fc4435017f1,Brady Hiestand,3b0a516d2921e0d6,Batgerel Danaa,Brady Hiestand,7af33fc4435017f1
6fb1ba67bef41b37,8beab5f941dae8e0,da7f113b5ea39c43,Mohammed Usman,c15fa95b9a12fde4,Junior Tafa,Mohammed Usman,da7f113b5ea39c43
6fb1ba67bef41b37,06d9fb9c995f1e4f,d66a46de8d705353,Jeremiah Wells,4aa58269d0664b5b,Matthew Semelsberger,Jeremiah Wells,d66a46de8d705353
6fb1ba67bef41b37,20c0f50c11509301,abcf2cc6efc42031,Iasmin Lucindo,4333a8e70a672eb7,Brogan Walker,Iasmin Lucindo,abcf2cc6efc42031
6fb1ba67bef41b37,16628e25a043043a,814ff3018127e8fc,Ricky Glenn,de45aaae23dfa392,Christos Giagos,Christos Giagos,de45aaae23dfa392
6fb1ba67bef41b37,d00d5ef4ae0ac01b,0c6d9ea8306c029e,Brad Tavares,12ebd7d157e91701,Bruno Silva,Brad Tavares,0c6d9ea8306c029e
6fb1ba67bef41b37,034cbbec91f67852,94527830000ab715,Rani Yahya,cc1a8b4b38b92c6d,Montel Jackson,Montel Jackson,cc1a8b4b38b92c6d
6fb1ba67bef41b37,856468ba24a37fcc,f14cf73e51b29254,Sergei Pavlovich,fa6796c55d6c5440,Curtis Blaydes,Sergei Pavlovich,f14cf73e51b29254
70167689d6a01793,3e16a71836e85212,f77c68bb4be8516d,Yoel Romero,2e5c2aa8e4ab9d82,Paulo Costa,Yoel Romero,f77c68bb4be8516d
70167689d6a01793,51f955029dbf6978,70d2329a92864fdb,Sabina Mazo,122ac9b816d8b71c,Shana Dobson,Sabina Mazo,70d2329a92864fdb
70167689d6a01793,8ebd6e9d41a51e31,2244d9a2b64b8c3b,Hannah Cifers,411539901068522f,Jodie Esquibel,Hannah Cifers,2244d9a2b64b8c3b
70167689d6a01793,445d0d44091b902a,a7897d200692ab64,Kyung Ho Kang,cc351e408bbb7d43,Brandon Davis,Kyung Ho Kang,a7897d200692ab64
70167689d6a01793,2eb56023c4a54504,b1a3e0aca758b322,Derek Brunson,2e585c701f72fe55,Ian Heinisch,Derek Brunson,b1a3e0aca758b322
70167689d6a01793,25e1d17d072227c6,de45aaae23dfa392,Christos Giagos,7cbf7c78d3b34218,Drakkar Klose,Drakkar Klose,7cbf7c78d3b34218
70167689d6a01793,f2ce79565c0820dd,cbb682f5fcc44bfc,Anthony Pettis,8355922d564b152c,Nate Diaz,Nate Diaz,8355922d564b152c
70167689d6a01793,6921344f8e706d0f,d967f0128c323de6,Daniel Cormier,d28dee5c705991df,Stipe Miocic,Stipe Miocic,d28dee5c705991df
70167689d6a01793,2671de30a1736f51,207773daeb4afa7b,Devonte Smith,78e501478a36a018,Khama Worthy,Devonte Smith,207773daeb4afa7b
70167689d6a01793,29de6ddc42a2e674,2dc1bc1a02961656,Manny Bermudez,e7bba7ce4d6c7b07,Casey Kenney,Casey Kenney,e7bba7ce4d6c7b07
70167689d6a01793,fba7d6a42f137938,2f13e4020cea5b38,Raphael Assuncao,65f09bacd3957381,Cory Sandhagen,Cory Sandhagen,65f09bacd3957381
70167689d6a01793,ea43a5fe4ff9a3c4,436f970c9ea9169c,Gabriel Benitez,94426bb170c88115,Sodiq Yusuff,Sodiq Yusuff,94426bb170c88115
706404da0775dcbc,c3544bce29be1281,902ab9197b83d0db,Phil Davis,c0ab242c40decc55,Ryan Bader,Ryan Bader,c0ab242c40decc55
706404da0775dcbc,f88fefd5df0ba06c,49a74b9fb2e45fdf,Neil Seery,55f446032177b119,Chris Beal,Chris Beal,55f446032177b119
706404da0775dcbc,eab6e19a2a2a67f0,8b5f9ea38184ded3,Nicholas Musoke,ff6a1f63c254127e,Albert Tumenov,Albert Tumenov,ff6a1f63c254127e
706404da0775dcbc,f47a32ec7dfda660,3c6976f8182d9527,Alexander Gustafsson,365fee2da473b177,Anthony Johnson,Alexander Gustafsson,3c6976f8182d9527
706404da0775dcbc,c910d2fe570b368a,1ccf4e7caff270df,Dan Henderson,232c582f29f8f65e,Gegard Mousasi,Gegard Mousasi,232c582f29f8f65e
706404da0775dcbc,eb0775cf8ee7a4e6,3f52ce18fb98008f,Akira Corassani,b8aef0faf4ce9b31,Sam Sicilia,Sam Sicilia,b8aef0faf4ce9b31
706404da0775dcbc,b2398418be9a3442,1091d4d957141094,Nikita Krylov,1d4bbaabd8b60173,Stanislav Nedkov,Nikita Krylov,1091d4d957141094
706404da0775dcbc,9c1d4f57a997a490,b6c4451cb13c9303,Andy Ogle,87a1dc546b1c5caf,Makwan Amirkhani,Makwan Amirkhani,87a1dc546b1c5caf
706404da0775dcbc,c565bf49fce2a4cd,6e0273f9478be71e,Kenny Robertson,e70de1859b7ee78e,Sultan Aliev,Kenny Robertson,6e0273f9478be71e
7139cd2ae4bf6a29,0b26d635106aea1c,fccf811c1e8b01c7,Andrew Sanchez,f797f0c57a83353e,Trevor Smith,Andrew Sanchez,fccf811c1e8b01c7
7139cd2ae4bf6a29,14e7bb7a9d49450d,5e4eec08896c9423,Corey Anderson,cb52f9490c2dc069,Sean O'Connell,Corey Anderson,5e4eec08896c9423
7139cd2ae4bf6a29,a71febed166b7d42,96c336b463e0662c,Frankie Perez,32c355b04fc57f3a,Marc Diakiese,Marc Diakiese,32c355b04fc57f3a
7139cd2ae4bf6a29,0769ab47fcf0bf6b,8d03ce87ca14e778,Francis Ngannou,c727c7d31c50c4cf,Anthony Hamilton,Francis Ngannou,8d03ce87ca14e778
7139cd2ae4bf6a29,cb1e57b5f8c92922,d3df1add9d9a7efb,Derrick Lewis,2f5cbecbbe18bac4,Shamil Abdurakhimov,Derrick Lewis,d3df1add9d9a7efb
7139cd2ae4bf6a29,4bf0be780f2d09be,8ce87f7e3a9baed2,Tiago dos Santos e Silva,98d961097baaf308,Shane Burgos,Shane Burgos,98d961097baaf308
7139cd2ae4bf6a29,02e3699be1d8daa2,c6aee362c7a7d482,Randy Brown,1999ffb5cebc314f,Brian Camozzi,Randy Brown,c6aee362c7a7d482
7139cd2ae4bf6a29,25cd989ac5569629,fcd448a2fe1a23cc,Gian Villante,88d7b6d8230e1f3f,Saparbeg Safarov,Gian Villante,fcd448a2fe1a23cc
7139cd2ae4bf6a29,87b6c507a7684ec2,75a6a390fd5dca46,Juliana Lima,6fd953151d981979,JJ Aldrich,JJ Aldrich,6fd953151d981979
7139cd2ae4bf6a29,9555d8941df4a998,928ae2e5b5f7a9ec,Justine Kish,b4c6c904a9ffc5e8,Ashley Yoder,Justine Kish,928ae2e5b5f7a9ec
7269329bd87eb479,2886e831af3994b7,f7a7f7118d4b01b6,Lyoto Machida,d1152823307d7e7c,Rameau Thierry Sokoudjou,Lyoto Machida,f7a7f7118d4b01b6
7269329bd87eb479,b03816c9ccd089d7,1c86754617d9813a,Roan Carneiro,6ad9058b7c7898b0,Tony DeSouza,Roan Carneiro,1c86754617d9813a
7269329bd87eb479,71e3272f7ebcca26,6506c1d34da9c013,Georges St-Pierre,621a6c59f88a44fe,Matt Hughes,Georges St-Pierre,6506c1d34da9c013
7269329bd87eb479,2c9ddc75869894c5,a390eb8a9b2df298,Chuck Liddell,a1f6999fe57236e0,Wanderlei Silva,Chuck Liddell,a390eb8a9b2df298
7269329bd87eb479,478b0eaf22475be0,cc6f9d1e89f3449a,Manvel Gamburyan,04c15b52c3cc1cab,Nate Mohr,Nate Mohr,04c15b52c3cc1cab
7269329bd87eb479,17404e252bdab9e7,7d21de9c6d7c98b2,Rich Clementi,ccd1299e0345e0ce,Melvin Guillard,Melvin Guillard,ccd1299e0345e0ce
7269329bd87eb479,2b2a50d442da2b84,a7f4d0902bb64092,James Irvin,24b033b3daf1c9df,Luiz Cane,Luiz Cane,24b033b3daf1c9df
7269329bd87eb479,6d691b736d8c98b0,7f0b4a75ef3039a3,Eddie Sanchez,60029bcf496bd707,Soa Palelei,Soa Palelei,60029bcf496bd707
72c9c2eadfc3277e,1a635a5e4551e7d5,5d1b7e3dd9e11074,Manel Kape,294aa73dbf37d281,Bruno Silva,Manel Kape,5d1b7e3dd9e11074
72c9c2eadfc3277e,7b1bc4ff776f12c1,71171fc96445bf65,Vitor Petrino,e4277e87a789d687,Dustin Jacoby,Dustin Jacoby,e4277e87a789d687
72c9c2eadfc3277e,00c6a2ef07ca51da,dc9572dd6ec74859,Colby Covington,b9437600497350f3,Joaquin Buckley,Colby Covington,dc9572dd6ec74859
72c9c2eadfc3277e,5238f6470d0557fb,0232cabbc30a2372,Adrian Yanez,850266b3dc4e506e,Daniel Marcos,Daniel Marcos,850266b3dc4e506e
72c9c2eadfc3277e,2b6a75175bbca4e9,b4b496ec2197ee3e,Navajo Stirling,3e8118c1ab52f211,Tuco Tokkos,Navajo Stirling,b4b496ec2197ee3e
72c9c2eadfc3277e,cf258c17234d649e,46e0d677f91bacc0,Miles Johns,9256f591b30c073e,Felipe Lima,Felipe Lima,9256f591b30c073e
72c9c2eadfc3277e,9c24c03131d5b49a,511e82663651438d,Michael Johnson,ee18ff42063174df,Ottman Azaitar,Michael Johnson,511e82663651438d
72c9c2eadfc3277e,b0be38110c2d8b84,58bbef3770bb2dfc,Joel Alvarez,7cbf7c78d3b34218,Drakkar Klose,Joel Alvarez,58bbef3770bb2dfc
72c9c2eadfc3277e,ebeeed2595266bbc,4682bc59d5f55145,Sean Woodson,d2f43cfaf8ca3560,Fernando Padilla,Sean Woodson,4682bc59d5f55145
72c9c2eadfc3277e,edf7ce89ad672e85,971dba22c622af12,Josefine Knutsson,e375cb5caf4717b6,Piera Rodriguez,Piera Rodriguez,e375cb5caf4717b6
72c9c2eadfc3277e,b40e4deb48658851,113df4fde64735c6,Davey Grant,c5ccd878231c5407,Ramon Taveras,Davey Grant,113df4fde64735c6
72c9c2eadfc3277e,e5f9d59d00fe3c73,f29a6350c69f4a33,Miranda Maverick,5c637af9472ae7cc,Jamey-Lyn Horth,Miranda Maverick,f29a6350c69f4a33
72c9c2eadfc3277e,7521015554088962,d247691a6c0e9034,Cub Swanson,aa171d55d4b5208f,Billy Quarantillo,Cub Swanson,d247691a6c0e9034
72cbe507644a587c,ae6fb7829db7ecc7,1091d4d957141094,Nikita Krylov,06f36cf4bd97ec77,Ed Herman,Nikita Krylov,1091d4d957141094
72cbe507644a587c,806ee07a1a7042b8,4f732e58ed907eff,Ross Pearson,47b9e0e7703a4868,Jorge Masvidal,Jorge Masvidal,47b9e0e7703a4868
72cbe507644a587c,8b61a3acdfb007d9,5aedf14771ca82d2,Wilson Reis,449c890bd90f3374,Hector Sandoval,Wilson Reis,5aedf14771ca82d2
72cbe507644a587c,3cf1d67a20ae1c18,7ea4a9f07df33a45,Francisco Rivera,af62f99eb7606308,Erik Perez,Erik Perez,af62f99eb7606308
72cbe507644a587c,7f3763caa99a3486,47b63240018d5d86,Rose Namajunas,d7c3816669784109,Karolina Kowalkiewicz,Rose Namajunas,47b63240018d5d86
72cbe507644a587c,8495283a56311b4d,c727c7d31c50c4cf,Anthony Hamilton,3f11b5d4bd76a6d9,Damian Grabowski,Anthony Hamilton,c727c7d31c50c4cf
72cbe507644a587c,82d057278298846f,31123249b0bbf52e,Matt Brown,d81ac739417d7f53,Jake Ellenberger,Matt Brown,31123249b0bbf52e
72cbe507644a587c,c67e5fec8e1876f0,f2925e6db404bf1d,Robbie Lawler,effd9de9937996f8,Tyron Woodley,Robbie Lawler,f2925e6db404bf1d
72cbe507644a587c,c8f946610906bffe,20999e27ddd94bda,Ryan Benoit,0ccab7c889ede9ea,Fredy Serrano,Fredy Serrano,0ccab7c889ede9ea
738acab0c6934dd8,ca28f69fa42f88ed,353de740bb6c7e75,Mike Russow,ca2efc9d7d523c43,Shawn Jordan,Shawn Jordan,ca2efc9d7d523c43
738acab0c6934dd8,76690fbdcaa85c21,c47df9303d318c67,Clay Guida,ef7fa30364cbe7f2,Hatsu Hioki,Clay Guida,c47df9303d318c67
738acab0c6934dd8,e8c24a1754599237,a26198ba5093147e,TJ Grant,eb29176b03dfa888,Matt Wiman,TJ Grant,a26198ba5093147e
738acab0c6934dd8,97cec48c97e7ea31,c0ab242c40decc55,Ryan Bader,ccdd90bd1fc7dab6,Vladimir Matyushenko,Ryan Bader,c0ab242c40decc55
738acab0c6934dd8,4e87af7e5156bbf7,99bd87a300079ed9,Erik Koch,3974fa35c917af1d,Ricardo Lamas,Ricardo Lamas,3974fa35c917af1d
738acab0c6934dd8,bddf441908777c0c,cbb682f5fcc44bfc,Anthony Pettis,1d00756835ca67c9,Donald Cerrone,Donald Cerrone,1d00756835ca67c9
738acab0c6934dd8,df0d3dec831e2142,0dba4df5f34d5ff0,Rafael Natal,ab850a77a0fa487d,Sean Spencer,Rafael Natal,0dba4df5f34d5ff0
738acab0c6934dd8,638093bc4f69f639,ffc088e64fab57e9,Quinton Jackson,7ff97850e8c32bda,Glover Teixeira,Glover Teixeira,7ff97850e8c32bda
738acab0c6934dd8,9b9591a4f7febe32,8a304bfd6bf04a57,Demetrious Johnson,99506df1af6c8b3b,John Dodson,Demetrious Johnson,8a304bfd6bf04a57
738acab0c6934dd8,83f6a6fc79036749,fea8acf9bfcf09ec,Simeon Thoresen,8f3df4c579cfbb69,David Mitchell,David Mitchell,8f3df4c579cfbb69
73e09f837f3b5ecc,0d33d43bee65d98f,a845f0735bc67405,Jake Matthews,66ab58d0b3783607,Andrew Holbrook,Jake Matthews,a845f0735bc67405
73e09f837f3b5ecc,d1c519260c0ddf3a,749f572d1d3161fb,Khalil Rountree Jr.,49e96ff8ab781589,Tyson Pedro,Khalil Rountree Jr.,749f572d1d3161fb
73e09f837f3b5ecc,450760216f5643ca,7339d340aa2889cb,Kyle Noke,16690d100f995f8f,Omari Akhmedov,Omari Akhmedov,16690d100f995f8f
73e09f837f3b5ecc,71854cfe738d6ee1,bdcbb976816fd256,Daniel Kelly,6c2030e0a143a94b,Chris Camozzi,Chris Camozzi,6c2030e0a143a94b
73e09f837f3b5ecc,4f60a7e7b848bc6d,193b9d1858bc4df3,Dan Hooker,bb1a2cdad6ff34db,Jason Knight,Dan Hooker,193b9d1858bc4df3
73e09f837f3b5ecc,64bc223daa594bcc,d024ed963e8bf7ea,Damien Brown,53ec9cb470e1a4ea,Jon Tuck,Damien Brown,d024ed963e8bf7ea
73e09f837f3b5ecc,0da0dc2c7eb29f58,5ea918ea81b7dee2,Yao Zhikui,ec664422b22d9787,Jenel Lausa,Jenel Lausa,ec664422b22d9787
73e09f837f3b5ecc,291d91378a96d1e8,840d2c82ea68b9aa,Ben Nguyen,c169545ab0825f44,Geane Herrera,Ben Nguyen,840d2c82ea68b9aa
73e09f837f3b5ecc,2e209dc450b7ebe3,7c7332319c14094c,Marlon Vera,2c1170b825f58e57,Guangyou Ning,Marlon Vera,7c7332319c14094c
73e09f837f3b5ecc,314aea77cd24210f,165c244bcca3ed26,Seo Hee Ham,b76c6268dc1d3c05,Danielle Taylor,Danielle Taylor,b76c6268dc1d3c05
73e09f837f3b5ecc,6d04fbef6b8e4551,e1147d3d2dabe1ce,Robert Whittaker,b1a3e0aca758b322,Derek Brunson,Robert Whittaker,e1147d3d2dabe1ce
73ef22f25d0f70e2,8af87933e6409e24,b13da0b1a3aed3e7,Nick Ring,c80095f6092271a7,Tim Boetsch,Tim Boetsch,c80095f6092271a7
73ef22f25d0f70e2,8133b11f2b7ad634,621a6c59f88a44fe,Matt Hughes,dd37fd509af89f15,Josh Koscheck,Matt Hughes,621a6c59f88a44fe
73ef22f25d0f70e2,cca58aece2816dd1,bd58d34e39b7b12a,Ben Rothwell,eef9b891edbd4604,Mark Hunt,Ben Rothwell,bd58d34e39b7b12a
73ef22f25d0f70e2,fde66b153c65e25d,8355922d564b152c,Nate Diaz,3be081c29bf734d9,Takanori Gomi,Nate Diaz,8355922d564b152c
73ef22f25d0f70e2,9cb967c62498ff02,3236bf606fe9fa5b,Travis Browne,a7d687e6ecb30981,Rob Broughton,Rob Broughton,a7d687e6ecb30981
73ef22f25d0f70e2,38591fb67eb2a6c3,f5431394fb284bb9,James Te Huna,744e098e065cfdbe,Ricardo Romero,James Te Huna,f5431394fb284bb9
73ef22f25d0f70e2,eb5b6287ba73640d,48e093ea1f43a053,Takeya Mizugaki,5df17b3620145578,Cole Escovedo,Takeya Mizugaki,48e093ea1f43a053
73ef22f25d0f70e2,181ce41897b37352,07f72a2a7591b409,Jon Jones,ffc088e64fab57e9,Quinton Jackson,Jon Jones,07f72a2a7591b409
73ef22f25d0f70e2,3f7c7917a57d2782,22a92d7f62195791,Tony Ferguson,f2c8ebbeafd45f2b,Aaron Riley,Tony Ferguson,22a92d7f62195791
744f50016c39c26c,bfd672cac0726a9a,016a8d958883167c,Gina Mazany,b1e5bcaad32a3cac,Priscila Cachoeira,Priscila Cachoeira,b1e5bcaad32a3cac
744f50016c39c26c,be2e28ba3bdeb400,f9b200db02b488d9,Lando Vannata,56fcb2c4d99f9d1b,Mike Grundy,Mike Grundy,56fcb2c4d99f9d1b
744f50016c39c26c,2b894d87ad9aae05,05fa626cb33d15b8,Andrea Lee,d7338bcb141abd2c,Antonina Shevchenko,Andrea Lee,05fa626cb33d15b8
744f50016c39c26c,5573d46130d6b967,c878270af633eb11,Jordan Wright,830f60497fab345a,Jamie Pickett,Jordan Wright,c878270af633eb11
744f50016c39c26c,8cb4e3f056a84b0d,e872e9a9a902c045,Katlyn Cerminara,36541f1e6c5d4955,Viviane Araujo,Katlyn Cerminara,e872e9a9a902c045
744f50016c39c26c,ca22bafab913aae7,7a703c565ccaa18f,Jacare Souza,886264a0c9f4ea5e,Andre Muniz,Andre Muniz,886264a0c9f4ea5e
744f50016c39c26c,fef29aa73bd5b907,07225ba28ae309b6,Charles Oliveira,4b93a88f3b1de35b,Michael Chandler,Charles Oliveira,07225ba28ae309b6
744f50016c39c26c,1f2f27b36e79da74,cf946e03ba2e7666,Kevin Aguilar,7832f2f62f04178f,Tucker Lutz,Tucker Lutz,7832f2f62f04178f
744f50016c39c26c,de332779baa1b103,de45aaae23dfa392,Christos Giagos,bd5403efbaa445c0,Sean Soriano,Christos Giagos,de45aaae23dfa392
744f50016c39c26c,6655a8da2655f2d0,98d961097baaf308,Shane Burgos,64a50dad704d1d49,Edson Barboza,Shane Burgos,98d961097baaf308
744f50016c39c26c,cfbaeb80b5ff7c00,22a92d7f62195791,Tony Ferguson,08af939f41b5a57b,Beneil Dariush,Beneil Dariush,08af939f41b5a57b
74fefd43f073cd2f,2b8cae68963a40a9,0845c81e37d3bcb3,Volkan Oezdemir,333b9e5c723ac873,Aleksandar Rakic,Aleksandar Rakic,333b9e5c723ac873
74fefd43f073cd2f,15aa55a91cf848cf,1897b7b913736a7c,Alatengheili,20999e27ddd94bda,Ryan Benoit,Alatengheili,1897b7b913736a7c
74fefd43f073cd2f,75523d31940c9344,b9f28e7045fdfce7,Raoni Barcelos,0fd5f4b838e890cc,Said Nurmagomedov,Raoni Barcelos,b9f28e7045fdfce7
74fefd43f073cd2f,60e1b3ac3182f5b3,7559395ad833c074,Miranda Granger,3df5493bb279226f,Amanda Lemos,Amanda Lemos,3df5493bb279226f
74fefd43f073cd2f,9140e6fdeaa7cd3f,98a6b2361045898f,Dong Hyun Ma,a0e6753c42698f13,Omar Morales,Omar Morales,a0e6753c42698f13
74fefd43f073cd2f,b3bd27affa038e9c,285ae0b4a68221f4,JunYong Park,8e9eb3fc86db0f7d,Marc-Andre Barriault,JunYong Park,285ae0b4a68221f4
74fefd43f073cd2f,06f37329b223b451,f2688492b9a525a3,Frankie Edgar,c451d67c09c55418,Chan Sung Jung,Frankie Edgar,f2688492b9a525a3
74fefd43f073cd2f,3637e661b6854b49,787bb1f087ccff8a,Ciryl Gane,04c8b08b16a5b99e,Tanner Boser,Ciryl Gane,787bb1f087ccff8a
74fefd43f073cd2f,5a5a65d8df176506,a0f0004aadf10b71,Alexandre Pantoja,67c1d46f4ed16f9e,Matt Schnell,Alexandre Pantoja,a0f0004aadf10b71
74fefd43f073cd2f,47e49e04e32be7e9,74f9448b97bf8bec,Da Woon Jung,18b602842a24f7c5,Mike Rodriguez,Da Woon Jung,74f9448b97bf8bec
74fefd43f073cd2f,997ab1ea9fab5643,e93b04e308913c2e,Dooho Choi,f1d64ae34e088832,Charles Jourdain,Dooho Choi,e93b04e308913c2e
74fefd43f073cd2f,6ea23c2c30f85a89,a68575214ecad140,SeungWoo Choi,192520689012c7e4,Suman Mokhtarian,SeungWoo Choi,a68575214ecad140
74fefd43f073cd2f,f93f794247af708a,a7897d200692ab64,Kyung Ho Kang,31bbd39c0a075d4e,Pingyuan Liu,Kyung Ho Kang,a7897d200692ab64
756f45905fb20cb5,2664805fde34fb1b,34e516ab361afb1c,Darrick Minner,0a73acff6325c1e2,Shayilan Nuerdanbieke,Shayilan Nuerdanbieke,0a73acff6325c1e2
756f45905fb20cb5,b279559f15ecf29b,84b3e7d38f2d2ec5,Neil Magny,8a1f3b5c526cd6e6,Daniel Rodriguez,Neil Magny,84b3e7d38f2d2ec5
756f45905fb20cb5,abfc03893551ae73,cd2c4d30c6e13b47,Marina Rodriguez,3df5493bb279226f,Amanda Lemos,Amanda Lemos,3df5493bb279226f
756f45905fb20cb5,2ab395e21080b10a,bc711b6dd95c1af6,Mario Bautista,773f7feacf96153e,Benito Lopez,Mario Bautista,bc711b6dd95c1af6
756f45905fb20cb5,cfca30d3ef3c86b9,760a55d5b6098cbe,Carlos Candelario,60a42bf82447c919,Jake Hadley,Jake Hadley,60a42bf82447c919
756f45905fb20cb5,5475f5b6bad40989,9673a497a9da119a,Polyana Viana,d05cb1e8d1b885d8,Jinh Yu Frey,Polyana Viana,9673a497a9da119a
756f45905fb20cb5,1535fb6549fa8bab,99bd51917728c25d,Grant Dawson,da0995f19b749cfa,Mark Madsen,Grant Dawson,99bd51917728c25d
756f45905fb20cb5,3adecfc4727a8d73,f00ac08ab056af5d,Tagir Ulanbekov,6e9f40c706f91f32,Nate Maness,Tagir Ulanbekov,f00ac08ab056af5d
756f45905fb20cb5,b87ac039e3b13940,4f3064faf17aa711,Tamires Vidal,3eb4dc9a7d4ac906,Ramona Pascual,Tamires Vidal,4f3064faf17aa711
756f45905fb20cb5,71afa8354da2491e,f29a6350c69f4a33,Miranda Maverick,568bbad0eaced57c,Shanna Young,Miranda Maverick,f29a6350c69f4a33
756f45905fb20cb5,31cb98ce37fd87dd,1a54231796e24a3f,Liudvik Sholinian,f6bcbd91b114ff58,Johnny Munoz,Johnny Munoz,f6bcbd91b114ff58
75e0d3cc2262b732,ee278a5a25744cac,8c57c7b8c3bab0eb,Nicolae Negumereanu,8667caa0451d245b,Kennedy Nzechukwu,Kennedy Nzechukwu,8667caa0451d245b
75e0d3cc2262b732,9321b3c90ea5ca6c,cd2c4d30c6e13b47,Marina Rodriguez,c41d426cc7326d1b,Yan Xiaonan,Yan Xiaonan,c41d426cc7326d1b
75e0d3cc2262b732,43b43c5d439b2f98,3a46b268013afede,Kevin Holland,57b10fca4f9c9a7a,Alex Oliveira,Kevin Holland,3a46b268013afede
75e0d3cc2262b732,abd45edc07a8d9e3,64a50dad704d1d49,Edson Barboza,d9c6f19f958643e9,Bryce Mitchell,Bryce Mitchell,d9c6f19f958643e9
75e0d3cc2262b732,59d44b6888885500,7be14eaed4c74856,Brian Kelleher,2b6fc1c02736833d,Umar Nurmagomedov,Umar Nurmagomedov,2b6fc1c02736833d
75e0d3cc2262b732,c420c376cc1d149c,c96d9178c9ed9e62,Tim Elliott,f00ac08ab056af5d,Tagir Ulanbekov,Tagir Ulanbekov,f00ac08ab056af5d
75e0d3cc2262b732,cda06ff86cfe4f5f,e2f6b2769aaedd6c,Serghei Spivac,85073dbd1be65ed9,Greg Hardy,Serghei Spivac,e2f6b2769aaedd6c
75e0d3cc2262b732,838bb84a5a976a9c,6a2f7c151031653d,Rafael Dos Anjos,b6452706b373eea1,Renato Moicano,Rafael Dos Anjos,6a2f7c151031653d
75e0d3cc2262b732,d03d0abf331df751,dc9572dd6ec74859,Colby Covington,47b9e0e7703a4868,Jorge Masvidal,Colby Covington,dc9572dd6ec74859
75e0d3cc2262b732,c6fc43c351b08bda,b4192a975027aab6,Maryna Moroz,a08ddd04eaffd81d,Mariya Agapova,Mariya Agapova,a08ddd04eaffd81d
75e0d3cc2262b732,36d9337a27b71ba9,207773daeb4afa7b,Devonte Smith,5b86d491d63890c5,Ludovit Klein,Ludovit Klein,5b86d491d63890c5
75e0d3cc2262b732,fce6ab43b7d09aa4,4d8fa64202cee4c1,Jalin Turner,af9f42e6894047fc,Jamie Mullarkey,Jalin Turner,4d8fa64202cee4c1
75e0d3cc2262b732,d5323490163dde0e,e4277e87a789d687,Dustin Jacoby,0d65c432720accb9,Michal Oleksiejczuk,Dustin Jacoby,e4277e87a789d687
770b9d4813c25902,fe1130f34dea28d8,5ea918ea81b7dee2,Yao Zhikui,b9c03e7a4557e542,Royston Wee,Royston Wee,b9c03e7a4557e542
770b9d4813c25902,e5cf527ed3963a0e,173acb3f920082b8,Roland Delorme,7c3c48cf54a2848e,Yuta Sasaki,Yuta Sasaki,7c3c48cf54a2848e
770b9d4813c25902,d0ee52e17db605ab,4b1d46a1b5c0fd11,Alberto Mina,4665f9f909cd7214,Shinsho Anzai,Alberto Mina,4b1d46a1b5c0fd11
770b9d4813c25902,a57b9c636ac198be,2b93ebd9f5417ad2,Michael Bisping,d4f364dd076bb0e2,Cung Le,Michael Bisping,2b93ebd9f5417ad2
770b9d4813c25902,0067048aaa2aa2da,7b310409440c9102,Zhang Lipeng,494b0bfdbac74502,Brendan O'Reilly,Zhang Lipeng,7b310409440c9102
770b9d4813c25902,7cde85d46dc0bebe,effd9de9937996f8,Tyron Woodley,9bcf8603ceb25680,Dong Hyun Kim,Dong Hyun Kim,9bcf8603ceb25680
77940e45bc86208e,99fd8396cbe1df03,d6c0cdd7e467c440,Kyle Daukaus,830f60497fab345a,Jamie Pickett,Kyle Daukaus,d6c0cdd7e467c440
77940e45bc86208e,04e2d50c24a88dbd,b9437600497350f3,Joaquin Buckley,eae431e70064e046,Abdul Razak Alhassan,Joaquin Buckley,b9437600497350f3
77940e45bc86208e,93026443e5140415,ac40f7e3cbecdda4,Parker Porter,c9a94278df042f46,Alan Baudot,Parker Porter,ac40f7e3cbecdda4
77940e45bc86208e,e36a5d4d53b97d4e,6c8072b61c276e67,Jessica-Rose Clark,5e6294b37bbef029,Stephanie Egger,Stephanie Egger,5e6294b37bbef029
77940e45bc86208e,958799d957945a3a,d1941565abf50b16,Jim Miller,37f560436d745c18,Nikolas Motta,Jim Miller,d1941565abf50b16
77940e45bc86208e,33cc40fc1da409d3,d7e40dca3ae125be,Diana Belbita,5dd180c8b3196786,Gloria de Paula,Gloria de Paula,5dd180c8b3196786
77940e45bc86208e,528c208293bdef13,87c0b1c696ddfb43,Jonathan Pearce,5ec591b78349ba7e,Christian Rodriguez,Christian Rodriguez,5ec591b78349ba7e
77940e45bc86208e,8cd583f6d10692bc,bc711b6dd95c1af6,Mario Bautista,01fed6f61ebea01f,Jay Perrin,Mario Bautista,bc711b6dd95c1af6
77940e45bc86208e,ea63f56779100678,c7c39e2fb70248b3,Chad Anheliger,8c39367b53eadf8a,Jesse Strader,Chad Anheliger,c7c39e2fb70248b3
77940e45bc86208e,2d8db91f91f68069,4bd6b4800070b069,Chas Skelly,ef1182eb28c17d4e,Mark Striegl,Chas Skelly,4bd6b4800070b069
77940e45bc86208e,f7865e5a6d009a87,c21f26bbde777573,Johnny Walker,5444c5a201d3ee5a,Jamahal Hill,Jamahal Hill,5444c5a201d3ee5a
77940e45bc86208e,25da52bc590ef664,436f970c9ea9169c,Gabriel Benitez,ffe9703408fb5964,David Onama,David Onama,ffe9703408fb5964
7865707fd684d77b,8857bf28823b1b2d,ee9d73f4fee9cbdd,Antonio Rodrigo Nogueira,492b202d2064e7a9,Fabricio Werdum,Fabricio Werdum,492b202d2064e7a9
7865707fd684d77b,2692ac9853970e08,2924886ee9c4c527,Thiago Silva,5c1ca0c72b599a3c,Rafael Cavalcante,Thiago Silva,2924886ee9c4c527
7865707fd684d77b,0e272af30a23e09b,5866fc86183a9fb8,Erick Silva,e5d03e4d966126bd,Jason High,Erick Silva,5866fc86183a9fb8
7865707fd684d77b,c25c2000aa99832c,b71ce838b01f2cad,Rony Jason,cfaf010d5b389c09,Mike Wilkinson,Mike Wilkinson,cfaf010d5b389c09
7865707fd684d77b,bd9100f5d4ee6823,ed74afc8b5b47a61,William Macario,9c65736747ca92ec,Leonardo Santos,Leonardo Santos,9c65736747ca92ec
7865707fd684d77b,f5ebfe526cf409e8,2f13e4020cea5b38,Raphael Assuncao,8bb6f4479685bbcc,Vaughan Lee,Raphael Assuncao,2f13e4020cea5b38
7865707fd684d77b,291bebbbf4f9128f,a20d7dfaba74c067,Rodrigo Damm,35faad160d346839,Mizuto Hirota,Rodrigo Damm,a20d7dfaba74c067
7865707fd684d77b,b6d027c60f879e4a,7c6e87729e824ef4,Ildemar Alcantara,159da492e000afbf,Leandro Silva,Ildemar Alcantara,7c6e87729e824ef4
7865707fd684d77b,401a21d881a1f26a,0c5c66ddd1886b83,Caio Magalhaes,d23ccf4a6c221284,Karlos Vemola,Caio Magalhaes,0c5c66ddd1886b83
7865707fd684d77b,d03618c86d395b43,fa37628269132d1a,Godofredo Pepey,71002dbc1743b9a7,Felipe Arantes,Godofredo Pepey,fa37628269132d1a
7865707fd684d77b,66b295262ef7ee91,fae67903c4fe636b,Antonio Braga Neto,d4c9dcd330403612,Anthony Smith,Anthony Smith,d4c9dcd330403612
7929be8290289a47,2361b51aa72e5551,f2688492b9a525a3,Frankie Edgar,def8166ff24bd237,Brian Ortega,Brian Ortega,def8166ff24bd237
7929be8290289a47,12a64dfb8147566b,5ef0088c1b19beeb,Bryan Caraway,bf7ad5628363eec9,Cody Stamann,Cody Stamann,bf7ad5628363eec9
7929be8290289a47,6c2f05c47f494e15,5d7bdab5e03e3216,CB Dollaway,db1f2ed63b54b9a7,Hector Lombard,CB Dollaway,5d7bdab5e03e3216
7929be8290289a47,9e21a8dea9663e26,08af939f41b5a57b,Beneil Dariush,262a7d06203657e6,Alexander Hernandez,Beneil Dariush,08af939f41b5a57b
7929be8290289a47,c6c975ca66a7f91a,f5990c11974d8e9c,Mike Pyle,47cd337b86b1af92,Zak Ottow,Mike Pyle,f5990c11974d8e9c
7929be8290289a47,c73b81e7c1c1cccc,99506df1af6c8b3b,John Dodson,6bd02119599741a4,Pedro Munhoz,Pedro Munhoz,6bd02119599741a4
7929be8290289a47,1f52e665587dc645,3ecd936bd8814108,Cat Zingano,b9706f80d005036c,Ketlen Vieira,Ketlen Vieira,b9706f80d005036c
7929be8290289a47,ead2ca0d2afb46be,b4c6c904a9ffc5e8,Ashley Yoder,7447e9f28508106a,Mackenzie Dern,Mackenzie Dern,7447e9f28508106a
7929be8290289a47,efe055854f19a1d7,b50a426a33da0012,Sean O'Malley,d0e50a3d1b250708,Andre Soukhamthath,Sean O'Malley,b50a426a33da0012
7929be8290289a47,bfb7d17161aec938,ebc1f40e00e0c481,Stefan Struve,3738e68d2261e60f,Andrei Arlovski,Andrei Arlovski,3738e68d2261e60f
7929be8290289a47,4960379abe6ed525,634bb0de2eb043b4,Cristiane Justino,3143bf892608139a,Yana Santos,Cristiane Justino,634bb0de2eb043b4
7929be8290289a47,84f236d6c57d7cfb,99bcdf5eac39898f,Jordan Johnson,72ffecf712673af1,Adam Milstead,Jordan Johnson,99bcdf5eac39898f
79ded75550efc139,a822be2a017f329e,5b5307450405abf0,Rick Story,8bbc0cfc01bc1ba1,Leonardo Mafra,Rick Story,5b5307450405abf0
79ded75550efc139,c1bc2a42652f685c,9b198c73e3d0d289,Justin Salas,a36556bb1565e32d,Joe Proctor,Joe Proctor,a36556bb1565e32d
79ded75550efc139,0dff8509f6a861f1,7413b80dbb0f8f9f,Lucas Martins,c17041f1bb5768d8,Alex White,Lucas Martins,7413b80dbb0f8f9f
79ded75550efc139,3c06557ddd86f8e8,c268b2cfebccf652,John Lineker,e18a19001a3f7c7d,Alptekin Ozkilic,John Lineker,c268b2cfebccf652
79ded75550efc139,4e7c06f8b2b8c24b,64a50dad704d1d49,Edson Barboza,e5c9de15bb58b1c6,Evan Dunham,Edson Barboza,64a50dad704d1d49
79ded75550efc139,c8998aa536614a5a,1d00756835ca67c9,Donald Cerrone,d1941565abf50b16,Jim Miller,Donald Cerrone,1d00756835ca67c9
79ded75550efc139,9fc7fcbdb6587265,a7ddae0be8b78147,Jessamyn Duke,76984112f697631f,Leslie Smith,Leslie Smith,76984112f697631f
79ded75550efc139,02a183fa803a33fe,f95381efb3051d81,Hugo Viana,cb696ebfb6598724,Aljamain Sterling,Aljamain Sterling,cb696ebfb6598724
79ded75550efc139,b0271fa12935bf88,75e5fec9f72910ef,Gleison Tibau,50d2f0018bcf9eef,Pat Healy,Gleison Tibau,75e5fec9f72910ef
79ded75550efc139,635ee9448fe2ddaf,3e61082025db8137,Yosdenis Cedeno,12f1b140e248bdb9,Jerrod Sanders,Jerrod Sanders,12f1b140e248bdb9
79ff6545b0abc685,cd6452a463ec8a28,d35f734c56a89103,Karl Williams,e13abac8089a801a,Justin Tafa,Karl Williams,d35f734c56a89103
79ff6545b0abc685,127be512f86618b2,6e743a33d56bdaa4,Payton Talbott,3c8a5200436e19f3,Cameron Saaiman,Payton Talbott,6e743a33d56bdaa4
79ff6545b0abc685,faf19712bd7ea41e,beecb672a279223e,Amanda Ribas,47b63240018d5d86,Rose Namajunas,Rose Namajunas,47b63240018d5d86
79ff6545b0abc685,8c8337ce8437fe2e,1ae8f3c723aacff4,Ricardo Ramos,902ec2cc48c8ae8a,Julian Erosa,Ricardo Ramos,1ae8f3c723aacff4
79ff6545b0abc685,f1c3abce15ef053e,60193e707634e560,Montserrat Rendon,07047eb7d17fb0a2,Daria Zhelezniakova,Daria Zhelezniakova,07047eb7d17fb0a2
79ff6545b0abc685,f4ea27d942a390a5,6ad8e4296f7522d9,Igor Severino,b1f21ce050035d58,Andre Lima,Andre Lima,b1f21ce050035d58
79ff6545b0abc685,3223b7e196a07224,da7f113b5ea39c43,Mohammed Usman,0d5cc0170c1a7e71,Mick Parkin,Mick Parkin,0d5cc0170c1a7e71
79ff6545b0abc685,48ff3f1bcefbf965,46e0d677f91bacc0,Miles Johns,700a674c042b7a96,Cody Gibson,Miles Johns,46e0d677f91bacc0
79ff6545b0abc685,0e6782b758451063,082eba4cd80f736f,Jarno Errens,69037fc7730e4225,Steven Nguyen,Steven Nguyen,69037fc7730e4225
79ff6545b0abc685,de7cb625bdec0f91,a7151778b3381036,Kurt Holobaugh,cfc3e7bb44685289,Trey Ogden,Trey Ogden,cfc3e7bb44685289
79ff6545b0abc685,a1294453a28beda3,d2f43cfaf8ca3560,Fernando Padilla,e530df53922f413e,Luis Pajuelo,Fernando Padilla,d2f43cfaf8ca3560
79ff6545b0abc685,72f123ddb4cc9d1c,aa171d55d4b5208f,Billy Quarantillo,52c2ae6d2f2d2613,Youssef Zalal,Youssef Zalal,52c2ae6d2f2d2613
79ff6545b0abc685,d564e3a6c77d0c85,4144798612ef96e5,Edmen Shahbazyan,009c4420727149ea,AJ Dobson,Edmen Shahbazyan,4144798612ef96e5
7a703c565ccaa18f,920b6f739a36e721,64a50dad704d1d49,Edson Barboza,193b9d1858bc4df3,Dan Hooker,Dan Hooker,193b9d1858bc4df3
7a703c565ccaa18f,f3e289f1423c0e6f,d1941565abf50b16,Jim Miller,07225ba28ae309b6,Charles Oliveira,Charles Oliveira,07225ba28ae309b6
7a703c565ccaa18f,4da4c5ef6a4ffc5b,05339613bf8e9808,Rob Font,de75d1c45a39e221,Sergio Pettis,Rob Font,05339613bf8e9808
7a703c565ccaa18f,b69d3d55c84f5dd6,887961364be5ceb3,King Green,7cbf7c78d3b34218,Drakkar Klose,King Green,887961364be5ceb3
7a703c565ccaa18f,c4f443509308dec6,e51ee8ded927fc51,Chris de la Rocha,83b00f7597e5ac83,Juan Adams,Juan Adams,83b00f7597e5ac83
7a703c565ccaa18f,05f1e8ff81dbe05b,72ffecf712673af1,Adam Milstead,18b602842a24f7c5,Mike Rodriguez,Mike Rodriguez,18b602842a24f7c5
7a703c565ccaa18f,bf41783b9446891e,f797f0c57a83353e,Trevor Smith,4ba8d454f762005d,Zak Cummings,Zak Cummings,4ba8d454f762005d
7a703c565ccaa18f,1b6e5363eb81c409,82a5152216251682,Dan Ige,ebef46976554f975,Jordan Griffin,Dan Ige,82a5152216251682
7a703c565ccaa18f,986f0b480389ad25,6ac9bc2953c47345,Gerald Meerschaert,0a1942069c9ad6b6,Jack Hermansson,Jack Hermansson,0a1942069c9ad6b6
7a703c565ccaa18f,b9c82dfde8b66e37,ee9ebceabfd16fa7,Kevin Lee,59279a7c978f7da0,Al Iaquinta,Kevin Lee,ee9ebceabfd16fa7
7a703c565ccaa18f,92fd2127f46b0cb7,7026eca45f65377b,Jared Gordon,ae7fe94f117f98cf,Joaquim Silva,Jared Gordon,7026eca45f65377b
7a703c565ccaa18f,c0ab927864bb6e98,47cd337b86b1af92,Zak Ottow,8be158ca1e5ea6a0,Dwight Grant,Dwight Grant,8be158ca1e5ea6a0
7a82635ffa9b59fe,c2ddadfa1a1056be,c549573c0df4d676,Maki Pitolo,a17ad5a5048e8c3f,Darren Stewart,Darren Stewart,a17ad5a5048e8c3f
7a82635ffa9b59fe,a2e34655a41ba45c,d3df1add9d9a7efb,Derrick Lewis,98c23cb6da5b3352,Aleksei Oleinik,Derrick Lewis,d3df1add9d9a7efb
7a82635ffa9b59fe,22e10b23784e5efc,16690d100f995f8f,Omari Akhmedov,3a8176e15b9887c1,Chris Weidman,Chris Weidman,3a8176e15b9887c1
7a82635ffa9b59fe,5c8d9d893d163d51,06a80a685ea98573,Irwin Rivera,e87a13e02c01331d,Ali AlQaisi,Irwin Rivera,06a80a685ea98573
7a82635ffa9b59fe,6f1892ed71d943d7,4b47e71384a9522f,Tim Means,a12a8314adc1c1c9,Laureano Staropoli,Tim Means,4b47e71384a9522f
7a82635ffa9b59fe,e255fc129f225a55,52c2ae6d2f2d2613,Youssef Zalal,d21113c9ff3788ae,Peter Barrett,Youssef Zalal,52c2ae6d2f2d2613
7a82635ffa9b59fe,e8f4e8ff49678b44,fccf811c1e8b01c7,Andrew Sanchez,4dcfb28c011c11b2,Wellington Turman,Andrew Sanchez,fccf811c1e8b01c7
7a82635ffa9b59fe,1308213458d8596b,da816417a579a0bd,Gavin Tucker,304a21d0595e1a08,Justin Jaynes,Gavin Tucker,da816417a579a0bd
7a82635ffa9b59fe,ad62675e819e92fc,3143bf892608139a,Yana Santos,a78a87d8c2bbb1cb,Julija Stoliarenko,Yana Santos,3143bf892608139a
7a82635ffa9b59fe,cfb189e326553f0a,08af939f41b5a57b,Beneil Dariush,df1eb4354d18a906,Scott Holtzman,Beneil Dariush,08af939f41b5a57b
7a82635ffa9b59fe,05f6459d1f3ed13f,3a46b268013afede,Kevin Holland,b9437600497350f3,Joaquin Buckley,Joaquin Buckley,b9437600497350f3
7a82635ffa9b59fe,26173f6491300eaa,b7b84ccd221be298,Nasrat Haqparast,f8f1ec513bcfef43,Alexander Munoz,Nasrat Haqparast,b7b84ccd221be298
7abe471b61725980,d7ae0993c7a378ee,853eb0dd5c0e2149,Kai Kara-France,6d35bf94f7d30241,Amir Albazi,Amir Albazi,6d35bf94f7d30241
7abe471b61725980,99808befeece3a8a,53c943c873cffe90,Philipe Lins,950d0ef5c17157c5,Maxim Grishin,Philipe Lins,53c943c873cffe90
7abe471b61725980,dfc62aa72446e4a8,ac7c765882f2c68c,Elise Reed,d05cb1e8d1b885d8,Jinh Yu Frey,Elise Reed,ac7c765882f2c68c
7abe471b61725980,ad7bd4b3ee923498,af9f42e6894047fc,Jamie Mullarkey,8d11d9c13e2ccdf7,Muhammad Naimov,Muhammad Naimov,8d11d9c13e2ccdf7
7abe471b61725980,72bb7605e340a8fe,da22387a0407a2dc,Da'Mon Blackshear,6fc506e1099afe20,Luan Lacerda,Da'Mon Blackshear,da22387a0407a2dc
7abe471b61725980,5459c3bb88d031f9,3738e68d2261e60f,Andrei Arlovski,1a9480fc288e55d7,Don'Tale Mayes,Andrei Arlovski,3738e68d2261e60f
7abe471b61725980,a122968e96068800,029e1293e609fd74,Abubakar Nurmagomedov,8adcbd525fab8d9b,Elizeu Zaleski dos Santos,Elizeu Zaleski dos Santos,8adcbd525fab8d9b
7abe471b61725980,4d0029ad31bdd85a,9d62c2d8ee151f08,Karine Silva,8bd4200561c77a62,Ketlen Souza,Karine Silva,9d62c2d8ee151f08
7abe471b61725980,7be3e513a31f6570,7aa3d6964eff4877,Alex Caceres,361d49960a196976,Daniel Pineda,Alex Caceres,7aa3d6964eff4877
7abe471b61725980,913d8a35095591d5,c96d9178c9ed9e62,Tim Elliott,dc7927cd622676a7,Victor Altamirano,Tim Elliott,c96d9178c9ed9e62
7abe471b61725980,e2f4cd4a9a579488,d1941565abf50b16,Jim Miller,a75a48bfe776b2c2,Jesse Butler,Jim Miller,d1941565abf50b16
7abe471b61725980,84f60cb00b8d4187,b67d6bacc68d4c92,Daniel Santos,f6bcbd91b114ff58,Johnny Munoz,Daniel Santos,b67d6bacc68d4c92
7abe471b61725980,c98f62eb74e69bcb,5fa2974cbd18e05c,John Castaneda,a54660deb6a8489c,Muin Gafurov,John Castaneda,5fa2974cbd18e05c
7b03d9df5910917d,46bc1338a50cbeac,729d4bd5a6cd0a97,Lauren Murphy,de594b35c45c2e9a,Eduarda Moura,Lauren Murphy,729d4bd5a6cd0a97
7b03d9df5910917d,236f811290163dca,b0d6a1d8ac3d563d,Max Griffin,5442f1bc4b47eaf3,Chris Curtis,Chris Curtis,5442f1bc4b47eaf3
7b03d9df5910917d,5c650ae2193ab1bc,8667caa0451d245b,Kennedy Nzechukwu,f5779a2303ed76ec,Valter Walker,Kennedy Nzechukwu,8667caa0451d245b
7b03d9df5910917d,4b75d3b7738cb278,71171fc96445bf65,Vitor Petrino,be9bdec19b7e9ffe,Austen Lane,Vitor Petrino,71171fc96445bf65
7b03d9df5910917d,d5e3be7a07c48b08,a845f0735bc67405,Jake Matthews,c68c68efaa5ca6ef,Chidi Njokuani,Jake Matthews,a845f0735bc67405
7b03d9df5910917d,b19bf99c7eb796bc,c15fa95b9a12fde4,Junior Tafa,3e8118c1ab52f211,Tuco Tokkos,Tuco Tokkos,3e8118c1ab52f211
7b03d9df5910917d,120d66cb0da0f3c3,745fa7b605f8e2da,Fatima Kline,3f4c3bc822bea45d,Melissa Martinez,Fatima Kline,745fa7b605f8e2da
7b03d9df5910917d,f368475c366c6d85,751de04455cfaac0,Calvin Kattar,97cf1a2c7c5e7889,Steve Garcia,Steve Garcia,97cf1a2c7c5e7889
7b03d9df5910917d,0adfc21045c02555,d3df1add9d9a7efb,Derrick Lewis,17923f676f100e16,Tallison Teixeira,Derrick Lewis,d3df1add9d9a7efb
7b03d9df5910917d,4e5d4a36eaaa3a78,583ee11abddfc581,Nate Landwehr,5b03b61f9d90125e,Morgan Charriere,Morgan Charriere,5b03b61f9d90125e
7b03d9df5910917d,2a03bc4c491b4c9a,4a28cb716c19157a,Stephen Thompson,01641ba5df0c69b0,Gabriel Bonfim,Stephen Thompson,4a28cb716c19157a
7b03d9df5910917d,7f33fbdc35afd721,e99eb0ef25885de5,Mitch Ramirez,fb3e61720be4690c,Mike Davis,Mike Davis,fb3e61720be4690c
7b9aa973e5c04624,40dbe22895f98978,2f732dd9210d301f,Tito Ortiz,817e0bdf08efce2e,Elvis Sinosic,Tito Ortiz,2f732dd9210d301f
7c0847d3854a95f2,5a9ecff594dc6bb9,cb46dface0e28a2c,Jorge Rivera,054defd5420a551f,Rob Kimmons,Jorge Rivera,cb46dface0e28a2c
7c0847d3854a95f2,d77a72e3fa8db853,658c3465581ae46b,Pat Barry,69b69c0178c4004d,Antoni Hardonk,Antoni Hardonk,69b69c0178c4004d
7c0847d3854a95f2,1238f31a41b78528,79899ecf62020f6d,Joe Stevenson,f34312c2ccfa0e00,Spencer Fisher,Joe Stevenson,79899ecf62020f6d
7c0847d3854a95f2,5c612d2cc1f5da21,c0ab242c40decc55,Ryan Bader,f59f1d3a2ff13edd,Eric Schafer,Ryan Bader,c0ab242c40decc55
7c0847d3854a95f2,92975b516e6463b6,75e5fec9f72910ef,Gleison Tibau,d1a1314976c50bef,Josh Neer,Gleison Tibau,75e5fec9f72910ef
7c0847d3854a95f2,7a72d7448159fb59,365fee2da473b177,Anthony Johnson,ab8900ae1f1dfd4c,Yoshiyuki Yoshida,Anthony Johnson,365fee2da473b177
7c0847d3854a95f2,32ae3f0d43babd86,48d1f690b763934c,Chael Sonnen,acff437707625fc7,Yushin Okami,Yushin Okami,acff437707625fc7
7c0847d3854a95f2,b4627dd3bb50be2c,0ff11cc094e887bc,Cain Velasquez,bd58d34e39b7b12a,Ben Rothwell,Cain Velasquez,0ff11cc094e887bc
7c0847d3854a95f2,e60e53bdc614a0af,f7a7f7118d4b01b6,Lyoto Machida,140745cbbcb023ac,Mauricio Rua,Lyoto Machida,f7a7f7118d4b01b6
7c4ec656d8fcb867,7d474fbf31894108,4126a78111c0855a,Caio Borralho,36b8f265bcd1b7a4,Abus Magomedov,Caio Borralho,4126a78111c0855a
7c4ec656d8fcb867,ac37849f627a79c4,41e83a89929d1327,Jailton Almeida,d3df1add9d9a7efb,Derrick Lewis,Jailton Almeida,41e83a89929d1327
7c4ec656d8fcb867,119bc264e2bb9877,d31a5546c0e9b213,Rodrigo Nascimento,1a9480fc288e55d7,Don'Tale Mayes,Rodrigo Nascimento,d31a5546c0e9b213
7c4ec656d8fcb867,3a81276a9641c6a1,01641ba5df0c69b0,Gabriel Bonfim,9d19d9e4aa2662e8,Nicolas Dalby,Gabriel Bonfim,01641ba5df0c69b0
7c4ec656d8fcb867,7df5998eca143c04,f0feeb2192937424,Angela Hill,cffb87059e645bd1,Denise Gomes,Denise Gomes,cffb87059e645bd1
7c4ec656d8fcb867,ff8f92cf8fb1b76c,48a9a128784d53d1,Elves Brener,ca36633b80be4a78,Kaynan Kruschewsky,Elves Brener,48a9a128784d53d1
7c4ec656d8fcb867,6532b71560ae39e0,71171fc96445bf65,Vitor Petrino,476fe566d2df676e,Modestas Bukauskas,Vitor Petrino,71171fc96445bf65
7c4ec656d8fcb867,9e2bb8d5961b44d4,de594b35c45c2e9a,Eduarda Moura,1235b31de15d0c6e,Montserrat Conejo Ruiz,Eduarda Moura,de594b35c45c2e9a
7c4ec656d8fcb867,3c69bed42893da75,ec13c393d029297d,Kaue Fernandes,32c355b04fc57f3a,Marc Diakiese,Kaue Fernandes,ec13c393d029297d
7cf20446453f852b,7bfb92f7ea59dbbd,2fee10d5cf86bfca,Maia Stevenson,9673a497a9da119a,Polyana Viana,Polyana Viana,9673a497a9da119a
7cf20446453f852b,eb0f7127f22457e9,1bcaac2d99b90fce,Sergio Moraes,4b47e71384a9522f,Tim Means,Tim Means,4b47e71384a9522f
7cf20446453f852b,fa77134e0d90da3b,2f95a3c6d58b2aad,Iuri Alcantara,a4e85a58fbce64b2,Joe Soto,Iuri Alcantara,2f95a3c6d58b2aad
7cf20446453f852b,bc767f1eb6176dfb,dea070ed4a2a8281,Thiago Santos,d4c9dcd330403612,Anthony Smith,Thiago Santos,dea070ed4a2a8281
7cf20446453f852b,59b384dcc3ab49b2,cd7763bcadb5d4c8,Alan Patrick,38c626ca912c7bac,Damir Hadzovic,Alan Patrick,cd7763bcadb5d4c8
7cf20446453f852b,a0ec4eac058e6050,3a314d9fa7c6825d,Douglas Silva de Andrade,7c7332319c14094c,Marlon Vera,Marlon Vera,7c7332319c14094c
7cf20446453f852b,0da43c3ec0e11650,cc900af167fbedfd,Timothy Johnson,ac29d508d78384c9,Marcelo Golm,Timothy Johnson,cc900af167fbedfd
7cf20446453f852b,ee1c1e9037fee21e,e51fcd9cd84c0b93,Michel Prazeres,f046d724d2a84ac5,Desmond Green,Michel Prazeres,e51fcd9cd84c0b93
7cf20446453f852b,10f5bb70feb1df53,132deb59abae64b1,Valentina Shevchenko,b1e5bcaad32a3cac,Priscila Cachoeira,Valentina Shevchenko,132deb59abae64b1
7cf20446453f852b,420dd305cd1d062f,f7a7f7118d4b01b6,Lyoto Machida,cad24459b28592ca,Eryk Anders,Lyoto Machida,f7a7f7118d4b01b6
7cf20446453f852b,1fd5bf36c42ff1a2,aa72b0f831d0bfe5,Deiveson Figueiredo,2fe9032955c2e013,Joseph Morales,Deiveson Figueiredo,aa72b0f831d0bfe5
7d21de9c6d7c98b2,95c229097cd2d7c3,63def5a5662a6917,Junior Dos Santos,ebc1f40e00e0c481,Stefan Struve,Junior Dos Santos,63def5a5662a6917
7d21de9c6d7c98b2,995d42d9ff422ed1,427b5953ac8e3a27,Demian Maia,48d1f690b763934c,Chael Sonnen,Demian Maia,427b5953ac8e3a27
7d21de9c6d7c98b2,56aac937d9f1d13a,82e7929bf6c2b689,Diego Sanchez,79899ecf62020f6d,Joe Stevenson,Diego Sanchez,82e7929bf6c2b689
7d21de9c6d7c98b2,fd05ac3ac2f7d042,30a09e43f15f1d75,Paulo Thiago,dd37fd509af89f15,Josh Koscheck,Josh Koscheck,dd37fd509af89f15
7d21de9c6d7c98b2,c1b0670419fa0894,a8e6a69796280f17,Nate Marquardt,af5b208e97f5d382,Wilson Gouveia,Nate Marquardt,a8e6a69796280f17
7d21de9c6d7c98b2,9379672d351808a3,473ce3aa581251a2,Dan Hardy,23a16ebe733e3041,Rory Markham,Dan Hardy,473ce3aa581251a2
7d5b12de1625984e,5f4284409503d874,427b5953ac8e3a27,Demian Maia,f8dc544e7077d014,Jorge Santiago,Demian Maia,427b5953ac8e3a27
7d5b12de1625984e,9274af24eb96e4b1,46baf0f57edfa4df,Joey Beltran,d28dee5c705991df,Stipe Miocic,Stipe Miocic,d28dee5c705991df
7d5b12de1625984e,63ee688385bf7c69,48d1f690b763934c,Chael Sonnen,579fcdfcabd23a7b,Brian Stann,Chael Sonnen,48d1f690b763934c
7d5b12de1625984e,a369d5ca5aef8b25,ccd1299e0345e0ce,Melvin Guillard,3bad7ef643840f67,Joe Lauzon,Melvin Guillard,ccd1299e0345e0ce
7d5b12de1625984e,80538f958af30aa0,917e53fa0adea0d3,Leonard Garcia,80dbeb1dd5b53e64,Nam Phan,Nam Phan,80dbeb1dd5b53e64
7d5b12de1625984e,8a660069ae42edc2,f2688492b9a525a3,Frankie Edgar,7d96bc577e5178b2,Gray Maynard,Gray Maynard,7d96bc577e5178b2
7d5b12de1625984e,a730a20ab0c61499,c23e3d4875340d8d,Zhang Tiequan,92a9aa9c93192871,Darren Elkins,Darren Elkins,92a9aa9c93192871
7d5b12de1625984e,14b450e4ff3c5b97,f1f9e48a0d150757,Steve Cantwell,5b2d7906aa894274,Mike Massenzio,Mike Massenzio,5b2d7906aa894274
7d5b12de1625984e,b16534d6bb279b2a,d5f820c11a121050,Aaron Simpson,f59f1d3a2ff13edd,Eric Schafer,Aaron Simpson,d5f820c11a121050
7d5b12de1625984e,24d92c89c893db42,cbb682f5fcc44bfc,Anthony Pettis,18968f97ad34f15c,Jeremy Stephens,Anthony Pettis,cbb682f5fcc44bfc
7d5b12de1625984e,21d2958e13389511,d0f3959b4a9747e6,Jose Aldo,cb139171ed1b69fe,Kenny Florian,Jose Aldo,d0f3959b4a9747e6
7dcf06c1967801c1,2a2b00e9bfd089cc,f14cf73e51b29254,Sergei Pavlovich,ac29d508d78384c9,Marcelo Golm,Sergei Pavlovich,f14cf73e51b29254
7dcf06c1967801c1,103a7d8c4f17714b,275aca31f61ba28c,Islam Makhachev,eae48ff31db420c2,Arman Tsarukyan,Islam Makhachev,275aca31f61ba28c
7dcf06c1967801c1,e458ace6a440b738,4e06913c91da5200,Krzysztof Jotko,70fa1c64a2c439ef,Alen Amedovski,Krzysztof Jotko,4e06913c91da5200
7dcf06c1967801c1,470a3c1b89504258,b4ad3a06ee4d660c,Alistair Overeem,98c23cb6da5b3352,Aleksei Oleinik,Alistair Overeem,b4ad3a06ee4d660c
7dcf06c1967801c1,a40c70d5a1a1be01,4498b382c65a7faa,Roxanne Modafferi,d7338bcb141abd2c,Antonina Shevchenko,Antonina Shevchenko,d7338bcb141abd2c
7dcf06c1967801c1,23ba354e606df0ac,e70de1859b7ee78e,Sultan Aliev,65ddc8a9ac4e8531,Keita Nakamura,Keita Nakamura,65ddc8a9ac4e8531
7dcf06c1967801c1,75bc89630027c601,31d7446b184e3305,Magomed Mustafaev,c814b4c899793af6,Rafael Fiziev,Rafael Fiziev,c814b4c899793af6
7dcf06c1967801c1,0bc7e4852f75a06d,c9cf753cfdf77fc2,Marcin Tybura,2f5cbecbbe18bac4,Shamil Abdurakhimov,Marcin Tybura,c9cf753cfdf77fc2
7dcf06c1967801c1,56f984ac83fb34cc,af997f7611673880,Gadzhimurad Antigulov,0d65c432720accb9,Michal Oleksiejczuk,Michal Oleksiejczuk,0d65c432720accb9
7dcf06c1967801c1,d9a797f632686568,d06f8869449ba7bd,Alexander Yakovlev,c3ded6f7155f9ea4,Alex Da Silva,Alex Da Silva,c3ded6f7155f9ea4
7dcf06c1967801c1,1b4374c9d7e5139c,76e2870ffafbe38f,Movsar Evloev,a68575214ecad140,SeungWoo Choi,Movsar Evloev,76e2870ffafbe38f
805ad1801eb26abb,ba6093c9136f99e9,1eff7bc0f815b270,Yorgan De Castro,a2ea77e974c5889f,Carlos Felipe,Carlos Felipe,a2ea77e974c5889f
805ad1801eb26abb,c00a8682fb5b71bd,60425d07ef4b91a7,Kyler Phillips,5f3da9a9610d8969,Cameron Else,Kyler Phillips,60425d07ef4b91a7
805ad1801eb26abb,24ff0bb908095565,f9f07bb5a43535ed,Carlos Condit,523fa774700d7d3f,Court McGee,Carlos Condit,f9f07bb5a43535ed
805ad1801eb26abb,15a422574c3b89e1,e26bd53b751d61d9,Jordan Williams,881bf86d4cba8578,Nassourdine Imavov,Nassourdine Imavov,881bf86d4cba8578
805ad1801eb26abb,1e7caef3f6dfde10,3f7dab21b6c971bc,Dequan Townsend,866fd7b1a6c90e7f,Dusko Todorovic,Dusko Todorovic,866fd7b1a6c90e7f
805ad1801eb26abb,87105c63df95f929,4e30e4250cb08b61,Loma Lookboonmee,d05cb1e8d1b885d8,Jinh Yu Frey,Loma Lookboonmee,4e30e4250cb08b61
805ad1801eb26abb,ac6b2a5f24c2b8bd,e7bba7ce4d6c7b07,Casey Kenney,1897b7b913736a7c,Alatengheili,Casey Kenney,e7bba7ce4d6c7b07
805ad1801eb26abb,81b16b26774be5d1,1d239d571e342453,Germaine de Randamie,3253b16d38ae087d,Julianna Pena,Julianna Pena,3253b16d38ae087d
805ad1801eb26abb,d866afa89d62a4ae,2f1a257d6777096d,Luigi Vendramini,6eaec40f724852f4,Jessin Ayari,Luigi Vendramini,2f1a257d6777096d
805ad1801eb26abb,0005e00b07cee542,634e2fb70bde3fd5,Holly Holm,578ef12674df1e6a,Irene Aldana,Holly Holm,634e2fb70bde3fd5
806975e1b4f47b27,d6357dab7ccdf2db,441eacbe20e0e80b,Augusto Sakai,1a9480fc288e55d7,Don'Tale Mayes,Augusto Sakai,441eacbe20e0e80b
806975e1b4f47b27,63670e1b8f164d4a,6d68c1afe954f121,Ode Osbourne,814e5233e2acf2ee,Charles Johnson,Charles Johnson,814e5233e2acf2ee
806975e1b4f47b27,faac24c1b3d6368a,a9e260472d321361,Jasmine Jasudavicius,a6eb54ae17a551be,Gabriella Fernandes,Jasmine Jasudavicius,a9e260472d321361
806975e1b4f47b27,5737084215c45792,b08012bbe542592a,Tatiana Suarez,80d8aed0ca9b00f3,Montana De La Rosa,Tatiana Suarez,b08012bbe542592a
806975e1b4f47b27,2ba11e0bf32829d6,886264a0c9f4ea5e,Andre Muniz,2f181c0467965b98,Brendan Allen,Brendan Allen,2f181c0467965b98
806975e1b4f47b27,00a94d5fc7ce55cf,dd6103dd7127db1d,Mike Malott,f998f5c102250d6e,Yohan Lainesse,Mike Malott,dd6103dd7127db1d
806975e1b4f47b27,83fa3a382acc7bdc,a2ccf35a88346a91,Erick Gonzalez,0bc697c5936a2d0a,Trevor Peek,Trevor Peek,0bc697c5936a2d0a
806975e1b4f47b27,a7f66f13f953352f,ac026518a9b4dc0f,Jordan Leavitt,3e708ce33b6b18e6,Victor Martinez,Jordan Leavitt,ac026518a9b4dc0f
806975e1b4f47b27,02615499125b4b5d,029afd138865d20a,Rafael Alves,ca28cdf526d6b6e9,Nurullo Aliev,Nurullo Aliev,ca28cdf526d6b6e9
806975e1b4f47b27,12d9b4a3931be5ec,af65aa688d13eedf,Joe Solecki,914a897455693650,Carl Deaton,Joe Solecki,af65aa688d13eedf
80d918336163b80c,2f0bfdc3c325662d,f1b2aa7853d1ed6e,Kamaru Usman,f1fac969a1d70b08,Leon Edwards,Kamaru Usman,f1b2aa7853d1ed6e
80d918336163b80c,b26ec098a5a57401,36df8e119aec6175,Sarah Kaufman,132deb59abae64b1,Valentina Shevchenko,Valentina Shevchenko,132deb59abae64b1
80d918336163b80c,7c883cf0b5eedc59,9deff9e3e8d94d47,Josh Samman,eff47295daf721a6,Tamdan McCrory,Josh Samman,9deff9e3e8d94d47
80d918336163b80c,3fc9fea36fc7ec37,5d7bdab5e03e3216,CB Dollaway,a8e6a69796280f17,Nate Marquardt,Nate Marquardt,a8e6a69796280f17
80d918336163b80c,164f56eb25d6a9b4,07225ba28ae309b6,Charles Oliveira,08e908ed6d18d6a0,Myles Jury,Charles Oliveira,07225ba28ae309b6
80d918336163b80c,4942323a5d5a6594,511e82663651438d,Michael Johnson,8355922d564b152c,Nate Diaz,Nate Diaz,8355922d564b152c
80d918336163b80c,95ead23dc0c73285,4a57ebb14315b251,Randa Markos,d7c3816669784109,Karolina Kowalkiewicz,Karolina Kowalkiewicz,d7c3816669784109
80d918336163b80c,1f0254eeb2025e4f,63def5a5662a6917,Junior Dos Santos,b4ad3a06ee4d660c,Alistair Overeem,Junior Dos Santos,63def5a5662a6917
80d918336163b80c,0ad5c6752e679de5,6fb1ba67bef41b37,Nik Lentz,d1e7fc58d4225cdf,Danny Castillo,Nik Lentz,6fb1ba67bef41b37
80d918336163b80c,81f287d035190506,6a2f7c151031653d,Rafael Dos Anjos,1d00756835ca67c9,Donald Cerrone,Donald Cerrone,1d00756835ca67c9
80d918336163b80c,f7fd4b82e827c9c4,8d03ce87ca14e778,Francis Ngannou,e5bda12faabfc850,Luis Henrique,Francis Ngannou,8d03ce87ca14e778
80dbeb1dd5b53e64,426e7a3de68117b0,06734ca9d88dec3a,Shara Magomedov,a67d071163962af8,Michael Page,Shara Magomedov,06734ca9d88dec3a
80dbeb1dd5b53e64,70b8dca3addcf4de,0fd5f4b838e890cc,Said Nurmagomedov,18d01f7f8338ae72,Vinicius Oliveira,Vinicius Oliveira,18d01f7f8338ae72
80dbeb1dd5b53e64,984ce1062186f3ce,3329d692aea4dc28,Hamdy Abdelwahab,f41b9f5efc7162d6,Jamal Pogues,Hamdy Abdelwahab,3329d692aea4dc28
80dbeb1dd5b53e64,750257171ad29a2c,fb37795db81f93f3,Bogdan Grad,11583163f45c7b31,Lucas Alexander,Bogdan Grad,fb37795db81f93f3
80dbeb1dd5b53e64,85e79748b75eb30e,1338e2c7480bdf9e,Israel Adesanya,881bf86d4cba8578,Nassourdine Imavov,Israel Adesanya,1338e2c7480bdf9e
80dbeb1dd5b53e64,e97e71a593e4c28d,809bd1a871491508,Terrance McKinney,38c626ca912c7bac,Damir Hadzovic,Terrance McKinney,809bd1a871491508
80dbeb1dd5b53e64,91bf33ada75d6061,a9e260472d321361,Jasmine Jasudavicius,cc8c623cca88f54f,Mayra Bueno Silva,Jasmine Jasudavicius,a9e260472d321361
80dbeb1dd5b53e64,43bbaf06603b0f0c,6747ccd6d1acd266,Shamil Gaziev,764d39074a352e33,Thomas Petersen,Shamil Gaziev,6747ccd6d1acd266
80dbeb1dd5b53e64,3c00f34f20c8a189,f14cf73e51b29254,Sergei Pavlovich,2cd428e9606856fd,Jairzinho Rozenstruik,Sergei Pavlovich,f14cf73e51b29254
80dbeb1dd5b53e64,940f586104bf8bc8,8d11d9c13e2ccdf7,Muhammad Naimov,7facc9c45d792985,Kaan Ofli,Muhammad Naimov,8d11d9c13e2ccdf7
80dbeb1dd5b53e64,775788423f5eeb99,1e4f273069fb9e85,Fares Ziam,fb3e61720be4690c,Mike Davis,Fares Ziam,1e4f273069fb9e85
80eacd4da0617c57,8cc4c597aecbfef5,040a74bb0a465c54,Arnold Allen,c07efc18b231f170,Jordan Rinaldi,Arnold Allen,040a74bb0a465c54
80eacd4da0617c57,826fb989c0e6208e,0845c81e37d3bcb3,Volkan Oezdemir,2e19380f34871c6a,Dominick Reyes,Dominick Reyes,2e19380f34871c6a
80eacd4da0617c57,c6dd17ab89437805,9ce6d5a03af801b7,Darren Till,47b9e0e7703a4868,Jorge Masvidal,Darren Till,9ce6d5a03af801b7
80eacd4da0617c57,a2f4acc81f7886a2,51018a31ddf31eb2,Molly McCann,b1e5bcaad32a3cac,Priscila Cachoeira,Molly McCann,51018a31ddf31eb2
80eacd4da0617c57,e068f14acd47ed69,f1fac969a1d70b08,Leon Edwards,fd55393021a8c255,Gunnar Nelson,Leon Edwards,f1fac969a1d70b08
80eacd4da0617c57,437c6e18f41287f1,045f25b3a4c08e81,Jack Marshman,e9ac7bfb65c25497,John Phillips,Jack Marshman,045f25b3a4c08e81
80eacd4da0617c57,40687c9412e0c279,329e403448756217,Nathaniel Wood,36549928f90f1d36,Jose Quinonez,Nathaniel Wood,329e403448756217
80eacd4da0617c57,6ada4f4286e4261d,8c57c7b8c3bab0eb,Nicolae Negumereanu,88d7b6d8230e1f3f,Saparbeg Safarov,Nicolae Negumereanu,8c57c7b8c3bab0eb
80eacd4da0617c57,8a8190f3f71408a4,a6cba6bb66c1a8c9,Danny Roberts,6f7c616b98e18c29,Claudio Silva,Claudio Silva,6f7c616b98e18c29
80eacd4da0617c57,9763e27bf80abe42,56fcb2c4d99f9d1b,Mike Grundy,776a58a67665a171,Nad Narimani,Mike Grundy,56fcb2c4d99f9d1b
80eacd4da0617c57,bcef35d6e0964f01,f7d73e452b064bf2,Danny Henry,82a5152216251682,Dan Ige,Dan Ige,82a5152216251682
80eacd4da0617c57,44ab00737c3fb890,32c355b04fc57f3a,Marc Diakiese,654ae722109a0d31,Joe Duffy,Marc Diakiese,32c355b04fc57f3a
81b57acd6975ac06,3eac2d47ac252f4b,262a7d06203657e6,Alexander Hernandez,d945aae53e3e54e6,Thiago Moises,Thiago Moises,d945aae53e3e54e6
81b57acd6975ac06,6a0341234ecc4e87,7aa3d6964eff4877,Alex Caceres,35b3772629e27a49,Kevin Croom,Alex Caceres,7aa3d6964eff4877
81b57acd6975ac06,c2ee423d1f0b4f6f,6bd02119599741a4,Pedro Munhoz,9c907996820d2d69,Jimmie Rivera,Jimmie Rivera,9c907996820d2d69
81b57acd6975ac06,11a83369d49ad138,ed2a8cc402173781,Vince Cachero,e7e01e266a9d4342,Ronnie Lawrence,Ronnie Lawrence,e7e01e266a9d4342
81b57acd6975ac06,a7315147a7022a93,4c2d90e335e6df19,Alexis Davis,70d2329a92864fdb,Sabina Mazo,Sabina Mazo,70d2329a92864fdb
81b57acd6975ac06,3a4e2dffcdd1c838,1091d4d957141094,Nikita Krylov,d802174b0c0c1f4e,Magomed Ankalaev,Magomed Ankalaev,d802174b0c0c1f4e
81b57acd6975ac06,bc86601cf781a89c,e4277e87a789d687,Dustin Jacoby,950d0ef5c17157c5,Maxim Grishin,Dustin Jacoby,e4277e87a789d687
81b57acd6975ac06,4a704dae3091adaf,2cd428e9606856fd,Jairzinho Rozenstruik,787bb1f087ccff8a,Ciryl Gane,Ciryl Gane,787bb1f087ccff8a
81ca2c245b19b3c5,aa232e53d285cc6d,1bcaac2d99b90fce,Sergio Moraes,8f6a18831a120817,James Krause,James Krause,8f6a18831a120817
81ca2c245b19b3c5,094790e50afae55e,1ae8f3c723aacff4,Ricardo Ramos,7bde387d50829adf,Eduardo Garagorri,Ricardo Ramos,1ae8f3c723aacff4
81ca2c245b19b3c5,1800ffbb34ac7ed8,6551c64fbcd1a467,Ariane da Silva,e0f959f65d0406b4,Isabela de Padua,Ariane da Silva,6551c64fbcd1a467
81ca2c245b19b3c5,c04274c8caa505dd,99df7d0a2a08a8a8,Jan Blachowicz,7a703c565ccaa18f,Jacare Souza,Jan Blachowicz,99df7d0a2a08a8a8
81ca2c245b19b3c5,e6a0f19af995c432,d317a5e2b3f88c5f,Warlley Alves,c6aee362c7a7d482,Randy Brown,Randy Brown,c6aee362c7a7d482
81ca2c245b19b3c5,18e1b0df8da7010e,9b7dfb3b7d99926a,Vanessa Melo,68d4a891e5cf2029,Tracy Cortez,Tracy Cortez,68d4a891e5cf2029
81ca2c245b19b3c5,22307b580e0c8d0d,a8283a4f415e1eb9,Francisco Trinaldo,887961364be5ceb3,King Green,Francisco Trinaldo,a8283a4f415e1eb9
81ca2c245b19b3c5,57b111b54a2d2323,61fb8098ccf81c7f,Antonio Arroyo,886264a0c9f4ea5e,Andre Muniz,Andre Muniz,886264a0c9f4ea5e
81ca2c245b19b3c5,7afe2a15ae7359e9,07225ba28ae309b6,Charles Oliveira,7026eca45f65377b,Jared Gordon,Charles Oliveira,07225ba28ae309b6
81ca2c245b19b3c5,9e1ecdb9a8856a8c,2ac4628c08ec5125,Markus Perez,4dcfb28c011c11b2,Wellington Turman,Wellington Turman,4dcfb28c011c11b2
81ca2c245b19b3c5,80ce8f7d988d5e57,3a314d9fa7c6825d,Douglas Silva de Andrade,2c99576fefe53c7c,Renan Barao,Renan Barao,2c99576fefe53c7c
81ddc98fceb30086,54fa6e32330a8cca,d945aae53e3e54e6,Thiago Moises,cfc3e7bb44685289,Trey Ogden,Trey Ogden,cfc3e7bb44685289
81ddc98fceb30086,b33e3a6d15700bb1,e4faa79383c9f214,Ernesta Kareckaite,fc0a4053eb8a3a59,Nicolle Caliari,Ernesta Kareckaite,e4faa79383c9f214
81ddc98fceb30086,58eda5a58a89f739,9fe7af8b3fbe00a0,Preston Parsons,85497ffd934ecf7e,Jacobe Smith,Jacobe Smith,85497ffd934ecf7e
81ddc98fceb30086,817cd15077a9419e,6e344b71421103da,Magomed Gadzhiyasulov,0abcf6bc47191219,Bruno Lopes,Magomed Gadzhiyasulov,6e344b71421103da
81ddc98fceb30086,f01851055b8309e0,745fa7b605f8e2da,Fatima Kline,6c9b66b43663f2f7,Viktoriia Dudakova,Fatima Kline,745fa7b605f8e2da
81ddc98fceb30086,8a3281b0d7c168af,84f727cf0166d6f2,Jose Johnson,53c10176e3bc7416,Felipe Bunes,Felipe Bunes,53c10176e3bc7416
81ddc98fceb30086,32cc31b76b32ade1,64facb6cc564262d,Punahele Soriano,681399317dbf4701,Uros Medic,Uros Medic,681399317dbf4701
81ddc98fceb30086,a2a5809ed8a01b45,64d47ef881a437a4,Cesar Almeida,eae431e70064e046,Abdul Razak Alhassan,Cesar Almeida,64d47ef881a437a4
81ddc98fceb30086,aa38e39397dbea72,5442f1bc4b47eaf3,Chris Curtis,9d83f6da776ff7d6,Roman Kopylov,Roman Kopylov,9d83f6da776ff7d6
81ddc98fceb30086,8d68863242695224,9384e71bca6c409d,Marco Tulio,260bd4cef10b033f,Ihor Potieria,Marco Tulio,9384e71bca6c409d
81ddc98fceb30086,f46308108eb9261a,7447e9f28508106a,Mackenzie Dern,beecb672a279223e,Amanda Ribas,Mackenzie Dern,7447e9f28508106a
81ddc98fceb30086,192619174bd1ad77,ca28cdf526d6b6e9,Nurullo Aliev,af65aa688d13eedf,Joe Solecki,Nurullo Aliev,ca28cdf526d6b6e9
81ddc98fceb30086,03c1865919daeaa4,5ec591b78349ba7e,Christian Rodriguez,d3f89fa685bd8420,Austin Bashi,Christian Rodriguez,5ec591b78349ba7e
81ddc98fceb30086,ce4fc800a7456d18,6d1bffff14897645,Santiago Ponzinibbio,a53d30163304aa6e,Carlston Harris,Santiago Ponzinibbio,6d1bffff14897645
8215e4fe24e8e81b,4caa0dcdaa253612,2844b047183a1adb,Luis Pena,f75c5ca0d91b9115,Richie Smullen,Luis Pena,2844b047183a1adb
8215e4fe24e8e81b,674f3fa16e717ff1,7aa3d6964eff4877,Alex Caceres,9c44f290f5726d95,Martin Bravo,Alex Caceres,7aa3d6964eff4877
8215e4fe24e8e81b,4d549f33c0711a7a,0b8d512c79b4baf3,Matt Bessette,b93c06d09d1c4ac0,Steven Peterson,Steven Peterson,b93c06d09d1c4ac0
8215e4fe24e8e81b,760b90b0805e0fbf,77d7295d1b22c694,Alessio Di Chirico,d0e1b42d41dab603,Julian Marquez,Alessio Di Chirico,77d7295d1b22c694
8215e4fe24e8e81b,7c2b219fe208c565,4498b382c65a7faa,Roxanne Modafferi,472f6f6e6d962f40,Barb Honchak,Roxanne Modafferi,4498b382c65a7faa
8215e4fe24e8e81b,1d8e2e8e3bd28cad,5bf31a46becc1204,Michael Trizano,946db8a378903cc3,Joe Giannetti,Michael Trizano,5bf31a46becc1204
8215e4fe24e8e81b,247f9e56965a1c07,0c6d9ea8306c029e,Brad Tavares,1338e2c7480bdf9e,Israel Adesanya,Israel Adesanya,1338e2c7480bdf9e
8215e4fe24e8e81b,363b72bf7f75091c,6ac9bc2953c47345,Gerald Meerschaert,1cf7ccf64a5bf24e,Oskar Piechota,Gerald Meerschaert,6ac9bc2953c47345
8215e4fe24e8e81b,ca3963b76a38c408,f5f6419c5f00abad,Tyler Diamond,d9c6f19f958643e9,Bryce Mitchell,Bryce Mitchell,d9c6f19f958643e9
8215e4fe24e8e81b,9fc03704a10977b3,3956bdc8ab2e54b3,John Gunther,523af801b3429015,Allan Zuniga,Allan Zuniga,523af801b3429015
8215e4fe24e8e81b,b3caae587e956f54,80d8aed0ca9b00f3,Montana De La Rosa,01784fbc27c68b14,Rachael Ostovich,Montana De La Rosa,80d8aed0ca9b00f3
821cd80aab70d5f9,ccac56928fc2b40b,6f018c039b4d5d80,Jon Fitch,236a37d96d476164,Mike Pierce,Jon Fitch,6f018c039b4d5d80
821cd80aab70d5f9,a9bc7915974b7d15,1ff9589f9065a9ed,Frank Mir,1eacf73d6a0055dc,Cheick Kongo,Cheick Kongo,1eacf73d6a0055dc
821cd80aab70d5f9,9172138df0d70cb0,cb139171ed1b69fe,Kenny Florian,c47df9303d318c67,Clay Guida,Kenny Florian,cb139171ed1b69fe
821cd80aab70d5f9,a29236fcb395f443,ebc1f40e00e0c481,Stefan Struve,f0abbb6f3444dae7,Paul Buentello,Stefan Struve,ebc1f40e00e0c481
821cd80aab70d5f9,8e9f2b82a7b87778,eb29176b03dfa888,Matt Wiman,2db7fa8db6bc9632,Shane Nelson,Matt Wiman,eb29176b03dfa888
821cd80aab70d5f9,483d934c46351c78,322a56923b396b4d,DaMarques Johnson,8d49545dadf9b919,Edgar Garcia,DaMarques Johnson,322a56923b396b4d
821cd80aab70d5f9,7f9a1b6d83d08c42,4130a743d9d22163,Alan Belcher,af5b208e97f5d382,Wilson Gouveia,Alan Belcher,4130a743d9d22163
821cd80aab70d5f9,afd5e85676eb697d,0941df56f6ac954b,Johny Hendricks,e9e1acc96536bb4f,Ricardo Funch,Johny Hendricks,0941df56f6ac954b
821cd80aab70d5f9,f6d078e9fe7d17c8,73c7cfa551289285,BJ Penn,82e7929bf6c2b689,Diego Sanchez,Diego Sanchez,82e7929bf6c2b689
821cd80aab70d5f9,7e50ae4dbdd380a1,a26198ba5093147e,TJ Grant,a6d8bfe9e0c8153b,Kevin Burns,TJ Grant,a26198ba5093147e
82f5c81f4e3c3eb5,1b52b08f195581ad,6a1901c62ab3870f,Jessica Andrade,fc169c387b4b465d,Raquel Pennington,Raquel Pennington,fc169c387b4b465d
82f5c81f4e3c3eb5,777df8b5e28f42ff,cc900c6a71ed23f3,Clay Collard,8ce87f7e3a9baed2,Tiago dos Santos e Silva,Clay Collard,cc900c6a71ed23f3
82f5c81f4e3c3eb5,6f5f4b256f643ffb,3738e68d2261e60f,Andrei Arlovski,1ff9589f9065a9ed,Frank Mir,Andrei Arlovski,3738e68d2261e60f
82f5c81f4e3c3eb5,4496c2fa6aaccba6,8a304bfd6bf04a57,Demetrious Johnson,99506df1af6c8b3b,John Dodson,Demetrious Johnson,8a304bfd6bf04a57
82f5c81f4e3c3eb5,7e1ae27779ac6ba5,99df7d0a2a08a8a8,Jan Blachowicz,5e4eec08896c9423,Corey Anderson,Jan Blachowicz,99df7d0a2a08a8a8
82f5c81f4e3c3eb5,05d2534e0f2d5042,4d5197f331c47290,Paige VanZant,26b63bc5c0c1f65d,Alex Chambers,Paige VanZant,4d5197f331c47290
82f5c81f4e3c3eb5,e0f8e1e8cbdd63da,365fee2da473b177,Anthony Johnson,1e1dbd1cc5a7469e,Jimi Manuwa,Anthony Johnson,365fee2da473b177
82f5c81f4e3c3eb5,52f0398eb74c139d,7ea4a9f07df33a45,Francisco Rivera,c268b2cfebccf652,John Lineker,John Lineker,c268b2cfebccf652
82f5c81f4e3c3eb5,0449c55a8c24a59e,4f732e58ed907eff,Ross Pearson,e5010b1b94ca5755,Paul Felder,Paul Felder,e5010b1b94ca5755
82f5c81f4e3c3eb5,86afc59ec117c1ba,d512d9f204059f57,Joe Riggs,6dd758d34da8d254,Ron Stallings,Joe Riggs,d512d9f204059f57
831b937811804dad,ca531425f5c042db,dc9572dd6ec74859,Colby Covington,effd9de9937996f8,Tyron Woodley,Colby Covington,dc9572dd6ec74859
831b937811804dad,498766b46b8b4a7f,767755fd74662dbf,Khamzat Chimaev,6ac9bc2953c47345,Gerald Meerschaert,Khamzat Chimaev,767755fd74662dbf
831b937811804dad,1a484c452623181e,c21f26bbde777573,Johnny Walker,a67f5afa8d6a1b80,Ryan Spann,Ryan Spann,a67f5afa8d6a1b80
831b937811804dad,78c3ca588e55bf31,3a46b268013afede,Kevin Holland,a17ad5a5048e8c3f,Darren Stewart,Kevin Holland,3a46b268013afede
831b937811804dad,36807d8a7ebc84a5,215a70f073a7b726,Jordan Espinosa,9ada30894bf04e19,David Dvorak,David Dvorak,9ada30894bf04e19
831b937811804dad,aa08ebe1a69c76ca,cbd3e590a85b18c5,Mirsad Bektic,29af297d9f1de0f8,Damon Jackson,Mirsad Bektic,cbd3e590a85b18c5
831b937811804dad,bf614956b28f231c,6c8072b61c276e67,Jessica-Rose Clark,49b130de1da2e1bf,Sarah Alpar,Jessica-Rose Clark,6c8072b61c276e67
831b937811804dad,859ca56770ac7672,7447e9f28508106a,Mackenzie Dern,4a57ebb14315b251,Randa Markos,Mackenzie Dern,7447e9f28508106a
831b937811804dad,3a38b0b566f3045d,5f6f049d54728e88,Andre Ewell,06a80a685ea98573,Irwin Rivera,Irwin Rivera,06a80a685ea98573
831b937811804dad,4f3cd94861c6a876,cc8c623cca88f54f,Mayra Bueno Silva,82cbb809d5ee565c,Mara Romero Borella,Mayra Bueno Silva,cc8c623cca88f54f
831b937811804dad,42ecb9a94bebc24d,78f485f851891d68,Journey Newson,325ad0dd9126d3df,Randy Costa,Randy Costa,325ad0dd9126d3df
831b937811804dad,579f3280456ad450,6e00cfffd54653c4,Tyson Nam,c9587d81e1d33925,Jerome Rivera,Tyson Nam,6e00cfffd54653c4
831b937811804dad,36656dfa32341671,34e516ab361afb1c,Darrick Minner,cd2e5a390821fb48,TJ Laramie,Darrick Minner,34e516ab361afb1c
8377c5572cb356f3,53d2a57daaae700b,b0550072e5f0afa7,Yoshihiro Akiyama,fe435e440b5de0ff,Jake Shields,Jake Shields,fe435e440b5de0ff
8377c5572cb356f3,319053a9de63ab85,eef9b891edbd4604,Mark Hunt,1eacf73d6a0055dc,Cheick Kongo,Mark Hunt,eef9b891edbd4604
8377c5572cb356f3,7c307d98ed135d32,ffc088e64fab57e9,Quinton Jackson,c0ab242c40decc55,Ryan Bader,Ryan Bader,c0ab242c40decc55
8377c5572cb356f3,a196dce12754e34e,4834ff149dc9542a,Norifumi Yamamoto,8bb6f4479685bbcc,Vaughan Lee,Vaughan Lee,8bb6f4479685bbcc
8377c5572cb356f3,3101c8d54df53e27,48e093ea1f43a053,Takeya Mizugaki,b2e3aca4cd363477,Chris Cariaso,Takeya Mizugaki,48e093ea1f43a053
8377c5572cb356f3,fb57dcc651894ae9,7c35f869033901ae,Riki Fukuda,f1f9e48a0d150757,Steve Cantwell,Riki Fukuda,7c35f869033901ae
8377c5572cb356f3,84e800acc2aacd8e,c23e3d4875340d8d,Zhang Tiequan,57bf89d42364d39e,Issei Tamura,Issei Tamura,57bf89d42364d39e
8377c5572cb356f3,6bcf5381dd8de85b,ef7fa30364cbe7f2,Hatsu Hioki,4304992c2acc187b,Bart Palaszewski,Hatsu Hioki,ef7fa30364cbe7f2
8377c5572cb356f3,9b4bff38430a01eb,cbb682f5fcc44bfc,Anthony Pettis,3bad7ef643840f67,Joe Lauzon,Anthony Pettis,cbb682f5fcc44bfc
8377c5572cb356f3,eac1c31f1b3d11f3,acff437707625fc7,Yushin Okami,c80095f6092271a7,Tim Boetsch,Yushin Okami,acff437707625fc7
8377c5572cb356f3,43b494c32b7f18cb,f2688492b9a525a3,Frankie Edgar,2676b28836a5a836,Benson Henderson,Benson Henderson,2676b28836a5a836
83c6c3e0f8bde8ee,e830cb1df07f3466,acff437707625fc7,Yushin Okami,db1f2ed63b54b9a7,Hector Lombard,Yushin Okami,acff437707625fc7
83c6c3e0f8bde8ee,e2b547e64f6532bb,a1f6999fe57236e0,Wanderlei Silva,579fcdfcabd23a7b,Brian Stann,Brian Stann,579fcdfcabd23a7b
83c6c3e0f8bde8ee,e0bdef2580715030,9bcf8603ceb25680,Dong Hyun Kim,aec185309b4843d0,Siyar Bahadurzada,Dong Hyun Kim,9bcf8603ceb25680
83c6c3e0f8bde8ee,c996b2ff10a915b1,ebc1f40e00e0c481,Stefan Struve,eef9b891edbd4604,Mark Hunt,Stefan Struve,ebc1f40e00e0c481
83c6c3e0f8bde8ee,8666332154fc6f4a,ff4c3ab594c7fac3,Cristiano Marcello,c4af2feb4b58bc3b,Kazuki Tokudome,Kazuki Tokudome,c4af2feb4b58bc3b
83c6c3e0f8bde8ee,7af713ee9e3006eb,48e093ea1f43a053,Takeya Mizugaki,5ef0088c1b19beeb,Bryan Caraway,Takeya Mizugaki,48e093ea1f43a053
83c6c3e0f8bde8ee,1acde2739237c4f8,3be081c29bf734d9,Takanori Gomi,82e7929bf6c2b689,Diego Sanchez,Diego Sanchez,82e7929bf6c2b689
83c6c3e0f8bde8ee,1dcc880fc80e6332,35faad160d346839,Mizuto Hirota,94527830000ab715,Rani Yahya,Rani Yahya,94527830000ab715
83c6c3e0f8bde8ee,68e1a69423360900,0c9c0a43d3f3f49d,Marcelo Guimaraes,203c957eac95dd87,Hyun Gyu Lim,Hyun Gyu Lim,203c957eac95dd87
83c6c3e0f8bde8ee,c79c00f5443c2f6e,7c35f869033901ae,Riki Fukuda,0c6d9ea8306c029e,Brad Tavares,Brad Tavares,0c6d9ea8306c029e
83d0de122f2f9664,39be68189f2d5074,d1941565abf50b16,Jim Miller,7abe471b61725980,Fabricio Camoes,Jim Miller,d1941565abf50b16
83d0de122f2f9664,a6e494c82d136172,fc31f896cde2bc2e,John Howard,aec185309b4843d0,Siyar Bahadurzada,Siyar Bahadurzada,aec185309b4843d0
83d0de122f2f9664,11706648d34ff3e8,d43a048a880efdff,Chris Leben,65578a75fa7900e3,Uriah Hall,Uriah Hall,65578a75fa7900e3
83d0de122f2f9664,2a17686c6b5f334e,3a8176e15b9887c1,Chris Weidman,1f454354805b6f75,Anderson Silva,Anderson Silva,1f454354805b6f75
83d0de122f2f9664,49c0071ae52fc83a,ed74afc8b5b47a61,William Macario,fb8a3025ae722e64,Bobby Voelker,William Macario,ed74afc8b5b47a61
83d0de122f2f9664,a060b6b0dfe275b7,ad3f53c454cbbead,Josh Barnett,3236bf606fe9fa5b,Travis Browne,Josh Barnett,ad3f53c454cbbead
83d0de122f2f9664,315968a74789600a,8bdac25ce0bb874d,Ronda Rousey,b96619b3acd7d9da,Miesha Tate,Ronda Rousey,8bdac25ce0bb874d
83d0de122f2f9664,5e4f358e0bcc2f15,029eaff01e6bb8f0,Dustin Poirier,c2e3e67b5911bfb7,Diego Brandao,Dustin Poirier,029eaff01e6bb8f0
83d0de122f2f9664,b1fd21231f0604e1,75e5fec9f72910ef,Gleison Tibau,511e82663651438d,Michael Johnson,Gleison Tibau,75e5fec9f72910ef
83fd97284f4bb4a4,8f4a445ccb548f15,10f3ba6cd2f44a97,Dominick Cruz,78114b7199cef90c,Urijah Faber,Dominick Cruz,10f3ba6cd2f44a97
83fd97284f4bb4a4,d5d6ae85ebcfd160,f9f07bb5a43535ed,Carlos Condit,9bcf8603ceb25680,Dong Hyun Kim,Dong Hyun Kim,9bcf8603ceb25680
83fd97284f4bb4a4,ec20620c294a49a4,0c6d9ea8306c029e,Brad Tavares,d5f820c11a121050,Aaron Simpson,Brad Tavares,0c6d9ea8306c029e
83fd97284f4bb4a4,a0d1be5413e301dd,b26d3e3746fb4024,Brian Bowles,48e093ea1f43a053,Takeya Mizugaki,Takeya Mizugaki,48e093ea1f43a053
83fd97284f4bb4a4,65171ae917df102f,896c322f56b8be5a,George Sotiropoulos,6a2f7c151031653d,Rafael Dos Anjos,Rafael Dos Anjos,6a2f7c151031653d
83fd97284f4bb4a4,d8287db48ec356df,6bf5a7d3e081ade2,Anthony Njokuani,b45d6b73f4ca4467,Andre Winner,Anthony Njokuani,6bf5a7d3e081ade2
83fd97284f4bb4a4,137d7dea41cacdc6,ccd1299e0345e0ce,Melvin Guillard,75e0d3cc2262b732,Shane Roller,Melvin Guillard,ccd1299e0345e0ce
83fd97284f4bb4a4,34c6c06ba60a9ade,2f732dd9210d301f,Tito Ortiz,c0ab242c40decc55,Ryan Bader,Ryan Bader,c0ab242c40decc55
83fd97284f4bb4a4,50ebe7915d9f0cab,a1f6999fe57236e0,Wanderlei Silva,d43a048a880efdff,Chris Leben,Chris Leben,d43a048a880efdff
83fd97284f4bb4a4,be79dafe6c0b7671,5f87a5c00b3d17ed,Dennis Siver,eb29176b03dfa888,Matt Wiman,Dennis Siver,5f87a5c00b3d17ed
84283233ec42be5f,ebb685a81f65ce1b,2ac4628c08ec5125,Markus Perez,093e1f5bb73850be,Anthony Hernandez,Anthony Hernandez,093e1f5bb73850be
84283233ec42be5f,818456a713fdabe6,9cfbfae5fa1fdd93,Geraldo de Freitas,dbac0a413af64bbe,Felipe Colares,Geraldo de Freitas,9cfbfae5fa1fdd93
84283233ec42be5f,8f8a6c578308d014,87f19d19f4cb73f8,Bibulatov Magomed,07a2bdaa0afdd831,Rogerio Bontorin,Bibulatov Magomed,87f19d19f4cb73f8
84283233ec42be5f,491b7d974254596d,c482c8605455a213,Junior Albini,2cd428e9606856fd,Jairzinho Rozenstruik,Jairzinho Rozenstruik,2cd428e9606856fd
84283233ec42be5f,9192053a3884aadf,1ae8f3c723aacff4,Ricardo Ramos,0fd5f4b838e890cc,Said Nurmagomedov,Said Nurmagomedov,0fd5f4b838e890cc
84283233ec42be5f,904e0e46392dff93,82cbb809d5ee565c,Mara Romero Borella,f7467152fd9f18a2,Taila Santos,Taila Santos,f7467152fd9f18a2
84283233ec42be5f,59097097bc09cdef,31ee470ef5dc8d7f,Thiago Alves,b0d6a1d8ac3d563d,Max Griffin,Thiago Alves,31ee470ef5dc8d7f
84283233ec42be5f,53abea410a0541c8,dab8cfbb6b1db10a,Livinha Souza,1641ef250e9de19b,Sarah Frota,Livinha Souza,dab8cfbb6b1db10a
84283233ec42be5f,44cfd4330eb6e2bf,c21f26bbde777573,Johnny Walker,ba1e6cb3d43f7430,Justin Ledet,Johnny Walker,c21f26bbde777573
84283233ec42be5f,300f1489174a3ece,d0f3959b4a9747e6,Jose Aldo,b6452706b373eea1,Renato Moicano,Jose Aldo,d0f3959b4a9747e6
84283233ec42be5f,85036b967403cdab,07225ba28ae309b6,Charles Oliveira,2747c60e42d9d75f,David Teymur,Charles Oliveira,07225ba28ae309b6
84283233ec42be5f,ce246b336b6bd638,427b5953ac8e3a27,Demian Maia,4e0692ad070976e4,Lyman Good,Demian Maia,427b5953ac8e3a27
84283233ec42be5f,4e8b2357fea211e9,2f13e4020cea5b38,Raphael Assuncao,fea79f9bc8c68769,Marlon Moraes,Raphael Assuncao,2f13e4020cea5b38
84a067c46306a737,9fa3f9f7caf429d6,fcffee71cff5530e,Forrest Griffin,2f732dd9210d301f,Tito Ortiz,Forrest Griffin,fcffee71cff5530e
84a067c46306a737,31f12d3f95576ef4,dd37fd509af89f15,Josh Koscheck,365fee2da473b177,Anthony Johnson,Anthony Johnson,365fee2da473b177
84a067c46306a737,119b156ded2af0f1,73e09f837f3b5ecc,Rogerio Nogueira,24b033b3daf1c9df,Luiz Cane,Luiz Cane,24b033b3daf1c9df
84a067c46306a737,70228adf93b6434f,30a09e43f15f1d75,Paulo Thiago,6f81b6de2557739a,Jacob Volkmann,Jacob Volkmann,6f81b6de2557739a
84a067c46306a737,ef8f31b86469a967,3dc3022232b79c7a,Brian Foster,5eedbf1e9601be35,Brock Larson,Brian Foster,3dc3022232b79c7a
84a067c46306a737,fc0f12be6552bfe5,2650e2f846a30f64,Amir Sadollah,1652f3213655b935,Phil Baroni,Amir Sadollah,2650e2f846a30f64
84a067c46306a737,0c6055509d98ed06,484acc7b0f856ce9,Ben Saunders,b7d524c77c27389b,Marcus Davis,Marcus Davis,b7d524c77c27389b
84a067c46306a737,6f78fc53b8662627,896c322f56b8be5a,George Sotiropoulos,fa8b9e6b0c2269f8,Jason Dent,George Sotiropoulos,896c322f56b8be5a
852454c572675334,3d9398386c84109b,a8283a4f415e1eb9,Francisco Trinaldo,e5c9de15bb58b1c6,Evan Dunham,Francisco Trinaldo,a8283a4f415e1eb9
852454c572675334,b509c337d181c567,1bcaac2d99b90fce,Sergio Moraes,484acc7b0f856ce9,Ben Saunders,Sergio Moraes,1bcaac2d99b90fce
852454c572675334,7cdda45e7d52bf40,dea070ed4a2a8281,Thiago Santos,cad24459b28592ca,Eryk Anders,Thiago Santos,dea070ed4a2a8281
852454c572675334,f4187c30c311eb93,2c99576fefe53c7c,Renan Barao,5f6f049d54728e88,Andre Ewell,Renan Barao,2c99576fefe53c7c
852454c572675334,a409a5381f082e8f,57b10fca4f9c9a7a,Alex Oliveira,198994b47f395af0,Carlo Pedersoli Jr.,Alex Oliveira,57b10fca4f9c9a7a
852454c572675334,1669773acd404217,d156513a19acf856,Sam Alvey,73e09f837f3b5ecc,Rogerio Nogueira,Rogerio Nogueira,73e09f837f3b5ecc
852454c572675334,d7c7b312279104d2,441eacbe20e0e80b,Augusto Sakai,01b352b6a9074d5c,Chase Sherman,Augusto Sakai,441eacbe20e0e80b
852454c572675334,ba766bd03090dab9,07225ba28ae309b6,Charles Oliveira,de45aaae23dfa392,Christos Giagos,Charles Oliveira,07225ba28ae309b6
852454c572675334,1c6d3ef6beb9966e,8adcbd525fab8d9b,Elizeu Zaleski dos Santos,2f1a257d6777096d,Luigi Vendramini,Elizeu Zaleski dos Santos,8adcbd525fab8d9b
852454c572675334,c5479f20e4db357d,cfb65863d5099327,Thales Leites,db1f2ed63b54b9a7,Hector Lombard,Thales Leites,cfb65863d5099327
852454c572675334,0c618cd41b88c558,cc8c623cca88f54f,Mayra Bueno Silva,38c7f72747f4f712,Gillian Robertson,Gillian Robertson,38c7f72747f4f712
852454c572675334,37ff18106c6e38fc,dab8cfbb6b1db10a,Livinha Souza,26b63bc5c0c1f65d,Alex Chambers,Livinha Souza,dab8cfbb6b1db10a
852454c572675334,30eaf1650bc359b3,e5bda12faabfc850,Luis Henrique,a67f5afa8d6a1b80,Ryan Spann,Ryan Spann,a67f5afa8d6a1b80
85d905f7c4f5a1af,45a52e065b73ecba,349aaa3da11eb587,Karo Parisyan,91acd6910b802a9e,Chris Lytle,Karo Parisyan,349aaa3da11eb587
85d905f7c4f5a1af,48189cad0c11ff63,56b8b24f65f9f057,Mike Kyle,a7f4d0902bb64092,James Irvin,Mike Kyle,56b8b24f65f9f057
85d905f7c4f5a1af,e8196de20c4a969a,f57a8a52ca401ed9,Nick Diaz,d814f5192e58fb2f,Drew Fickett,Nick Diaz,f57a8a52ca401ed9
85d905f7c4f5a1af,987b6b4f7825e40e,0359313549d230a1,Pete Sell,1652f3213655b935,Phil Baroni,Pete Sell,0359313549d230a1
85d905f7c4f5a1af,dae856cb00cf5163,3738e68d2261e60f,Andrei Arlovski,2a542ee8a8b83559,Tim Sylvia,Tim Sylvia,2a542ee8a8b83559
85d905f7c4f5a1af,4fb2c181e8fd5910,2f732dd9210d301f,Tito Ortiz,0ee783aa00e468f0,Vitor Belfort,Tito Ortiz,2f732dd9210d301f
865aa315ea62c511,ced241b99eab5f22,7a703c565ccaa18f,Jacare Souza,c80095f6092271a7,Tim Boetsch,Jacare Souza,7a703c565ccaa18f
865aa315ea62c511,244357514dd89bd6,7ff97850e8c32bda,Glover Teixeira,13a0275fa13c4d26,Jared Cannonier,Glover Teixeira,7ff97850e8c32bda
865aa315ea62c511,f680e6ebe3bdfe3e,c6aee362c7a7d482,Randy Brown,b1b0729d27936f2f,Belal Muhammad,Belal Muhammad,b1b0729d27936f2f
865aa315ea62c511,febea68b205f6273,5aedf14771ca82d2,Wilson Reis,7c3c48cf54a2848e,Yuta Sasaki,Wilson Reis,5aedf14771ca82d2
865aa315ea62c511,8b8f9485214f9e48,029eaff01e6bb8f0,Dustin Poirier,d1941565abf50b16,Jim Miller,Dustin Poirier,029eaff01e6bb8f0
865aa315ea62c511,ddd9e64d97b095f9,6fb1ba67bef41b37,Nik Lentz,275aca31f61ba28c,Islam Makhachev,Islam Makhachev,275aca31f61ba28c
865aa315ea62c511,c4174e22cb22622c,814ff3018127e8fc,Ricky Glenn,64360e618823a8e4,Phillipe Nover,Ricky Glenn,814ff3018127e8fc
865aa315ea62c511,1f9ac1648b8e501e,4c7781da8c6cae93,Ryan LaFlare,1c86754617d9813a,Roan Carneiro,Ryan LaFlare,4c7781da8c6cae93
865aa315ea62c511,d29750cee389a0b9,1f454354805b6f75,Anderson Silva,b1a3e0aca758b322,Derek Brunson,Anderson Silva,1f454354805b6f75
865aa315ea62c511,252074c8554bf30d,634e2fb70bde3fd5,Holly Holm,1d239d571e342453,Germaine de Randamie,Germaine de Randamie,1d239d571e342453
86b30a86664cb6e4,0c80eef2f4570543,0c6d9ea8306c029e,Brad Tavares,6ac9bc2953c47345,Gerald Meerschaert,Brad Tavares,0c6d9ea8306c029e
86b30a86664cb6e4,fd088ce1481315a5,4e30e4250cb08b61,Loma Lookboonmee,efc67b07eed39794,Istela Nunes,Loma Lookboonmee,4e30e4250cb08b61
86b30a86664cb6e4,96cc199d78732d11,8eb046f83e82bf26,Martin Buday,02f484417a6fa69d,Uran Satybaldiev,Martin Buday,8eb046f83e82bf26
86b30a86664cb6e4,86a1be10255eea4e,fba03cd6cc28dc41,Josh Emmett,396fe87b84ac2e1c,Lerone Murphy,Lerone Murphy,396fe87b84ac2e1c
86b30a86664cb6e4,76641669c1607b7a,d7e40dca3ae125be,Diana Belbita,27b388f0aab49780,Dione Barbosa,Dione Barbosa,27b388f0aab49780
86b30a86664cb6e4,de9422207df2de64,6d68c1afe954f121,Ode Osbourne,29162be25ebef5f0,Luis Gurule,Ode Osbourne,6d68c1afe954f121
86b30a86664cb6e4,58811a4e36c53b89,f748267c4ab6c127,Rhys McKee,7cec3c4a5e7b6d68,Daniel Frunza,Rhys McKee,f748267c4ab6c127
86b30a86664cb6e4,a160e94fdb66de17,b8bbdeff718dbb7d,Pat Sabatini,791c8437b341fba5,Joanderson Brito,Pat Sabatini,b8bbdeff718dbb7d
86b30a86664cb6e4,fc3825dd1b67e39d,8173f134396cb971,Cortavious Romious,117a06469813e4ef,ChangHo Lee,ChangHo Lee,117a06469813e4ef
86b30a86664cb6e4,cca4d763b1c6de0a,2c483cf443f38ece,Vanessa Demopoulos,d35298b6df168456,Talita Alencar,Vanessa Demopoulos,2c483cf443f38ece
86b30a86664cb6e4,d1368ca941c1fefc,fbb60f24af5d5a02,Torrez Finney,0cd0456d6029cec2,Robert Valentin,Torrez Finney,fbb60f24af5d5a02
86b30a86664cb6e4,4b1aec2395ebca14,eb8d8c2a95cfccb8,Victor Henry,f7be1db194e03d7e,Pedro Falcao,Victor Henry,eb8d8c2a95cfccb8
86e388ed20761ad9,5b51610a9c8c88ef,52e76bb4b3e852f3,Antonio Carlos Junior,8cad40a75e5c97f5,Eddie Gordon,Antonio Carlos Junior,52e76bb4b3e852f3
86e388ed20761ad9,72d6996a60856b5f,ed209f6618c82e41,Hacran Dias,938ad489fb7a1f31,Levan Makashvili,Hacran Dias,ed209f6618c82e41
86e388ed20761ad9,7ad6511fb5fb28a4,dea070ed4a2a8281,Thiago Santos,e023fa2e648ea0f1,Steve Bosse,Thiago Santos,dea070ed4a2a8281
86e388ed20761ad9,42d09ca167ecae07,f7a7f7118d4b01b6,Lyoto Machida,f77c68bb4be8516d,Yoel Romero,Yoel Romero,f77c68bb4be8516d
86e388ed20761ad9,87b0475688168a42,6d1bffff14897645,Santiago Ponzinibbio,9450848a71d53776,Lorenz Larkin,Santiago Ponzinibbio,6d1bffff14897645
8753e125f4499816,559031e51ced0b53,49ee5024966efc0d,Mounir Lazzez,1497e735d9f2560a,Ange Loosa,Mounir Lazzez,49ee5024966efc0d
8753e125f4499816,7c5fc3fc7be4a997,82d4c957649faf9b,Miguel Baeza,33efaf2d0941cfcf,Andre Fialho,Miguel Baeza,82d4c957649faf9b
8753e125f4499816,6d4b6224f26572f9,6d4b63c767106d3a,Vicente Luque,b1b0729d27936f2f,Belal Muhammad,Belal Muhammad,b1b0729d27936f2f
8753e125f4499816,2e94ee4b9f5fddea,cc8c623cca88f54f,Mayra Bueno Silva,fdbefee0827e1567,Wu Yanan,Mayra Bueno Silva,cc8c623cca88f54f
8753e125f4499816,4f6e7159e77d4215,b8bbdeff718dbb7d,Pat Sabatini,cd2e5a390821fb48,TJ Laramie,Pat Sabatini,b8bbdeff718dbb7d
8753e125f4499816,74c58b9d638c5eaa,7cbf7c78d3b34218,Drakkar Klose,6a8928652fc01bee,Brandon Jenkins,Drakkar Klose,7cbf7c78d3b34218
8753e125f4499816,c20e6697335c3b3d,2eeaefbfc7f9fcff,Lina Lansberg,91dac5e69e28d5b5,Pannie Kianzad,Pannie Kianzad,91dac5e69e28d5b5
8753e125f4499816,0987b3f785e26d1c,e132d47bd9efbbe0,Rafa Garcia,5580771f383e141f,Jesse Ronson,Rafa Garcia,e132d47bd9efbbe0
8753e125f4499816,0daf776bd222daad,efc67b07eed39794,Istela Nunes,e94085e821bd81de,Sam Hughes,Sam Hughes,e94085e821bd81de
8753e125f4499816,1ceab8fa45996f51,7a5e8c94a86f9895,Chris Barnett,8eb046f83e82bf26,Martin Buday,Martin Buday,8eb046f83e82bf26
8753e125f4499816,eac46cfead228e11,ac026518a9b4dc0f,Jordan Leavitt,cfc3e7bb44685289,Trey Ogden,Trey Ogden,cfc3e7bb44685289
8753e125f4499816,fb7ebdda8658fa05,1897b7b913736a7c,Alatengheili,35b3772629e27a49,Kevin Croom,Alatengheili,1897b7b913736a7c
8753e125f4499816,a0a120c50d93f70a,4126a78111c0855a,Caio Borralho,684d3aee255a3d09,Gadzhi Omargadzhiev,Caio Borralho,4126a78111c0855a
8753e125f4499816,b09f8cd4cbd7ba56,cc7040fe76f0ef91,Devin Clark,5da33b8fbfa5ee95,William Knight,Devin Clark,cc7040fe76f0ef91
8788beb528894f33,baf123a5b5fc674c,22aa91e402d0fe1f,Ramsey Nijem,a66395395b5f1394,Danny Downes,Ramsey Nijem,22aa91e402d0fe1f
8788beb528894f33,3ce9fb5e3bdee7b0,fa315e6c77eee106,Brandon Vera,a08d909a5be6f410,Eliot Marshall,Brandon Vera,fa315e6c77eee106
8788beb528894f33,1a28928b8d7b4c11,e4277e87a789d687,Dustin Jacoby,5abf827d62f98fee,Clifford Starks,Dustin Jacoby,e4277e87a789d687
8788beb528894f33,8aefe4de7a490de6,20205040232ed0f3,Tyson Griffin,4304992c2acc187b,Bart Palaszewski,Tyson Griffin,20205040232ed0f3
8788beb528894f33,f19a56ecc6c150e3,6c2030e0a143a94b,Chris Camozzi,3591d0d5d382a381,Francis Carmont,Francis Carmont,3591d0d5d382a381
8788beb528894f33,9574c1ed9ad25816,c32fb8c0f6471a4d,Mirko Filipovic,3f7c14c7eca7195d,Roy Nelson,Roy Nelson,3f7c14c7eca7195d
8788beb528894f33,f141416b02a31f4e,5f87a5c00b3d17ed,Dennis Siver,1d00756835ca67c9,Donald Cerrone,Donald Cerrone,1d00756835ca67c9
8788beb528894f33,332432834ece3bc7,0b64d0fed453ef7f,Scott Jorgensen,a8ea84cbe1655f0a,Jeff Curran,Scott Jorgensen,0b64d0fed453ef7f
8788beb528894f33,ce05150d524a1829,1eacf73d6a0055dc,Cheick Kongo,ba280572acfba13f,Matt Mitrione,Matt Mitrione,ba280572acfba13f
8788beb528894f33,040f9c9b470f3e6b,ef7fa30364cbe7f2,Hatsu Hioki,3c0437fbeda06962,George Roop,Hatsu Hioki,ef7fa30364cbe7f2
8788beb528894f33,0583a3d402bed6e4,73c7cfa551289285,BJ Penn,f57a8a52ca401ed9,Nick Diaz,Nick Diaz,f57a8a52ca401ed9
883922e5cd6d8473,e82f15afac3dac93,41e83a89929d1327,Jailton Almeida,687c15b2eddfaa63,Danilo Marques,Jailton Almeida,41e83a89929d1327
883922e5cd6d8473,84ebbad426d25713,2c9d00968f818270,Hakeem Dawodu,5bf31a46becc1204,Michael Trizano,Hakeem Dawodu,2c9d00968f818270
883922e5cd6d8473,208c5dc52ccfd47a,902ec2cc48c8ae8a,Julian Erosa,b93c06d09d1c4ac0,Steven Peterson,Julian Erosa,902ec2cc48c8ae8a
883922e5cd6d8473,673ed36fa5c12d5f,4c2d90e335e6df19,Alexis Davis,a78a87d8c2bbb1cb,Julija Stoliarenko,Alexis Davis,4c2d90e335e6df19
883922e5cd6d8473,1765fc442ea03873,dee294e9717012c2,Malcolm Gordon,2526be54e6a0e62a,Denys Bondar,Malcolm Gordon,dee294e9717012c2
883922e5cd6d8473,f9ab966e63968c15,c68c68efaa5ca6ef,Chidi Njokuani,8e9eb3fc86db0f7d,Marc-Andre Barriault,Chidi Njokuani,c68c68efaa5ca6ef
883922e5cd6d8473,c816a969cb001168,46e0d677f91bacc0,Miles Johns,5fa2974cbd18e05c,John Castaneda,John Castaneda,5fa2974cbd18e05c
883922e5cd6d8473,0730c4e6fb247fa1,d156513a19acf856,Sam Alvey,2f181c0467965b98,Brendan Allen,Brendan Allen,2f181c0467965b98
883922e5cd6d8473,6b4c2cc27855506a,01afe0916a40c7c5,Shavkat Rakhmonov,a53d30163304aa6e,Carlston Harris,Shavkat Rakhmonov,01afe0916a40c7c5
883922e5cd6d8473,0489b42ac0ab6d4b,147e70aa6cc48cfc,Tresean Gore,f626118b6da0e020,Bryan Battle,Bryan Battle,f626118b6da0e020
883922e5cd6d8473,ace166f26c2ac2e8,64facb6cc564262d,Punahele Soriano,12585614e0ed2626,Nick Maximov,Punahele Soriano,64facb6cc564262d
883922e5cd6d8473,4b67a1875390e7ad,0a1942069c9ad6b6,Jack Hermansson,0d8011111be000b2,Sean Strickland,Sean Strickland,0d8011111be000b2
883922e5cd6d8473,342779192b116314,5f3805dda9661cba,Jason Witt,8e382b585a92affe,Phil Rowe,Phil Rowe,8e382b585a92affe
885e7f70dcac0007,69f39e5d959311b1,08af939f41b5a57b,Beneil Dariush,72db2a14ffa73ece,Mateusz Gamrot,Mateusz Gamrot,72db2a14ffa73ece
885e7f70dcac0007,523815acf1bb2420,07225ba28ae309b6,Charles Oliveira,275aca31f61ba28c,Islam Makhachev,Islam Makhachev,275aca31f61ba28c
885e7f70dcac0007,1e8c33b1917fe1b7,75353550928a7921,Muhammad Mokaev,dee294e9717012c2,Malcolm Gordon,Muhammad Mokaev,75353550928a7921
885e7f70dcac0007,4011cdf1f182804c,351c4ec637380ad5,Karol Rosa,2eeaefbfc7f9fcff,Lina Lansberg,Karol Rosa,351c4ec637380ad5
885e7f70dcac0007,1f0d4572e0facbea,cb696ebfb6598724,Aljamain Sterling,c849740a3ff51931,TJ Dillashaw,Aljamain Sterling,cb696ebfb6598724
885e7f70dcac0007,d325a1483d78ae75,b1b0729d27936f2f,Belal Muhammad,45f7cb591c3ab00b,Sean Brady,Sean Brady,45f7cb591c3ab00b
885e7f70dcac0007,25f3e4fa781c1c8a,e872e9a9a902c045,Katlyn Cerminara,34ff304266360297,Manon Fiorot,Manon Fiorot,34ff304266360297
885e7f70dcac0007,5c3c4bcc6c746ca0,d661ce4da776fc20,Petr Yan,b50a426a33da0012,Sean O'Malley,Petr Yan,d661ce4da776fc20
885e7f70dcac0007,cea6760d7bfbe19b,029e1293e609fd74,Abubakar Nurmagomedov,684d3aee255a3d09,Gadzhi Omargadzhiev,Abubakar Nurmagomedov,029e1293e609fd74
885e7f70dcac0007,f4d8266a42a41dff,0845c81e37d3bcb3,Volkan Oezdemir,1091d4d957141094,Nikita Krylov,Nikita Krylov,1091d4d957141094
885e7f70dcac0007,2d36e2c10ee349fe,ea7e5bc78d9de658,Makhmud Muradov,4126a78111c0855a,Caio Borralho,Caio Borralho,4126a78111c0855a
885e7f70dcac0007,1b204fc28bb023e6,369ea36e450ae62a,Armen Petrosyan,009c4420727149ea,AJ Dobson,Armen Petrosyan,369ea36e450ae62a
88a9bc81271ccd89,fec8b9760d6bb235,3c6976f8182d9527,Alexander Gustafsson,f5431394fb284bb9,James Te Huna,Alexander Gustafsson,3c6976f8182d9527
88a9bc81271ccd89,6ac1478baeddaae8,eef9b891edbd4604,Mark Hunt,df05aa15b2d66f57,Chris Tuchscherer,Mark Hunt,eef9b891edbd4604
88a9bc81271ccd89,72372c31dee3cadc,4f732e58ed907eff,Ross Pearson,f34312c2ccfa0e00,Spencer Fisher,Ross Pearson,4f732e58ed907eff
88a9bc81271ccd89,ae07b35f2797242e,b13da0b1a3aed3e7,Nick Ring,7c35f869033901ae,Riki Fukuda,Nick Ring,b13da0b1a3aed3e7
88a9bc81271ccd89,d5e7fe1f5035505c,32ba186f4b0e3267,Brian Ebersole,91acd6910b802a9e,Chris Lytle,Brian Ebersole,32ba186f4b0e3267
88a9bc81271ccd89,0f461c4ddf70eff9,2b93ebd9f5417ad2,Michael Bisping,cb46dface0e28a2c,Jorge Rivera,Michael Bisping,2b93ebd9f5417ad2
88a9bc81271ccd89,76e6177c401f2176,6c2030e0a143a94b,Chris Camozzi,7339d340aa2889cb,Kyle Noke,Chris Camozzi,6c2030e0a143a94b
88a9bc81271ccd89,2dd864ec1a1a4031,896c322f56b8be5a,George Sotiropoulos,5f87a5c00b3d17ed,Dennis Siver,George Sotiropoulos,896c322f56b8be5a
896c322f56b8be5a,b272e9a4ed7a1b23,20205040232ed0f3,Tyson Griffin,e0ec3c3b6b611f7e,Hermes Franca,Tyson Griffin,20205040232ed0f3
896c322f56b8be5a,d359fe8a99250f64,a08d909a5be6f410,Eliot Marshall,497ba5b12a4bfc47,Jason Brilz,Eliot Marshall,a08d909a5be6f410
896c322f56b8be5a,e314474cb6a7a65c,ccdd90bd1fc7dab6,Vladimir Matyushenko,53278852bcd91e11,Igor Pokrajac,Vladimir Matyushenko,ccdd90bd1fc7dab6
896c322f56b8be5a,a2da03d9c25b49e5,679a9054e2815943,Tomasz Drwal,1fd4fbdcc67de844,Drew McFedries,Tomasz Drwal,679a9054e2815943
896c322f56b8be5a,fd61b04ee64f7f20,dd37fd509af89f15,Josh Koscheck,d2d37e8eeb3abc8d,Frank Trigg,Josh Koscheck,dd37fd509af89f15
896c322f56b8be5a,656e1040e6e007b2,83fd97284f4bb4a4,Efrain Escudero,282fa667ff9c51ed,Cole Miller,Efrain Escudero,83fd97284f4bb4a4
896c322f56b8be5a,92ea4999f99f55fd,6fb1ba67bef41b37,Nik Lentz,15b1b21cd743d652,Rafaello Oliveira,Nik Lentz,6fb1ba67bef41b37
896c322f56b8be5a,acfa3a3c0d09bb57,23725c826c481e7f,Paul Daley,8b69839f3555a67b,Martin Kampmann,Martin Kampmann,8b69839f3555a67b
896c322f56b8be5a,2ff09ddaa2b78cc4,63def5a5662a6917,Junior Dos Santos,c32fb8c0f6471a4d,Mirko Filipovic,Junior Dos Santos,63def5a5662a6917
896c322f56b8be5a,7b06e7f2b34d24b8,5b5307450405abf0,Rick Story,3dc3022232b79c7a,Brian Foster,Rick Story,5b5307450405abf0
896c322f56b8be5a,329a097e0b53daac,6a2f7c151031653d,Rafael Dos Anjos,dc0f07928009a127,Rob Emerson,Rafael Dos Anjos,6a2f7c151031653d
896c322f56b8be5a,ec271393bc31ab72,0ee783aa00e468f0,Vitor Belfort,d897897060f10a3a,Rich Franklin,Rich Franklin,d897897060f10a3a
898337ef520fe4d3,b70dfff154b135bf,a67f5afa8d6a1b80,Ryan Spann,d156513a19acf856,Sam Alvey,Ryan Spann,a67f5afa8d6a1b80
898337ef520fe4d3,02f5621f480ad1d4,18968f97ad34f15c,Jeremy Stephens,751de04455cfaac0,Calvin Kattar,Calvin Kattar,751de04455cfaac0
898337ef520fe4d3,3f810c3433dddb80,6d4b63c767106d3a,Vicente Luque,d8da10db80131bec,Niko Price,Vicente Luque,6d4b63c767106d3a
898337ef520fe4d3,08244974cf39ae38,d9c6f19f958643e9,Bryce Mitchell,40093d1d2d78394e,Charles Rosa,Bryce Mitchell,d9c6f19f958643e9
898337ef520fe4d3,f2520dd5457ab293,d910665038efc639,Carla Esparza,eb04b9d31e938edb,Michelle Waterson-Gomez,Carla Esparza,d910665038efc639
898337ef520fe4d3,d395828f5cb045a5,22a92d7f62195791,Tony Ferguson,9e8f6c728eb01124,Justin Gaethje,Tony Ferguson,22a92d7f62195791
898337ef520fe4d3,f0d4652f8edfbe6d,85073dbd1be65ed9,Greg Hardy,1eff7bc0f815b270,Yorgan De Castro,Greg Hardy,85073dbd1be65ed9
898337ef520fe4d3,593f3b051aa82b0f,98c23cb6da5b3352,Aleksei Oleinik,492b202d2064e7a9,Fabricio Werdum,Fabricio Werdum,492b202d2064e7a9
898337ef520fe4d3,4e77cc2c8d604241,056c493bbd76a918,Henry Cejudo,10f3ba6cd2f44a97,Dominick Cruz,Dominick Cruz,10f3ba6cd2f44a97
898337ef520fe4d3,fcfaa28ed6888088,8d03ce87ca14e778,Francis Ngannou,2cd428e9606856fd,Jairzinho Rozenstruik,Francis Ngannou,8d03ce87ca14e778
898337ef520fe4d3,b9abcce29378e5cc,cbb682f5fcc44bfc,Anthony Pettis,1d00756835ca67c9,Donald Cerrone,Donald Cerrone,1d00756835ca67c9
899eaba48fa864a6,3ce96bb0c69b39be,2f181c0467965b98,Brendan Allen,5442f1bc4b47eaf3,Chris Curtis,Brendan Allen,2f181c0467965b98
899eaba48fa864a6,0b9cd718d7e329e8,523fa774700d7d3f,Court McGee,cdb96af67d096b1e,Alex Morono,Alex Morono,cdb96af67d096b1e
899eaba48fa864a6,6ff21ea2c75c48ed,e4a47b07044ddd72,Ignacio Bahamondes,de45aaae23dfa392,Christos Giagos,Ignacio Bahamondes,e4a47b07044ddd72
899eaba48fa864a6,32375b4435fea5e6,5b03b61f9d90125e,Morgan Charriere,e0c6edcb5b5d0b90,Chepe Mariscal,Chepe Mariscal,e0c6edcb5b5d0b90
899eaba48fa864a6,47f8812a335b6ce9,0bc697c5936a2d0a,Trevor Peek,b39f7a6c2be17ee8,Charlie Campbell,Charlie Campbell,b39f7a6c2be17ee8
899eaba48fa864a6,188e6416157e5a1f,d3f5d33d61cd00c9,Norma Dumont,1d239d571e342453,Germaine de Randamie,Norma Dumont,d3f5d33d61cd00c9
899eaba48fa864a6,1685eecc7ef37fb5,bd532e9a2b93870c,Melissa Mullins,f2b3f4ef3f780168,Nora Cornolle,Melissa Mullins,bd532e9a2b93870c
899eaba48fa864a6,1f7566c90343a680,e4ba58725825412d,Dan Argueta,ffd3224638c01b57,Jean Matsumoto,Jean Matsumoto,ffd3224638c01b57
899eaba48fa864a6,ff5a8078ea85bbc7,f5779a2303ed76ec,Valter Walker,0c25d0a5e8cdbf19,Lukasz Brzeski,Valter Walker,f5779a2303ed76ec
899eaba48fa864a6,5c3b8819dbe98114,f7be1db194e03d7e,Pedro Falcao,f264ba50b007f39e,Victor Hugo,Victor Hugo,f264ba50b007f39e
899eaba48fa864a6,3cf5e0ebb5f8322c,a817e238b2747404,Dylan Budka,64d47ef881a437a4,Cesar Almeida,Cesar Almeida,64d47ef881a437a4
899eaba48fa864a6,9c22ddb8d8fc1838,262a7d06203657e6,Alexander Hernandez,29af297d9f1de0f8,Damon Jackson,Alexander Hernandez,262a7d06203657e6
89a407032911e27e,de89bea7b0dcd2d3,d8c811df0386d5e8,Rinya Nakamura,9e92e1ca498d7244,Fernie Garcia,Rinya Nakamura,d8c811df0386d5e8
89a407032911e27e,23865dfc8361ac62,ec0dcceace7d25a3,Liang Na,6fd953151d981979,JJ Aldrich,JJ Aldrich,6fd953151d981979
89a407032911e27e,977250a28d3b8a3f,fa07345cc9db5cc9,Billy Ray Goff,21b5c82c1b89dab1,Yusaku Kinoshita,Billy Ray Goff,fa07345cc9db5cc9
89a407032911e27e,b65b37c0e00074d9,a68575214ecad140,SeungWoo Choi,082eba4cd80f736f,Jarno Errens,SeungWoo Choi,a68575214ecad140
89a407032911e27e,293c5f4c9aca5c54,c68c68efaa5ca6ef,Chidi Njokuani,0d65c432720accb9,Michal Oleksiejczuk,Chidi Njokuani,c68c68efaa5ca6ef
89a407032911e27e,da6b863cf684e0ae,32490e80ddab1e5a,Song Kenan,40a456a25d52ee65,Rolando Bedoya,Song Kenan,32490e80ddab1e5a
89a407032911e27e,96704d7ba3a452d9,150ff4cc642270b9,Max Holloway,c451d67c09c55418,Chan Sung Jung,Max Holloway,150ff4cc642270b9
89a407032911e27e,f7bc845ce74f5fe7,c15fa95b9a12fde4,Junior Tafa,ac40f7e3cbecdda4,Parker Porter,Parker Porter,ac40f7e3cbecdda4
89a407032911e27e,bfc9989751bd0d04,fc08099550072fe4,Waldo Cortes-Acosta,0c25d0a5e8cdbf19,Lukasz Brzeski,Waldo Cortes-Acosta,fc08099550072fe4
89a407032911e27e,c53b0f678fe2f16a,d4c9dcd330403612,Anthony Smith,a67f5afa8d6a1b80,Ryan Spann,Ryan Spann,a67f5afa8d6a1b80
89a407032911e27e,5531317352862978,669970f7feba8ecd,Erin Blanchfield,f7467152fd9f18a2,Taila Santos,Erin Blanchfield,669970f7feba8ecd
89a407032911e27e,dd617f6ab4916ec4,9560ff14eb3129f7,Giga Chikadze,7aa3d6964eff4877,Alex Caceres,Giga Chikadze,9560ff14eb3129f7
89a407032911e27e,48231fbd1af53674,148bb103cfbf123e,Toshiomi Kazama,1effd880e1f1bb30,Garrett Armfield,Garrett Armfield,1effd880e1f1bb30
8a028648f3f0761d,9d2f46b677246e41,8d03ce87ca14e778,Francis Ngannou,d6285cba1d1052e0,Bojan Mihajlovic,Francis Ngannou,8d03ce87ca14e778
8a028648f3f0761d,9e90800495c1d607,634e2fb70bde3fd5,Holly Holm,132deb59abae64b1,Valentina Shevchenko,Valentina Shevchenko,132deb59abae64b1
8a028648f3f0761d,43fbc59edc7dfa9f,e5bda12faabfc850,Luis Henrique,75afb06215a07341,Dmitrii Smoliakov,Luis Henrique,e5bda12faabfc850
8a028648f3f0761d,e09d17f97d6fc6b8,f1b2aa7853d1ed6e,Kamaru Usman,d06f8869449ba7bd,Alexander Yakovlev,Kamaru Usman,f1b2aa7853d1ed6e
8a028648f3f0761d,435c93cb89016fd1,fe5a9547479396ab,Jim Alers,bb1a2cdad6ff34db,Jason Knight,Jason Knight,bb1a2cdad6ff34db
8a028648f3f0761d,5a09a7a3f2792d1a,b6850671a008bf9a,Felice Herrig,05b43e0ead3df345,Kailin Curran,Felice Herrig,b6850671a008bf9a
8a028648f3f0761d,1eb0491642f276ed,92a9aa9c93192871,Darren Elkins,fa37628269132d1a,Godofredo Pepey,Darren Elkins,92a9aa9c93192871
8a028648f3f0761d,3aace29fcc65ec51,57b10fca4f9c9a7a,Alex Oliveira,c06a9b48d4132c8e,James Moontasri,Alex Oliveira,57b10fca4f9c9a7a
8a028648f3f0761d,8167500af262bba5,9ba2226646046b63,Frankie Saenz,fc9a9559a05f2704,Eddie Wineland,Frankie Saenz,9ba2226646046b63
8a028648f3f0761d,b1dee00c3052e65e,64a50dad704d1d49,Edson Barboza,aa5b4eff51bdc7d1,Gilbert Melendez,Edson Barboza,64a50dad704d1d49
8a0be41c0380188d,7070abfa26c079b8,f9f07bb5a43535ed,Carlos Condit,b0d6a1d8ac3d563d,Max Griffin,Carlos Condit,f9f07bb5a43535ed
8a0be41c0380188d,8245791a3d3403c6,23024fdfc966410a,Gilbert Burns,4a28cb716c19157a,Stephen Thompson,Stephen Thompson,4a28cb716c19157a
8a0be41c0380188d,3740c8033e31c90d,578ef12674df1e6a,Irene Aldana,3143bf892608139a,Yana Santos,Irene Aldana,578ef12674df1e6a
8a0be41c0380188d,858feabaf429a963,b27a1fcb56a3035a,Trevin Giles,0d7b51c9d2649a6e,Dricus Du Plessis,Dricus Du Plessis,0d7b51c9d2649a6e
8a0be41c0380188d,53b480b44b0b51f1,c62fbc117d57b943,Tai Tuivasa,85073dbd1be65ed9,Greg Hardy,Tai Tuivasa,c62fbc117d57b943
8a0be41c0380188d,5d5bf07dbfada0e3,8e1f36476ef02a6a,Jennifer Maia,f72465a784c1b084,Jessica Eye,Jennifer Maia,8e1f36476ef02a6a
8a0be41c0380188d,ac0a1d87e9ff4085,55fa6ce3e522c8bb,Zhalgas Zhumagulov,c9587d81e1d33925,Jerome Rivera,Zhalgas Zhumagulov,55fa6ce3e522c8bb
8a0be41c0380188d,1aba46988c9b58f9,16690d100f995f8f,Omari Akhmedov,0c6d9ea8306c029e,Brad Tavares,Brad Tavares,0c6d9ea8306c029e
8a0be41c0380188d,dbcc5b5d568efa8b,b50a426a33da0012,Sean O'Malley,9c27f3217891f3f0,Kris Moutinho,Sean O'Malley,b50a426a33da0012
8a0be41c0380188d,07468b6347ac5e3d,8866c6f509c19089,Ryan Hall,54f64b5e283b0ce7,Ilia Topuria,Ilia Topuria,54f64b5e283b0ce7
8a0be41c0380188d,96bbb6c573dac27a,d8da10db80131bec,Niko Price,595db60957de51d3,Michel Pereira,Michel Pereira,595db60957de51d3
8a0be41c0380188d,7d0ce28ce8a77eb1,029eaff01e6bb8f0,Dustin Poirier,f4c49976c75c5ab2,Conor McGregor,Conor McGregor,f4c49976c75c5ab2
8a1b4330c7957961,7ec24848cac6c5a1,0c6d9ea8306c029e,Brad Tavares,e1147d3d2dabe1ce,Robert Whittaker,Robert Whittaker,e1147d3d2dabe1ce
8a1b4330c7957961,4f722e80eadb6d2f,ef7fa30364cbe7f2,Hatsu Hioki,193b9d1858bc4df3,Dan Hooker,Dan Hooker,193b9d1858bc4df3
8a1b4330c7957961,57b986d06bde71c2,d28dee5c705991df,Stipe Miocic,eef9b891edbd4604,Mark Hunt,Stipe Miocic,d28dee5c705991df
8a1b4330c7957961,0fa31c9f7495810b,4b4753d19489297f,Anthony Perosh,cb52f9490c2dc069,Sean O'Connell,Sean O'Connell,cb52f9490c2dc069
8a1b4330c7957961,d1c4c06780cbd36e,26b63bc5c0c1f65d,Alex Chambers,05b43e0ead3df345,Kailin Curran,Alex Chambers,26b63bc5c0c1f65d
8a1b4330c7957961,f208b79b0d78045b,bdcbb976816fd256,Daniel Kelly,d156513a19acf856,Sam Alvey,Daniel Kelly,bdcbb976816fd256
8a1b4330c7957961,418b6f692abe9e35,a845f0735bc67405,Jake Matthews,6256b2b1562cb8e1,James Vick,Jake Matthews,a845f0735bc67405
8a1b4330c7957961,979269d4ab5784af,1e7483dbff40b84b,Vik Grujic,494b0bfdbac74502,Brendan O'Reilly,Brendan O'Reilly,494b0bfdbac74502
8a1b4330c7957961,8a39075a9ffaa971,00debc804e2b1cd4,Dylan Andrews,34e552520a934063,Brad Scott,Dylan Andrews,00debc804e2b1cd4
8a1b4330c7957961,398f4857f9692204,e18a19001a3f7c7d,Alptekin Ozkilic,840d2c82ea68b9aa,Ben Nguyen,Ben Nguyen,840d2c82ea68b9aa
8a59d346dc976a10,28b405fe1552ccad,902ab9197b83d0db,Phil Davis,73e09f837f3b5ecc,Rogerio Nogueira,Phil Davis,902ab9197b83d0db
8a59d346dc976a10,70e78fcf793bc82b,7691a80e6ca3e55b,Jon Madsen,353de740bb6c7e75,Mike Russow,Mike Russow,353de740bb6c7e75
8a59d346dc976a10,de78bdd8c734e8ab,322a56923b396b4d,DaMarques Johnson,2650e2f846a30f64,Amir Sadollah,Amir Sadollah,2650e2f846a30f64
8a59d346dc976a10,89d39663ff1b890e,df2bf09c99594848,Mario Miranda,d5f820c11a121050,Aaron Simpson,Aaron Simpson,d5f820c11a121050
8a59d346dc976a10,c67473192bda50d8,d0314416a7f26527,Michael McDonald,bbfca6d5c27d9cd8,Edwin Figueroa,Michael McDonald,d0314416a7f26527
8a59d346dc976a10,bb70048e290f4a86,c451d67c09c55418,Chan Sung Jung,917e53fa0adea0d3,Leonard Garcia,Chan Sung Jung,c451d67c09c55418
8a59d346dc976a10,60d27c73e4a20318,28f3c2258a1d8874,John Hathaway,baed16f18348908e,Kris McCray,John Hathaway,28f3c2258a1d8874
8a59d346dc976a10,a1f4a5fcef50915b,0941df56f6ac954b,Johny Hendricks,8f2939f5fd9cca1e,TJ Waldburger,Johny Hendricks,0941df56f6ac954b
8a59d346dc976a10,774f7eed6b0180be,008dc37cca279def,Sean McCorkle,80779d7441af1b52,Christian Morecraft,Christian Morecraft,80779d7441af1b52
8a59d346dc976a10,28f57f60a46654f6,7aa3d6964eff4877,Alex Caceres,51b1e2fd9872005b,Mackens Semerzier,Alex Caceres,7aa3d6964eff4877
8a59d346dc976a10,60f3232bc7a73b15,365fee2da473b177,Anthony Johnson,473ce3aa581251a2,Dan Hardy,Anthony Johnson,365fee2da473b177
8a9c6c4301f6d088,860be3cc82895177,2e5c2aa8e4ab9d82,Paulo Costa,7acbb0972e75281a,Marvin Vettori,Paulo Costa,2e5c2aa8e4ab9d82
8a9c6c4301f6d088,7151ae256e6c181b,f2477cf43c4975cc,Jonathan Martinez,41498c2d1a87b154,Zviad Lazishvili,Jonathan Martinez,f2477cf43c4975cc
8a9c6c4301f6d088,6d7eecf4acecda2a,78e501478a36a018,Khama Worthy,4c88a1db5a46c6a4,Jai Herbert,Jai Herbert,4c88a1db5a46c6a4
8a9c6c4301f6d088,e078d18fa9ed100d,8c57c7b8c3bab0eb,Nicolae Negumereanu,f9d0cae37dabfafc,Ike Villanueva,Nicolae Negumereanu,8c57c7b8c3bab0eb
8a9c6c4301f6d088,85f920746c58d0a6,830f60497fab345a,Jamie Pickett,a12a8314adc1c1c9,Laureano Staropoli,Laureano Staropoli,a12a8314adc1c1c9
8a9c6c4301f6d088,acec5f4c6fee1ae2,008ea710276c9606,Jeff Molina,31bb0772f21cabd8,Daniel Lacerda,Jeff Molina,008ea710276c9606
8a9c6c4301f6d088,1fe58cdab57d233b,d25240135aee03e5,Tabatha Ricci,37d752ec41ed84bb,Maria Oliveira,Tabatha Ricci,d25240135aee03e5
8a9c6c4301f6d088,69167b996ce7a7e4,6c8072b61c276e67,Jessica-Rose Clark,f9ab66e67240db7b,Joselyne Edwards,Joselyne Edwards,f9ab66e67240db7b
8a9c6c4301f6d088,d44d735e5079bfb8,f6ad6a1e4d600e0d,Mason Jones,ffe9703408fb5964,David Onama,David Onama,ffe9703408fb5964
8a9c6c4301f6d088,98842f17dfe4b4ef,7aa3d6964eff4877,Alex Caceres,a68575214ecad140,SeungWoo Choi,Alex Caceres,7aa3d6964eff4877
8a9c6c4301f6d088,587d373f18f6c8c0,a8283a4f415e1eb9,Francisco Trinaldo,8be158ca1e5ea6a0,Dwight Grant,Francisco Trinaldo,a8283a4f415e1eb9
8a9c6c4301f6d088,61d9eff5fa4c8578,dab8cfbb6b1db10a,Livinha Souza,4a57ebb14315b251,Randa Markos,Livinha Souza,dab8cfbb6b1db10a
8a9c6c4301f6d088,88256dd5a9aef1cc,285ae0b4a68221f4,JunYong Park,d1c65d2cf2925ddd,Gregory Rodrigues,Gregory Rodrigues,d1c65d2cf2925ddd
8ad022dd81224f61,66887532be2de5ee,ac7c765882f2c68c,Elise Reed,cffb87059e645bd1,Denise Gomes,Denise Gomes,cffb87059e645bd1
8ad022dd81224f61,a81ad236a2f221f2,23024fdfc966410a,Gilbert Burns,c32aeb1a59e6272d,Michael Morales,Michael Morales,c32aeb1a59e6272d
8ad022dd81224f61,a9a6cca4bbf7a5db,5eb50529a8418b77,Gabe Green,72f890c5d421e705,Matheus Camilo,Gabe Green,5eb50529a8418b77
8ad022dd81224f61,8ba31cf0b3164b72,7026eca45f65377b,Jared Gordon,d945aae53e3e54e6,Thiago Moises,Jared Gordon,7026eca45f65377b
8ad022dd81224f61,fe2acfdaaaec3dba,902ec2cc48c8ae8a,Julian Erosa,20bccc9bb4ceb23e,Melquizael Costa,Melquizael Costa,20bccc9bb4ceb23e
8ad022dd81224f61,afdd95ae7b7cdb0c,31ef8b67e13495b3,Tecia Pennington,a3a542074109b347,Luana Pinheiro,Tecia Pennington,31ef8b67e13495b3
8ad022dd81224f61,d6e2bc6e6c0cc4fe,70380ccdc81915b8,Yadier del Valle,36e78278a77006d4,Connor Matthews,Yadier del Valle,70380ccdc81915b8
8ad022dd81224f61,18a7dc86279066f8,b671bdf981ad527d,HyunSung Park,798e48f9e7f6ba22,Carlos Hernandez,HyunSung Park,b671bdf981ad527d
8ad022dd81224f61,f75fe8b384b0db11,5078e1dacf9d25f4,Luana Santos,2c5f5749569eef66,Tainara Lisboa,Luana Santos,5078e1dacf9d25f4
8ad022dd81224f61,dcb27eef6441268c,94426bb170c88115,Sodiq Yusuff,480779d7f9a424d3,Mairon Santos,Mairon Santos,480779d7f9a424d3
8ad022dd81224f61,b3044bf646306e7f,71505842fb6455c3,Dustin Stoltzfus,49d2a08964c5eb11,Nursulton Ruziboev,Nursulton Ruziboev,49d2a08964c5eb11
8c90c1563972e44d,d15a87087b6f1452,82a5152216251682,Dan Ige,da816417a579a0bd,Gavin Tucker,Dan Ige,82a5152216251682
8c90c1563972e44d,18c67631b76c18e5,f0feeb2192937424,Angela Hill,b4c6c904a9ffc5e8,Ashley Yoder,Angela Hill,f0feeb2192937424
8c90c1563972e44d,a6828a6dfb21d33c,b7b84ccd221be298,Nasrat Haqparast,e132d47bd9efbbe0,Rafa Garcia,Nasrat Haqparast,b7b84ccd221be298
8c90c1563972e44d,4944437e73071671,67f272324a030d00,Misha Cirkunov,a67f5afa8d6a1b80,Ryan Spann,Ryan Spann,a67f5afa8d6a1b80
8c90c1563972e44d,70aa6b8f863e6861,f2477cf43c4975cc,Jonathan Martinez,113df4fde64735c6,Davey Grant,Jonathan Martinez,f2477cf43c4975cc
8c90c1563972e44d,e8adfbbe0053c321,5f179af5fffeb9f6,Cortney Casey,6fd953151d981979,JJ Aldrich,JJ Aldrich,6fd953151d981979
8c90c1563972e44d,03bdbf2d18f3025d,94527830000ab715,Rani Yahya,90e0985df05e51bc,Ray Rodriguez,Rani Yahya,94527830000ab715
8c90c1563972e44d,8a7b0cd5ad9ca4fe,5dd180c8b3196786,Gloria de Paula,d05cb1e8d1b885d8,Jinh Yu Frey,Gloria de Paula,5dd180c8b3196786
8c90c1563972e44d,d0ebb0551377a1c1,4aa58269d0664b5b,Matthew Semelsberger,5f3805dda9661cba,Jason Witt,Matthew Semelsberger,4aa58269d0664b5b
8c90c1563972e44d,bb7ce8a6ba7f7cc5,f1d64ae34e088832,Charles Jourdain,2804ce8dadab5770,Marcelo Rojo,Charles Jourdain,f1d64ae34e088832
8c90c1563972e44d,01f262b68a6a2223,5d1b7e3dd9e11074,Manel Kape,1a31ef98efce7a79,Matheus Nicolau,Manel Kape,5d1b7e3dd9e11074
8caca5857ce0e30b,57bbe424b0d6837c,2be6596a9db33bf5,Jason MacDonald,4d44f37107f01b9b,Tom Lawlor,Tom Lawlor,4d44f37107f01b9b
8caca5857ce0e30b,fc95c49b69a8d476,a8ea84cbe1655f0a,Jeff Curran,528c24b99fbaab79,Johnny Eduardo,Johnny Eduardo,528c24b99fbaab79
8caca5857ce0e30b,ade59be2e9bc1108,6a2f7c151031653d,Rafael Dos Anjos,ece280745f8727b8,Kamal Shalorus,Rafael Dos Anjos,6a2f7c151031653d
8caca5857ce0e30b,3b1461ff02a3f98e,0c6d9ea8306c029e,Brad Tavares,aed06011bf62237b,Dongi Yang,Brad Tavares,0c6d9ea8306c029e
8caca5857ce0e30b,df5ab14481442365,7be63795363029e8,Cody McKenzie,182f2b78582de3d8,Marcus LeVesseur,Marcus LeVesseur,182f2b78582de3d8
8caca5857ce0e30b,a8ec9c513d28c25c,c451d67c09c55418,Chan Sung Jung,029eaff01e6bb8f0,Dustin Poirier,Dustin Poirier,029eaff01e6bb8f0
8caca5857ce0e30b,e0e41464c1bc7ee1,b4eeac608fc82f88,Yves Jabouin,97a8f39186f489db,Jeff Hougland,Yves Jabouin,b4eeac608fc82f88
8caca5857ce0e30b,303db84673492cd6,53278852bcd91e11,Igor Pokrajac,1fb80f46d3c105d9,Fabio Maldonado,Fabio Maldonado,1fb80f46d3c105d9
8caca5857ce0e30b,4655930eb83446c7,a26198ba5093147e,TJ Grant,4f853e98886283cf,Carlo Prater,TJ Grant,a26198ba5093147e
8caca5857ce0e30b,49818fb1520ce956,1d00756835ca67c9,Donald Cerrone,18968f97ad34f15c,Jeremy Stephens,Donald Cerrone,1d00756835ca67c9
8d04923f2db59b7f,391d458db6dae33b,3d6749c4267da18f,Joanna Jedrzejczyk,46a2f24feb258ae0,Valerie Letourneau,Joanna Jedrzejczyk,3d6749c4267da18f
8d04923f2db59b7f,27a6a6d4e3f8be75,eef9b891edbd4604,Mark Hunt,8349d55cdecd393a,Antonio Silva,Mark Hunt,eef9b891edbd4604
8d04923f2db59b7f,98301c092f00cb01,ebc1f40e00e0c481,Stefan Struve,91ea901c458e95dd,Jared Rosholt,Stefan Struve,ebc1f40e00e0c481
8d04923f2db59b7f,77185ff8b4dade6a,7339d340aa2889cb,Kyle Noke,1fcfc3709fe58151,Peter Sobotta,Kyle Noke,7339d340aa2889cb
8d04923f2db59b7f,1dfbdd569585812f,4b4753d19489297f,Anthony Perosh,fcd448a2fe1a23cc,Gian Villante,Gian Villante,fcd448a2fe1a23cc
8d04923f2db59b7f,766dc3c5592b4d0d,65578a75fa7900e3,Uriah Hall,e1147d3d2dabe1ce,Robert Whittaker,Robert Whittaker,e1147d3d2dabe1ce
8d04923f2db59b7f,f602cc168383432f,54578e5927adea53,Richie Vaculik,8a9c6c4301f6d088,Danny Martinez,Richie Vaculik,54578e5927adea53
8d04923f2db59b7f,0f85a1d9ce42d13e,a845f0735bc67405,Jake Matthews,c136b2a8852da5bd,Akbarh Arreola,Jake Matthews,a845f0735bc67405
8d04923f2db59b7f,15aced6a6a61df90,840d2c82ea68b9aa,Ben Nguyen,20999e27ddd94bda,Ryan Benoit,Ben Nguyen,840d2c82ea68b9aa
8d04923f2db59b7f,08af25ef4252b138,8bdac25ce0bb874d,Ronda Rousey,634e2fb70bde3fd5,Holly Holm,Ronda Rousey,8bdac25ce0bb874d
8d477c3fbe001f9d,d9f5d05b07bae09e,a08ddd04eaffd81d,Mariya Agapova,38c7f72747f4f712,Gillian Robertson,Gillian Robertson,38c7f72747f4f712
8d477c3fbe001f9d,8a044e5400b4318f,37f560436d745c18,Nikolas Motta,87e2468b986ebb79,Cameron VanCamp,Nikolas Motta,37f560436d745c18
8d477c3fbe001f9d,35d06627d91b840d,cfc3e7bb44685289,Trey Ogden,4148802ae4a50768,Daniel Zellhuber,Daniel Zellhuber,4148802ae4a50768
8d477c3fbe001f9d,46b9acec12a35d37,b27a1fcb56a3035a,Trevin Giles,afe8d5b39ff7fca2,Louis Cosce,Trevin Giles,b27a1fcb56a3035a
8d477c3fbe001f9d,ec0740be19b2ef90,cffb87059e645bd1,Denise Gomes,4e30e4250cb08b61,Loma Lookboonmee,Denise Gomes,cffb87059e645bd1
8d477c3fbe001f9d,f521ecde1e96a1bd,29af297d9f1de0f8,Damon Jackson,b8bbdeff718dbb7d,Pat Sabatini,Pat Sabatini,b8bbdeff718dbb7d
8d477c3fbe001f9d,ce5ebaf8caf8c4a7,093e1f5bb73850be,Anthony Hernandez,8e9eb3fc86db0f7d,Marc-Andre Barriault,Anthony Hernandez,093e1f5bb73850be
8d477c3fbe001f9d,adb78db5ba8ccc0f,8fd808923cffff82,Andre Fili,9abc648e76c4493a,Bill Algeo,Bill Algeo,9abc648e76c4493a
8d477c3fbe001f9d,3cbd3565dd631cc4,04c8b08b16a5b99e,Tanner Boser,d31a5546c0e9b213,Rodrigo Nascimento,Rodrigo Nascimento,d31a5546c0e9b213
8d477c3fbe001f9d,df370b97ea49e6b4,65f09bacd3957381,Cory Sandhagen,efb96bf3e9ada36f,Song Yadong,Cory Sandhagen,65f09bacd3957381
8d477c3fbe001f9d,160c17b8fcb0e2a1,c1085e1701b13eca,Joe Pyfer,70fa1c64a2c439ef,Alen Amedovski,Joe Pyfer,c1085e1701b13eca
8d477c3fbe001f9d,be73f75b52b06f14,601964f9654f911a,Tony Gravely,bbab3baf66128ae2,Javid Basharat,Javid Basharat,bbab3baf66128ae2
8d477c3fbe001f9d,bd06f1c2d7e6c4a0,c68c68efaa5ca6ef,Chidi Njokuani,d1c65d2cf2925ddd,Gregory Rodrigues,Gregory Rodrigues,d1c65d2cf2925ddd
8d49545dadf9b919,880f2bb0a639a5a0,99df7d0a2a08a8a8,Jan Blachowicz,1091d4d957141094,Nikita Krylov,Nikita Krylov,1091d4d957141094
8d49545dadf9b919,1687e2cd061b7aec,d802174b0c0c1f4e,Magomed Ankalaev,6370c1c1e12723d5,Marcin Prachnio,Magomed Ankalaev,d802174b0c0c1f4e
8d49545dadf9b919,67f559403a6ec7cb,abd5fb12437eda21,Ramazan Emeev,348dff4e03bd18c6,Stefan Sekulic,Ramazan Emeev,abd5fb12437eda21
8d49545dadf9b919,f56c6646b54c0662,8f5c8850b2484173,Mairbek Taisumov,f046d724d2a84ac5,Desmond Green,Mairbek Taisumov,8f5c8850b2484173
8d49545dadf9b919,dd0a3aedba5cee87,e2ccd9a9ace60de7,Aleksei Kunchenko,31ee470ef5dc8d7f,Thiago Alves,Thiago Alves,31ee470ef5dc8d7f
8d49545dadf9b919,ba33d0868b25483b,9b7694d064a8a0ad,Rustam Khabilov,633a45d131192ffe,Kajan Johnson,Rustam Khabilov,9b7694d064a8a0ad
8d49545dadf9b919,a7e8416f0d57c8e0,3738e68d2261e60f,Andrei Arlovski,2f5cbecbbe18bac4,Shamil Abdurakhimov,Andrei Arlovski,3738e68d2261e60f
8d49545dadf9b919,c76fd2ddcbc4713d,d661ce4da776fc20,Petr Yan,7c9c6a884be167fe,Jin Soo Son,Petr Yan,d661ce4da776fc20
8d49545dadf9b919,d40f865aa6be9cd0,231cae8b77fbbcc1,Khalid Murtazaliev,5d7bdab5e03e3216,CB Dollaway,Khalid Murtazaliev,231cae8b77fbbcc1
8d49545dadf9b919,ed72edc2ce0f3c5f,0a95c474e61a6c44,Adam Yandiev,99bcdf5eac39898f,Jordan Johnson,Jordan Johnson,99bcdf5eac39898f
8d49545dadf9b919,6455d9c54d99b851,c03520b5c88ed6b4,Merab Dvalishvili,ba5e253af86db1a8,Terrion Ware,Merab Dvalishvili,c03520b5c88ed6b4
8d49545dadf9b919,eebb4dde70a67369,eef9b891edbd4604,Mark Hunt,98c23cb6da5b3352,Aleksei Oleinik,Mark Hunt,eef9b891edbd4604
8d5daf67983b65ba,3cd1f2c31b4e325a,279566840aa55bf2,Alexander Volkov,85073dbd1be65ed9,Greg Hardy,Alexander Volkov,279566840aa55bf2
8d5daf67983b65ba,343749a2f7c5d78b,d802174b0c0c1f4e,Magomed Ankalaev,ce632027bf2a871b,Dalcha Lungiambula,Magomed Ankalaev,d802174b0c0c1f4e
8d5daf67983b65ba,071a1cd551b7b4d5,7f0f171414d0a287,Zelim Imadaev,a6cba6bb66c1a8c9,Danny Roberts,Danny Roberts,a6cba6bb66c1a8c9
8d5daf67983b65ba,f820c6292e19d854,0d980975001ae3d8,Shamil Gamzatov,7279654c7674cd24,Klidson Abreu,Shamil Gamzatov,0d980975001ae3d8
8d5daf67983b65ba,c3bb60dc82345a9f,87aa9fb63d6b51a1,Zabit Magomedsharipov,751de04455cfaac0,Calvin Kattar,Zabit Magomedsharipov,87aa9fb63d6b51a1
8d5daf67983b65ba,408fc024d3e91b0e,c3218c810959d279,Khadis Ibragimov,06f36cf4bd97ec77,Ed Herman,Ed Herman,06f36cf4bd97ec77
8d5daf67983b65ba,1317d7cd79495a0e,abd5fb12437eda21,Ramazan Emeev,5331b25a60417ffb,Anthony Rocco Martin,Anthony Rocco Martin,5331b25a60417ffb
8d5daf67983b65ba,c8dfcbee63266273,9b7694d064a8a0ad,Rustam Khabilov,90da09db03e41748,Sergey Khandozhko,Rustam Khabilov,9b7694d064a8a0ad
8d5daf67983b65ba,495e64df4c4ce7a7,9d83f6da776ff7d6,Roman Kopylov,37d5b176d438d2a5,Karl Roberson,Roman Kopylov,9d83f6da776ff7d6
8d5daf67983b65ba,1af574c0814429ac,029e1293e609fd74,Abubakar Nurmagomedov,3bb2dc8e87b10a46,David Zawada,Abubakar Nurmagomedov,029e1293e609fd74
8d5daf67983b65ba,a7807ab56cb49cad,d06f8869449ba7bd,Alexander Yakovlev,37c5366d18ed6c05,Roosevelt Roberts,Alexander Yakovlev,d06f8869449ba7bd
8d5daf67983b65ba,c814ef3b3a26e2fe,6c8072b61c276e67,Jessica-Rose Clark,91dac5e69e28d5b5,Pannie Kianzad,Pannie Kianzad,91dac5e69e28d5b5
8d5daf67983b65ba,f0418c2c989a5cde,d3fa5c5955397532,Grigory Popov,113df4fde64735c6,Davey Grant,Davey Grant,113df4fde64735c6
8dc4f34c1f50d00d,562d3261ca7bdf01,8b5f9ea38184ded3,Nicholas Musoke,d06f8869449ba7bd,Alexander Yakovlev,Nicholas Musoke,8b5f9ea38184ded3
8dc4f34c1f50d00d,ca16e203eb2bde60,3f52ce18fb98008f,Akira Corassani,150ff4cc642270b9,Max Holloway,Max Holloway,150ff4cc642270b9
8dc4f34c1f50d00d,da26301ae3e7a9b1,fd55393021a8c255,Gunnar Nelson,5b5307450405abf0,Rick Story,Rick Story,5b5307450405abf0
8dc4f34c1f50d00d,699a70c8fb3c0273,e9a3aeb207578eea,Ilir Latifi,99df7d0a2a08a8a8,Jan Blachowicz,Jan Blachowicz,99df7d0a2a08a8a8
8dc4f34c1f50d00d,75a88258eb967e0c,aceffa19749c4dc0,Zubaira Tukhugov,b406da701c479076,Ernest Chavez,Zubaira Tukhugov,aceffa19749c4dc0
8dc4f34c1f50d00d,5563d6de0b4c4d65,0e21976afc92e4d1,Magnus Cedenblad,06827d70c53ff0d9,Scott Askham,Magnus Cedenblad,0e21976afc92e4d1
8dc4f34c1f50d00d,63e21ff20866b8fb,99c7610aa74995d3,Cathal Pendred,7a39bbac8cc0fa70,Gasan Umalatov,Cathal Pendred,99c7610aa74995d3
8dc4f34c1f50d00d,24ac3d1bee1610ef,5f87a5c00b3d17ed,Dennis Siver,40093d1d2d78394e,Charles Rosa,Dennis Siver,5f87a5c00b3d17ed
8f4616698508f24d,e3881a6895be3e9e,a6cba6bb66c1a8c9,Danny Roberts,abd5fb12437eda21,Ramazan Emeev,Ramazan Emeev,abd5fb12437eda21
8f4616698508f24d,be8bee783d22bee2,8e5d953bdb9ae5e7,Loopy Godinez,528b071cf3da7c56,Luana Carolina,Loopy Godinez,8e5d953bdb9ae5e7
8f4616698508f24d,a2e1116a9fe84aa9,583ee11abddfc581,Nate Landwehr,5b86d491d63890c5,Ludovit Klein,Ludovit Klein,5b86d491d63890c5
8f4616698508f24d,fefa96b6d939ffea,fccf811c1e8b01c7,Andrew Sanchez,12ebd7d157e91701,Bruno Silva,Andrew Sanchez,fccf811c1e8b01c7
8f4616698508f24d,d9ca00b3c62a874d,d1941565abf50b16,Jim Miller,a2ccf35a88346a91,Erick Gonzalez,Jim Miller,d1941565abf50b16
8f4616698508f24d,330e67abac6e5ce7,d4691518d012b9e7,Aspen Ladd,d3f5d33d61cd00c9,Norma Dumont,Norma Dumont,d3f5d33d61cd00c9
8f4616698508f24d,b193e2317b21125c,34ff304266360297,Manon Fiorot,cc8c623cca88f54f,Mayra Bueno Silva,Manon Fiorot,34ff304266360297
8f4616698508f24d,814d481e79e9a525,efc67b07eed39794,Istela Nunes,c0d5c0c95c59050b,Ariane Carnelossi,Ariane Carnelossi,c0d5c0c95c59050b
8f4616698508f24d,188b63ec6ee1c1c9,3738e68d2261e60f,Andrei Arlovski,a2ea77e974c5889f,Carlos Felipe,Carlos Felipe,a2ea77e974c5889f
8f4616698508f24d,cf020c71f1dbfa0b,3b0a516d2921e0d6,Batgerel Danaa,cc351e408bbb7d43,Brandon Davis,Batgerel Danaa,3b0a516d2921e0d6
8f6a18831a120817,2b11aa4b90b1dd41,4333a8e70a672eb7,Brogan Walker,aa0c573da7119292,Juliana Miller,Juliana Miller,aa0c573da7119292
8f6a18831a120817,a6b328733d610e2b,6d4b63c767106d3a,Vicente Luque,b997be68943010fc,Geoff Neal,Vicente Luque,6d4b63c767106d3a
8f6a18831a120817,b530bb13aac1e48b,809bd1a871491508,Terrance McKinney,a2ccf35a88346a91,Erick Gonzalez,Terrance McKinney,809bd1a871491508
8f6a18831a120817,4adef20ce69217be,f626118b6da0e020,Bryan Battle,8abac218746e04ca,Takashi Sato,Bryan Battle,f626118b6da0e020
8f6a18831a120817,eda397c27787afa4,d156513a19acf856,Sam Alvey,0d65c432720accb9,Michal Oleksiejczuk,Michal Oleksiejczuk,0d65c432720accb9
8f6a18831a120817,044d210d7b1eb519,441eacbe20e0e80b,Augusto Sakai,e2f6b2769aaedd6c,Serghei Spivac,Serghei Spivac,e2f6b2769aaedd6c
8f6a18831a120817,b5274277ef6707c9,3351aa64aa83c4d9,Cory McKenna,7559395ad833c074,Miranda Granger,Cory McKenna,3351aa64aa83c4d9
8f6a18831a120817,a274ed04c36d40d4,cc8c623cca88f54f,Mayra Bueno Silva,5e6294b37bbef029,Stephanie Egger,Stephanie Egger,5e6294b37bbef029
8f6a18831a120817,a8bc6e005077bb0b,dea070ed4a2a8281,Thiago Santos,5444c5a201d3ee5a,Jamahal Hill,Thiago Santos,dea070ed4a2a8281
8f6a18831a120817,36f38c2534ef646b,da7f113b5ea39c43,Mohammed Usman,56f7d7ee06be4aab,Zac Pauga,Mohammed Usman,da7f113b5ea39c43
8fa2b06572365321,bcec26b425194e40,68d4a891e5cf2029,Tracy Cortez,a9e260472d321361,Jasmine Jasudavicius,Tracy Cortez,68d4a891e5cf2029
8fa2b06572365321,2e1435c160bfe8b2,4148802ae4a50768,Daniel Zellhuber,de45aaae23dfa392,Christos Giagos,Daniel Zellhuber,4148802ae4a50768
8fa2b06572365321,7a0813ec0fadc84e,9d83f6da776ff7d6,Roman Kopylov,ca43de99b07b6b40,Josh Fremd,Roman Kopylov,9d83f6da776ff7d6
8fa2b06572365321,c0ca4c201d086ea8,fe2babf95de24fb1,Raul Rosas Jr.,f3ca6908f78efebe,Terrence Mitchell,Raul Rosas Jr.,fe2babf95de24fb1
8fa2b06572365321,697efaf0d162e877,3a46b268013afede,Kevin Holland,6b453bc35a823c3f,Jack Della Maddalena,Jack Della Maddalena,6b453bc35a823c3f
8fa2b06572365321,11318a7807cee8ca,971dba22c622af12,Josefine Knutsson,b6203e0492a9336c,Marnic Mann,Josefine Knutsson,971dba22c622af12
8fa2b06572365321,58b2fdad7af9be02,dc07493a87dc0a6e,Alex Reyes,b39f7a6c2be17ee8,Charlie Campbell,Charlie Campbell,b39f7a6c2be17ee8
8fa2b06572365321,a5d76e93a5052e3f,d2f43cfaf8ca3560,Fernando Padilla,31f8081c7600da93,Kyle Nelson,Fernando Padilla,d2f43cfaf8ca3560
8fa2b06572365321,79f03eca3fe5cdb3,8e5d953bdb9ae5e7,Loopy Godinez,ac7c765882f2c68c,Elise Reed,Loopy Godinez,8e5d953bdb9ae5e7
8fd1f27e86661ede,19828eb12f6d41a8,b4eeac608fc82f88,Yves Jabouin,55f80a8aeffcdb33,Dustin Pague,Yves Jabouin,b4eeac608fc82f88
8fd1f27e86661ede,5deeecb6aaa5dfd1,c76ec2bc3a57666a,Mitch Clarke,1a7745388839e52b,John Maguire,John Maguire,1a7745388839e52b
8fd1f27e86661ede,177c1956907ed687,0d506315895efffc,Sean Pierson,6e0273f9478be71e,Kenny Robertson,Kenny Robertson,6e0273f9478be71e
8fd1f27e86661ede,43d1693f0198a93e,fe435e440b5de0ff,Jake Shields,effd9de9937996f8,Tyron Woodley,Tyron Woodley,effd9de9937996f8
8fd1f27e86661ede,63af858a04c1ad79,501b07aec9b8fc2d,Sam Stout,8f6a18831a120817,James Krause,James Krause,8f6a18831a120817
8fd1f27e86661ede,27ff1bfeb2d50b38,658c3465581ae46b,Pat Barry,ca2efc9d7d523c43,Shawn Jordan,Shawn Jordan,ca2efc9d7d523c43
8fd1f27e86661ede,a4daf2f24acdcd43,3f7c14c7eca7195d,Roy Nelson,d28dee5c705991df,Stipe Miocic,Stipe Miocic,d28dee5c705991df
8fd1f27e86661ede,44ca8997a3e5cda8,bc3ec52ef70fc155,Ryan Jimmo,53278852bcd91e11,Igor Pokrajac,Ryan Jimmo,bc3ec52ef70fc155
8fd1f27e86661ede,c8ec6fd9aa2dcc23,ee779c43a8926d52,Rashad Evans,1ccf4e7caff270df,Dan Henderson,Rashad Evans,ee779c43a8926d52
8fd1f27e86661ede,8b08b73f16ff7b3b,173acb3f920082b8,Roland Delorme,bbfca6d5c27d9cd8,Edwin Figueroa,Edwin Figueroa,bbfca6d5c27d9cd8
8fd76e1b49c00ae2,4dd2bcd2b025204e,9abc648e76c4493a,Bill Algeo,4f140403000158b5,Herbert Burns,Bill Algeo,9abc648e76c4493a
8fd76e1b49c00ae2,ebefe958473b3843,64facb6cc564262d,Punahele Soriano,ce632027bf2a871b,Dalcha Lungiambula,Punahele Soriano,64facb6cc564262d
8fd76e1b49c00ae2,a5d2f0fed3ce2899,e4277e87a789d687,Dustin Jacoby,74f9448b97bf8bec,Da Woon Jung,Dustin Jacoby,e4277e87a789d687
8fd76e1b49c00ae2,74b8a36293758342,5987b2458f4b5290,Ricky Simon,b8a85389d115e35a,Jack Shore,Jack Shore,b8a85389d115e35a
8fd76e1b49c00ae2,d439374c1fc95581,98d961097baaf308,Shane Burgos,f1d64ae34e088832,Charles Jourdain,Shane Burgos,98d961097baaf308
8fd76e1b49c00ae2,4965d8eab468b839,729d4bd5a6cd0a97,Lauren Murphy,b96619b3acd7d9da,Miesha Tate,Miesha Tate,b96619b3acd7d9da
8fd76e1b49c00ae2,8e4024cb49c963f2,67c1d46f4ed16f9e,Matt Schnell,3cf18e01cb6cbde3,Sumudaerji,Sumudaerji,3cf18e01cb6cbde3
8fd76e1b49c00ae2,7503d5c892f238fb,def8166ff24bd237,Brian Ortega,cbf5e6f231b55443,Yair Rodriguez,Yair Rodriguez,cbf5e6f231b55443
8fd76e1b49c00ae2,e57bfadb506e4f51,eb04b9d31e938edb,Michelle Waterson-Gomez,3df5493bb279226f,Amanda Lemos,Amanda Lemos,3df5493bb279226f
8fd76e1b49c00ae2,9f3326195672c2b9,8be158ca1e5ea6a0,Dwight Grant,71505842fb6455c3,Dustin Stoltzfus,Dwight Grant,8be158ca1e5ea6a0
8fd76e1b49c00ae2,dd456668731bd52a,e64b96c07d7ce999,Li Jingliang,447f9858ae78f921,Muslim Salikhov,Muslim Salikhov,447f9858ae78f921
8fd76e1b49c00ae2,b1af3bd0f8266a90,c742287ed86a09bc,Jessica Penne,02f8fedc18cbd26c,Emily Ducote,Emily Ducote,02f8fedc18cbd26c
901cddcbfa079097,b0f4c7788782e26e,8a1f3b5c526cd6e6,Daniel Rodriguez,442c9011034ae1fd,Ian Machado Garry,Ian Machado Garry,442c9011034ae1fd
901cddcbfa079097,acfcf75f0215b7ab,6c8072b61c276e67,Jessica-Rose Clark,2c5f5749569eef66,Tainara Lisboa,Tainara Lisboa,2c5f5749569eef66
901cddcbfa079097,c501576b8ec35758,d4c9dcd330403612,Anthony Smith,c21f26bbde777573,Johnny Walker,Johnny Walker,c21f26bbde777573
901cddcbfa079097,838a022ca5d99cc1,4b47e71384a9522f,Tim Means,cdb96af67d096b1e,Alex Morono,Tim Means,4b47e71384a9522f
901cddcbfa079097,14e689e60419d469,bf7ad5628363eec9,Cody Stamann,3a314d9fa7c6825d,Douglas Silva de Andrade,Douglas Silva de Andrade,3a314d9fa7c6825d
901cddcbfa079097,6ca856d1950d8f7f,a20f234df70f2182,Ji Yeon Kim,297a2b35444c245b,Mandy Bohm,Mandy Bohm,297a2b35444c245b
901cddcbfa079097,3387f430abb7e39f,d35f734c56a89103,Karl Williams,01b352b6a9074d5c,Chase Sherman,Karl Williams,d35f734c56a89103
901cddcbfa079097,f2ced83baf0457fc,31123249b0bbf52e,Matt Brown,523fa774700d7d3f,Court McGee,Matt Brown,31123249b0bbf52e
901cddcbfa079097,dae2484418631ff5,9014c02eff8b3d62,Carlos Ulberg,260bd4cef10b033f,Ihor Potieria,Carlos Ulberg,9014c02eff8b3d62
901cddcbfa079097,81fda78adcaedbc7,f626118b6da0e020,Bryan Battle,5eb50529a8418b77,Gabe Green,Bryan Battle,f626118b6da0e020
901cddcbfa079097,755202fce24b8f83,2cd428e9606856fd,Jairzinho Rozenstruik,41e83a89929d1327,Jailton Almeida,Jailton Almeida,41e83a89929d1327
902ab9197b83d0db,50dae6b76c9c6490,21b813b919776d90,Erik Silva,8d11d9c13e2ccdf7,Muhammad Naimov,Muhammad Naimov,8d11d9c13e2ccdf7
902ab9197b83d0db,6e4acb2aaa2cee56,40cb680ae1cd331f,Yazmin Jauregui,e94085e821bd81de,Sam Hughes,Yazmin Jauregui,40cb680ae1cd331f
902ab9197b83d0db,74f5cbecac011abb,792be9a24df82ed6,Brandon Moreno,6e15f63b6c2e2c15,Brandon Royval,Brandon Moreno,792be9a24df82ed6
902ab9197b83d0db,5e8c710f9f27aff8,f2900678e98f6d6a,Ronaldo Rodriguez,2526be54e6a0e62a,Denys Bondar,Ronaldo Rodriguez,f2900678e98f6d6a
902ab9197b83d0db,93ddc6b233d1956a,dc7927cd622676a7,Victor Altamirano,5cdf5339728f580d,Felipe dos Santos,Felipe dos Santos,5cdf5339728f580d
902ab9197b83d0db,a376f6d5806d0c90,d747eb273a40a920,Claudio Puelles,1e4f273069fb9e85,Fares Ziam,Fares Ziam,1e4f273069fb9e85
902ab9197b83d0db,1c03c1bb62f3aed6,5ef94841c4bc3f86,Edgar Chairez,31bb0772f21cabd8,Daniel Lacerda,Edgar Chairez,5ef94841c4bc3f86
902ab9197b83d0db,063e7ce759c52f81,7debc13b36343605,Cristian Quinonez,b9f28e7045fdfce7,Raoni Barcelos,Raoni Barcelos,b9f28e7045fdfce7
902ab9197b83d0db,ecbece0cbd60029e,4148802ae4a50768,Daniel Zellhuber,3920d0cc288f9b0d,Francisco Prado,Daniel Zellhuber,4148802ae4a50768
902ab9197b83d0db,3b05a4ced6dd74f5,cbf5e6f231b55443,Yair Rodriguez,def8166ff24bd237,Brian Ortega,Yair Rodriguez,cbf5e6f231b55443
902ab9197b83d0db,d1d3b6ab8a56e973,c051c2e12d692b8a,Jesus Aguilar,48812daf291a4e23,Mateus Mendonca,Jesus Aguilar,c051c2e12d692b8a
902ab9197b83d0db,673a156925dfb31d,2e7878927067fdca,Manuel Torres,fd406a32a6fb3a29,Chris Duncan,Manuel Torres,2e7878927067fdca
90e7447d8b7f3f35,11cb7d7d774d5e6a,92437c6775b3f7d1,John Moraga,e9bc5748e6a76bb6,Ashkan Mokhtarian,John Moraga,92437c6775b3f7d1
90e7447d8b7f3f35,165d3a571fcc5e3c,d024ed963e8bf7ea,Damien Brown,c77a953488e5607d,Vinc Pichel,Vinc Pichel,c77a953488e5607d
90e7447d8b7f3f35,288b479c485c48b2,4c288a2b250bb576,Luke Jumeau,68c11c27d4d56572,Dominique Steele,Luke Jumeau,4c288a2b250bb576
90e7447d8b7f3f35,e4db3b1669d498c3,e1248941344b3288,Alexander Volkanovski,35faad160d346839,Mizuto Hirota,Alexander Volkanovski,e1248941344b3288
90e7447d8b7f3f35,2dfa31667cee74c3,c96d9178c9ed9e62,Tim Elliott,840d2c82ea68b9aa,Ben Nguyen,Tim Elliott,c96d9178c9ed9e62
90e7447d8b7f3f35,dc7ba55ca764cfbe,193b9d1858bc4df3,Dan Hooker,4f732e58ed907eff,Ross Pearson,Dan Hooker,193b9d1858bc4df3
90e7447d8b7f3f35,cd96998e837b0da1,d3df1add9d9a7efb,Derrick Lewis,eef9b891edbd4604,Mark Hunt,Derrick Lewis,d3df1add9d9a7efb
90e7447d8b7f3f35,1b1d1900b4051344,71df36d6d8cf0d74,Kiichi Kunimoto,47cd337b86b1af92,Zak Ottow,Zak Ottow,47cd337b86b1af92
90e7447d8b7f3f35,4507354cd97f10e5,cd13728ae1151f46,Ion Cutelaba,b0bd0c5425668b8f,Henrique da Silva,Ion Cutelaba,cd13728ae1151f46
90e7447d8b7f3f35,ad772f626b5dd31d,b1a3e0aca758b322,Derek Brunson,bdcbb976816fd256,Daniel Kelly,Derek Brunson,b1a3e0aca758b322
9114c8ded5ccd71d,ddd63237f1b857a6,7acbb0972e75281a,Marvin Vettori,3a46b268013afede,Kevin Holland,Marvin Vettori,7acbb0972e75281a
9114c8ded5ccd71d,e27c28928ed4390f,d1941565abf50b16,Jim Miller,af65aa688d13eedf,Joe Solecki,Jim Miller,d1941565abf50b16
9114c8ded5ccd71d,7aebf01b5afc0109,c21a036b4e012f1c,John Makdessi,e4a47b07044ddd72,Ignacio Bahamondes,Ignacio Bahamondes,e4a47b07044ddd72
9114c8ded5ccd71d,ac9a8b73e58f3d71,f2b6fdb20675b11c,Mike Perry,8a1f3b5c526cd6e6,Daniel Rodriguez,Daniel Rodriguez,8a1f3b5c526cd6e6
9114c8ded5ccd71d,cd5d9828b278181a,74f9448b97bf8bec,Da Woon Jung,5da33b8fbfa5ee95,William Knight,Da Woon Jung,74f9448b97bf8bec
9114c8ded5ccd71d,3209bcfaf95de90b,257b0c8d6f199895,Impa Kasanganay,a6c20202c701e5ca,Sasha Palatnikov,Sasha Palatnikov,a6c20202c701e5ca
9114c8ded5ccd71d,71b81d8199a0fa19,040a74bb0a465c54,Arnold Allen,94426bb170c88115,Sodiq Yusuff,Arnold Allen,040a74bb0a465c54
9114c8ded5ccd71d,646eeca9447c6965,d156513a19acf856,Sam Alvey,d0e1b42d41dab603,Julian Marquez,Sam Alvey,d156513a19acf856
9114c8ded5ccd71d,444f0a732695dc81,1eff7bc0f815b270,Yorgan De Castro,8614b7134913f5d5,Jarjis Danho,Jarjis Danho,8614b7134913f5d5
9114c8ded5ccd71d,998296216e7171ed,df1eb4354d18a906,Scott Holtzman,72db2a14ffa73ece,Mateusz Gamrot,Mateusz Gamrot,72db2a14ffa73ece
9114c8ded5ccd71d,93a1cd50374397c0,12e0fdc606f7e274,Luis Saldana,ebef46976554f975,Jordan Griffin,Luis Saldana,12e0fdc606f7e274
9114c8ded5ccd71d,0992795fd0fa06d0,d343df8ba11f4c4e,Nina Nunes,7447e9f28508106a,Mackenzie Dern,Mackenzie Dern,7447e9f28508106a
9114c8ded5ccd71d,1fee9eca658d9808,2af2f2e26c4c0402,Hunter Azure,b8a85389d115e35a,Jack Shore,Jack Shore,b8a85389d115e35a
91181b29be041f1c,3fe3208df1098fdc,1f454354805b6f75,Anderson Silva,d897897060f10a3a,Rich Franklin,Anderson Silva,1f454354805b6f75
91181b29be041f1c,2e43a2f6e9336e2b,2a542ee8a8b83559,Tim Sylvia,fa315e6c77eee106,Brandon Vera,Tim Sylvia,2a542ee8a8b83559
91181b29be041f1c,5498622706d8dc17,427b5953ac8e3a27,Demian Maia,aae99701b21554e4,Ryan Jensen,Demian Maia,427b5953ac8e3a27
91181b29be041f1c,f4e5f49ca3831e64,c6a33ff198aaaeeb,Stephan Bonnar,f59f1d3a2ff13edd,Eric Schafer,Stephan Bonnar,c6a33ff198aaaeeb
91181b29be041f1c,2571e91b263df9fb,cbe79765d44bd172,Alvin Robinson,04d5718ed2661e8c,Jorge Gurgel,Jorge Gurgel,04d5718ed2661e8c
91181b29be041f1c,a9e13a29a332c886,6da99156486ed6c2,Joshua Burkman,e86bc32f5997a8f7,Forrest Petz,Joshua Burkman,6da99156486ed6c2
91181b29be041f1c,c7f6da6cd8e940b2,acff437707625fc7,Yushin Okami,2be6596a9db33bf5,Jason MacDonald,Yushin Okami,acff437707625fc7
91181b29be041f1c,431282ab4ee417f6,4130a743d9d22163,Alan Belcher,c8136ab8aa32c974,Kalib Starnes,Alan Belcher,4130a743d9d22163
91720876db0ee468,434411f139e51760,4f732e58ed907eff,Ross Pearson,d0d7160824278840,Junior Assuncao,Junior Assuncao,d0d7160824278840
91720876db0ee468,2f715933d0626544,cc6f9d1e89f3449a,Manvel Gamburyan,3a24769a4855040a,Diego Nunes,Diego Nunes,3a24769a4855040a
91720876db0ee468,68137e9ff22d426b,6bf5a7d3e081ade2,Anthony Njokuani,d1e7fc58d4225cdf,Danny Castillo,Danny Castillo,d1e7fc58d4225cdf
91720876db0ee468,972034fcd94ca83b,9bcf8603ceb25680,Dong Hyun Kim,0d506315895efffc,Sean Pierson,Dong Hyun Kim,9bcf8603ceb25680
91720876db0ee468,46bea6d63ffe17e4,6f81b6de2557739a,Jacob Volkmann,83fd97284f4bb4a4,Efrain Escudero,Jacob Volkmann,6f81b6de2557739a
91720876db0ee468,607722017a9d7e22,ccdd90bd1fc7dab6,Vladimir Matyushenko,3c6976f8182d9527,Alexander Gustafsson,Alexander Gustafsson,3c6976f8182d9527
91720876db0ee468,5c3325b7da3f7828,513c6f1715e547a8,Brock Lesnar,b4ad3a06ee4d660c,Alistair Overeem,Alistair Overeem,b4ad3a06ee4d660c
91720876db0ee468,eeef3df8adb8acc7,80dbeb1dd5b53e64,Nam Phan,893d51aaf024eddd,Jimy Hettes,Jimy Hettes,893d51aaf024eddd
91720876db0ee468,b9508f47504ccc59,6f018c039b4d5d80,Jon Fitch,0941df56f6ac954b,Johny Hendricks,Jon Fitch,6f018c039b4d5d80
91720876db0ee468,d940ffe543c4e38b,8355922d564b152c,Nate Diaz,1d00756835ca67c9,Donald Cerrone,Donald Cerrone,1d00756835ca67c9
91d73ee59347ac16,3f0826158f87f41d,98b80a717b9bda17,Matt Hamill,07f72a2a7591b409,Jon Jones,Jon Jones,07f72a2a7591b409
91d73ee59347ac16,0b0ba5238399545c,fc31f896cde2bc2e,John Howard,8a8a84b743ae7699,Dennis Hallman,John Howard,fc31f896cde2bc2e
91d73ee59347ac16,c32b24a24d946893,579fcdfcabd23a7b,Brian Stann,b9415726dc3ec526,Rodney Wallace,Brian Stann,579fcdfcabd23a7b
91d73ee59347ac16,e246b6a8cd7853de,3f7c14c7eca7195d,Roy Nelson,89a407032911e27e,Brendan Schaub,Brendan Schaub,89a407032911e27e
91d73ee59347ac16,de2328aa13e5ecdc,27541033b97c076d,Kevin Ferguson,0541480fbf719d86,Houston Alexander,Kevin Ferguson,27541033b97c076d
9211aae062b799d6,ba27835ff05df0c9,3be081c29bf734d9,Takanori Gomi,98a6b2361045898f,Dong Hyun Ma,Dong Hyun Ma,98a6b2361045898f
9211aae062b799d6,3b89556b3f177b7b,b102c26727306ab6,Jussier Formiga,7c3c48cf54a2848e,Yuta Sasaki,Jussier Formiga,b102c26727306ab6
9211aae062b799d6,da7afd49fefe6a46,4665f9f909cd7214,Shinsho Anzai,4c288a2b250bb576,Luke Jumeau,Shinsho Anzai,4665f9f909cd7214
9211aae062b799d6,690ab86bdd94149b,4690d47bf725fd98,Gokhan Saki,b0bd0c5425668b8f,Henrique da Silva,Gokhan Saki,4690d47bf725fd98
9211aae062b799d6,6be073563a421bca,88cd34d836b4ebcd,Teruto Ishihara,55ed59d541f8b90c,Rolando Dy,Teruto Ishihara,88cd34d836b4ebcd
9211aae062b799d6,e0e4ce7595b5c26a,5140122c3eecd307,Daichi Abe,203c957eac95dd87,Hyun Gyu Lim,Hyun Gyu Lim,203c957eac95dd87
9211aae062b799d6,e8d59c27b467d716,ec34349e7dffcde7,Claudia Gadelha,6a1901c62ab3870f,Jessica Andrade,Claudia Gadelha,ec34349e7dffcde7
9211aae062b799d6,d1bee15e60ee6721,50db8711c70196cd,Ovince Saint Preux,acff437707625fc7,Yushin Okami,Yushin Okami,acff437707625fc7
9211aae062b799d6,296cc69bcc3c1635,65ddc8a9ac4e8531,Keita Nakamura,cdb96af67d096b1e,Alex Morono,Alex Morono,cdb96af67d096b1e
93bf96be327fcd98,301f230c90c4bd7d,41e83a89929d1327,Jailton Almeida,82529ce93cd9a2cf,Anton Turkalj,Jailton Almeida,41e83a89929d1327
93bf96be327fcd98,db3e26d02d790c97,d3f5d33d61cd00c9,Norma Dumont,a7e3f02fe2b2fe30,Danyelle Wolf,Norma Dumont,d3f5d33d61cd00c9
93bf96be327fcd98,77acb96700e89c92,0112352cb32f5026,Denis Tiuliulin,830f60497fab345a,Jamie Pickett,Denis Tiuliulin,0112352cb32f5026
93bf96be327fcd98,bf334cb4e63f3430,92fa1401b7927da3,Jake Collier,7a5e8c94a86f9895,Chris Barnett,Chris Barnett,7a5e8c94a86f9895
93bf96be327fcd98,a5cf273faa3982b7,3f4c3bc822bea45d,Melissa Martinez,ac7c765882f2c68c,Elise Reed,Melissa Martinez,3f4c3bc822bea45d
93bf96be327fcd98,6010f681e54ba2cd,c7c39e2fb70248b3,Chad Anheliger,1897b7b913736a7c,Alatengheili,Chad Anheliger,c7c39e2fb70248b3
93bf96be327fcd98,0e6d624086f7952e,2c9d00968f818270,Hakeem Dawodu,902ec2cc48c8ae8a,Julian Erosa,Hakeem Dawodu,2c9d00968f818270
93bf96be327fcd98,d869eaea38426f06,c21f26bbde777573,Johnny Walker,cd13728ae1151f46,Ion Cutelaba,Johnny Walker,c21f26bbde777573
93bf96be327fcd98,7e8fd03e070d0c25,8355922d564b152c,Nate Diaz,22a92d7f62195791,Tony Ferguson,Tony Ferguson,22a92d7f62195791
93bf96be327fcd98,989b8d362742f40b,578ef12674df1e6a,Irene Aldana,9cdd2da1a9104a0b,Macy Chiasson,Macy Chiasson,9cdd2da1a9104a0b
93bf96be327fcd98,d3e23d7d207d3ccf,e64b96c07d7ce999,Li Jingliang,8a1f3b5c526cd6e6,Daniel Rodriguez,Daniel Rodriguez,8a1f3b5c526cd6e6
93bf96be327fcd98,0111e6a64b5184c6,767755fd74662dbf,Khamzat Chimaev,3a46b268013afede,Kevin Holland,Khamzat Chimaev,767755fd74662dbf
93bf96be327fcd98,86d57e8ef2191316,326a001926ffb7ec,Darian Weeks,f998f5c102250d6e,Yohan Lainesse,Yohan Lainesse,f998f5c102250d6e
94609dd91731d428,9cd343b9d5d87528,0ee783aa00e468f0,Vitor Belfort,0aa92558424ced9e,Randy Couture,Randy Couture,0aa92558424ced9e
94609dd91731d428,4076a87092da5bfa,73c7cfa551289285,BJ Penn,621a6c59f88a44fe,Matt Hughes,Matt Hughes,621a6c59f88a44fe
94609dd91731d428,1bc4996fa543a91a,6506c1d34da9c013,Georges St-Pierre,349aaa3da11eb587,Karo Parisyan,Georges St-Pierre,6506c1d34da9c013
94609dd91731d428,5bdaa71a5daebcb5,86dfed7cc24a9fa7,Matt Serra,a8ea84cbe1655f0a,Jeff Curran,Matt Serra,86dfed7cc24a9fa7
94609dd91731d428,fab7e4790b11de3c,a566371ba2ad7152,Josh Thomson,e0ec3c3b6b611f7e,Hermes Franca,Hermes Franca,e0ec3c3b6b611f7e
946f341df6472ee0,e1bc211f43378ee7,44260175069b6276,Jens Pulver,73c7cfa551289285,BJ Penn,BJ Penn,73c7cfa551289285
94a5aaf573f780ad,c163ed45c21c8548,578ef12674df1e6a,Irene Aldana,9b7dfb3b7d99926a,Vanessa Melo,Irene Aldana,578ef12674df1e6a
94a5aaf573f780ad,b2cdb4c34f37ad37,d910665038efc639,Carla Esparza,e8b731feff72294b,Alexa Grasso,Alexa Grasso,e8b731feff72294b
94a5aaf573f780ad,4f7ec66199bba232,d747eb273a40a920,Claudio Puelles,72e5e5a6edfa8223,Marcos Mariano,Claudio Puelles,d747eb273a40a920
94a5aaf573f780ad,c2b842fae4e9f1dc,4234f0097c83fa62,Sijara Eubanks,673ea7dcc786b1b3,Bethe Correia,Sijara Eubanks,4234f0097c83fa62
94a5aaf573f780ad,8cf6b22995c9efb8,acb36c908d415c4a,Vinicius Moreira,eabf206b162b3b83,Paul Craig,Paul Craig,eabf206b162b3b83
94a5aaf573f780ad,d9c0351cd21e40e0,de75d1c45a39e221,Sergio Pettis,6e00cfffd54653c4,Tyson Nam,Sergio Pettis,de75d1c45a39e221
94a5aaf573f780ad,953c89aa931082e4,36549928f90f1d36,Jose Quinonez,225def29ecfe0fc1,Carlos Huachin,Jose Quinonez,36549928f90f1d36
94a5aaf573f780ad,ad878cdd4fa36a3a,edd02825c29028fe,Marco Polo Reyes,31f8081c7600da93,Kyle Nelson,Kyle Nelson,31f8081c7600da93
94a5aaf573f780ad,49b2a6a93d529981,9c44f290f5726d95,Martin Bravo,b93c06d09d1c4ac0,Steven Peterson,Steven Peterson,b93c06d09d1c4ac0
94a5aaf573f780ad,52311c2cd0c84d67,c0d5c0c95c59050b,Ariane Carnelossi,f0feeb2192937424,Angela Hill,Angela Hill,f0feeb2192937424
96087e90d900f0ef,0b5c7c95b0316276,b0a6124751a56bc4,Jonathan Brookins,07225ba28ae309b6,Charles Oliveira,Charles Oliveira,07225ba28ae309b6
96087e90d900f0ef,8e4439cdc98d0644,7bd94b60d7521e4a,John Albert,af62f99eb7606308,Erik Perez,Erik Perez,af62f99eb7606308
96087e90d900f0ef,e8bb812cd91d9c28,a36556bb1565e32d,Joe Proctor,c3bd649a9194e50c,Jeremy Larsen,Joe Proctor,a36556bb1565e32d
96087e90d900f0ef,fa8c1f3d27fc349c,ff4c3ab594c7fac3,Cristiano Marcello,b8aef0faf4ce9b31,Sam Sicilia,Sam Sicilia,b8aef0faf4ce9b31
96087e90d900f0ef,8422c70a72eb9291,d81ac739417d7f53,Jake Ellenberger,8b69839f3555a67b,Martin Kampmann,Jake Ellenberger,d81ac739417d7f53
96087e90d900f0ef,1c245dc63a0b9d51,c58f51dedb310998,Michael Chiesa,59279a7c978f7da0,Al Iaquinta,Al Iaquinta,59279a7c978f7da0
9649d75defe0dedb,b309cdde35310875,64a50dad704d1d49,Edson Barboza,9e8f6c728eb01124,Justin Gaethje,Justin Gaethje,9e8f6c728eb01124
9649d75defe0dedb,b70e72f23446520a,d7c3816669784109,Karolina Kowalkiewicz,eb04b9d31e938edb,Michelle Waterson-Gomez,Karolina Kowalkiewicz,d7c3816669784109
9649d75defe0dedb,a0163cdde4ec785d,d2c55d1d2e67773b,David Branch,0a1942069c9ad6b6,Jack Hermansson,Jack Hermansson,0a1942069c9ad6b6
9649d75defe0dedb,1d8ee477e682a8fc,8667caa0451d245b,Kennedy Nzechukwu,eabf206b162b3b83,Paul Craig,Kennedy Nzechukwu,8667caa0451d245b
9649d75defe0dedb,818b55b087013e64,94426bb170c88115,Sodiq Yusuff,0d62719b1dcf7c40,Sheymon Moraes,Sodiq Yusuff,94426bb170c88115
9649d75defe0dedb,5c70b175f08ca141,fba03cd6cc28dc41,Josh Emmett,511e82663651438d,Michael Johnson,Josh Emmett,fba03cd6cc28dc41
9649d75defe0dedb,b7ff74563d034519,4f732e58ed907eff,Ross Pearson,f046d724d2a84ac5,Desmond Green,Desmond Green,f046d724d2a84ac5
9649d75defe0dedb,3db15d45e8490c22,ab2b4ff41d6ebe0f,Alex Perez,f57dd0bfa8c17813,Mark De La Rosa,Alex Perez,ab2b4ff41d6ebe0f
9649d75defe0dedb,b695fc80bd538172,70d2329a92864fdb,Sabina Mazo,b4192a975027aab6,Maryna Moroz,Sabina Mazo,70d2329a92864fdb
9649d75defe0dedb,7dc3ada8f2135477,3a46b268013afede,Kevin Holland,6ac9bc2953c47345,Gerald Meerschaert,Kevin Holland,3a46b268013afede
9649d75defe0dedb,6173056f0e080ca6,be0b310a12eb80b4,Enrique Barzola,cf946e03ba2e7666,Kevin Aguilar,Enrique Barzola,be0b310a12eb80b4
9649d75defe0dedb,93a081342561d0c3,a4de54ea806fb525,Ray Borg,e7bba7ce4d6c7b07,Casey Kenney,Casey Kenney,e7bba7ce4d6c7b07
9649d75defe0dedb,f5a038c18f7a44fc,cd2c4d30c6e13b47,Marina Rodriguez,8f382b3baa954d2a,Jessica Aguilar,Marina Rodriguez,cd2c4d30c6e13b47
96d173b7f92aa520,e3072951bb030826,ff4c3ab594c7fac3,Cristiano Marcello,e25bcbcdaf6537a1,Reza Madadi,Reza Madadi,e25bcbcdaf6537a1
96d173b7f92aa520,5ab7629e07da22e6,1bcaac2d99b90fce,Sergio Moraes,44bc27bfa76dcd9e,Renee Forte,Sergio Moraes,1bcaac2d99b90fce
96d173b7f92aa520,219610bc6e7d9196,427b5953ac8e3a27,Demian Maia,5b5307450405abf0,Rick Story,Demian Maia,427b5953ac8e3a27
96d173b7f92aa520,4c9cb823fd7e3e2c,902ab9197b83d0db,Phil Davis,7f6ef4e1227600bc,Wagner Prado,Phil Davis,902ab9197b83d0db
96d173b7f92aa520,778d3f5c4bcc2927,7ff97850e8c32bda,Glover Teixeira,1fb80f46d3c105d9,Fabio Maldonado,Glover Teixeira,7ff97850e8c32bda
96d173b7f92aa520,dba1add63d4bcbaa,ee9d73f4fee9cbdd,Antonio Rodrigo Nogueira,cbd6f1abf955e628,Dave Herman,Antonio Rodrigo Nogueira,ee9d73f4fee9cbdd
96d173b7f92aa520,dab5e3680cf6eac7,b71ce838b01f2cad,Rony Jason,b8aef0faf4ce9b31,Sam Sicilia,Sam Sicilia,b8aef0faf4ce9b31
96d173b7f92aa520,526ab0f38313c630,1f454354805b6f75,Anderson Silva,c6a33ff198aaaeeb,Stephan Bonnar,Anderson Silva,1f454354805b6f75
96d173b7f92aa520,297a3fe0edd6f1c5,75e5fec9f72910ef,Gleison Tibau,a8283a4f415e1eb9,Francisco Trinaldo,Francisco Trinaldo,a8283a4f415e1eb9
96d173b7f92aa520,034ce0af4dedbfd7,6f018c039b4d5d80,Jon Fitch,5866fc86183a9fb8,Erick Silva,Jon Fitch,6f018c039b4d5d80
96d173b7f92aa520,d9df78e82953bfe5,24b033b3daf1c9df,Luiz Cane,6c2030e0a143a94b,Chris Camozzi,Luiz Cane,24b033b3daf1c9df
972197a8c61ac413,bf732e22055e8634,d3df1add9d9a7efb,Derrick Lewis,787bb1f087ccff8a,Ciryl Gane,Ciryl Gane,787bb1f087ccff8a
972197a8c61ac413,980927e7dcc131c0,d0f3959b4a9747e6,Jose Aldo,6bd02119599741a4,Pedro Munhoz,Jose Aldo,d0f3959b4a9747e6
972197a8c61ac413,85c5dd604d5b3634,5d1b7e3dd9e11074,Manel Kape,6d68c1afe954f121,Ode Osbourne,Manel Kape,5d1b7e3dd9e11074
972197a8c61ac413,3d75081ce43774ca,37098a6e6c27fb66,Vince Morales,dc3b9cf7641b7ab6,Drako Rodriguez,Vince Morales,37098a6e6c27fb66
972197a8c61ac413,cce232c1b1b2e4a0,9dedfdd91070ddd8,Victoria Leonardo,a4a80dd7336ffd59,Melissa Gatto,Melissa Gatto,a4a80dd7336ffd59
972197a8c61ac413,f2336b7545f5f442,d7c3816669784109,Karolina Kowalkiewicz,c742287ed86a09bc,Jessica Penne,Karolina Kowalkiewicz,d7c3816669784109
972197a8c61ac413,962aab0abdd34173,efb96bf3e9ada36f,Song Yadong,e7bba7ce4d6c7b07,Casey Kenney,Song Yadong,efb96bf3e9ada36f
972197a8c61ac413,903d2c361d005b70,31ef8b67e13495b3,Tecia Pennington,f0feeb2192937424,Angela Hill,Tecia Pennington,31ef8b67e13495b3
972197a8c61ac413,dcd0793ff1a43b68,a495f599e787614f,Alonzo Menifield,06f36cf4bd97ec77,Ed Herman,Alonzo Menifield,a495f599e787614f
972197a8c61ac413,efe985e626a0d8c0,c58f51dedb310998,Michael Chiesa,6d4b63c767106d3a,Vicente Luque,Vicente Luque,6d4b63c767106d3a
972197a8c61ac413,76ece0ee2ef5d240,887961364be5ceb3,King Green,c814b4c899793af6,Rafael Fiziev,Rafael Fiziev,c814b4c899793af6
972197a8c61ac413,af9927b5589e708b,f6bcbd91b114ff58,Johnny Munoz,f0fad0e9f3b65752,Jamey Simmons,Johnny Munoz,f6bcbd91b114ff58
972197a8c61ac413,9a678f346946b6a4,46e0d677f91bacc0,Miles Johns,bbc9ab95fa766493,Anderson Dos Santos,Miles Johns,46e0d677f91bacc0
9766ed20b68c7c33,a857acedb53ee959,be9bdec19b7e9ffe,Austen Lane,39d309957c5c210d,Mario Pinto,Mario Pinto,39d309957c5c210d
9766ed20b68c7c33,061990783b9bdb36,b7b84ccd221be298,Nasrat Haqparast,323d4ca260dfa0ba,Esteban Ribovics,Nasrat Haqparast,b7b84ccd221be298
9766ed20b68c7c33,dd1df7f5a54fd9fc,1ae8f3c723aacff4,Ricardo Ramos,e0c6edcb5b5d0b90,Chepe Mariscal,Chepe Mariscal,e0c6edcb5b5d0b90
9766ed20b68c7c33,9d8a37f130db13e5,5d1b7e3dd9e11074,Manel Kape,8d3273573b85be09,Asu Almabayev,Asu Almabayev,8d3273573b85be09
9766ed20b68c7c33,1de799f17556b501,d964a59c48381cb6,Danny Silva,710f0f8c5d5c9d41,Lucas Almeida,Danny Silva,d964a59c48381cb6
9766ed20b68c7c33,206b8c14546d71f1,814e5233e2acf2ee,Charles Johnson,7d0a1968b38ca439,Ramazan Temirov,Ramazan Temirov,7d0a1968b38ca439
9766ed20b68c7c33,0dfdc94c1da32e20,41cc71cbf210e0fe,Hyder Amil,e1d40e8782d80bc2,William Gomis,Hyder Amil,41cc71cbf210e0fe
9766ed20b68c7c33,6bdf0756fb57aced,f14f644d41ade29f,Cody Brundage,d0e1b42d41dab603,Julian Marquez,Cody Brundage,f14f644d41ade29f
9766ed20b68c7c33,1ada4b9ee5810e0f,05fa626cb33d15b8,Andrea Lee,6fd953151d981979,JJ Aldrich,JJ Aldrich,6fd953151d981979
9766ed20b68c7c33,d6c3b730dc9f21a5,b7c5eb7cdbac6a63,Danny Barlow,8b6e5dc2ba1edbe7,Sam Patterson,Danny Barlow,b7c5eb7cdbac6a63
977081bc01197656,14850f48b2bede47,7f955f71fa2ce7ac,Alessio Sakara,817e0bdf08efce2e,Elvis Sinosic,Alessio Sakara,7f955f71fa2ce7ac
977081bc01197656,d9499d55f9f53112,d512d9f204059f57,Joe Riggs,f57a8a52ca401ed9,Nick Diaz,Nick Diaz,f57a8a52ca401ed9
977081bc01197656,0e94e0a8c2130cea,a390eb8a9b2df298,Chuck Liddell,0aa92558424ced9e,Randy Couture,Chuck Liddell,a390eb8a9b2df298
980b4e712489098e,fef6b147d5fb90bd,b5b684eac99ae0a3,Chad Mendes,c47df9303d318c67,Clay Guida,Chad Mendes,b5b684eac99ae0a3
980b4e712489098e,9cd973a0a6c1cd5c,46fd223e3ced39b3,Ryan Couture,59279a7c978f7da0,Al Iaquinta,Al Iaquinta,59279a7c978f7da0
980b4e712489098e,6ce1b33bccdfa676,32be4b7f7de1c905,Chico Camus,a7897d200692ab64,Kyung Ho Kang,Kyung Ho Kang,a7897d200692ab64
980b4e712489098e,b4555cd5b5d2a53f,60029bcf496bd707,Soa Palelei,1091d4d957141094,Nikita Krylov,Nikita Krylov,1091d4d957141094
980b4e712489098e,98903717ea3dfc24,23459ee7e373b98f,Jared Hamman,0e21976afc92e4d1,Magnus Cedenblad,Magnus Cedenblad,0e21976afc92e4d1
980b4e712489098e,fa084335b5f87627,2676b28836a5a836,Benson Henderson,cbb682f5fcc44bfc,Anthony Pettis,Benson Henderson,2676b28836a5a836
980b4e712489098e,4dc03e76536b85e5,bd58d34e39b7b12a,Ben Rothwell,fa315e6c77eee106,Brandon Vera,Ben Rothwell,bd58d34e39b7b12a
980b4e712489098e,7b13fdc889028e66,a54fc2d6fc224dc3,Jamie Varner,75e5fec9f72910ef,Gleison Tibau,Gleison Tibau,75e5fec9f72910ef
980b4e712489098e,336670b46f343d65,b72a60a0cadff408,Louis Gaudinot,c96d9178c9ed9e62,Tim Elliott,Tim Elliott,c96d9178c9ed9e62
980b4e712489098e,af51920a3e176995,99bd87a300079ed9,Erik Koch,029eaff01e6bb8f0,Dustin Poirier,Dustin Poirier,029eaff01e6bb8f0
980b4e712489098e,aac887ea8a83d7a4,1ff9589f9065a9ed,Frank Mir,ad3f53c454cbbead,Josh Barnett,Josh Barnett,ad3f53c454cbbead
981ab7a0576f76a0,b3d88eaea611a4a8,d0f3959b4a9747e6,Jose Aldo,f2477cf43c4975cc,Jonathan Martinez,Jose Aldo,d0f3959b4a9747e6
981ab7a0576f76a0,3f419fce8ba8aa0e,a0f0004aadf10b71,Alexandre Pantoja,32ab52e5de93092d,Steve Erceg,Alexandre Pantoja,a0f0004aadf10b71
981ab7a0576f76a0,2db0998b24c11ea0,eabf206b162b3b83,Paul Craig,4126a78111c0855a,Caio Borralho,Caio Borralho,4126a78111c0855a
981ab7a0576f76a0,3e74caa9fff4a5eb,595db60957de51d3,Michel Pereira,260bd4cef10b033f,Ihor Potieria,Michel Pereira,595db60957de51d3
981ab7a0576f76a0,c456b1950208e0b2,b8a85389d115e35a,Jack Shore,791c8437b341fba5,Joanderson Brito,Jack Shore,b8a85389d115e35a
981ab7a0576f76a0,c84a29f426f1aab7,d7c3816669784109,Karolina Kowalkiewicz,abcf2cc6efc42031,Iasmin Lucindo,Iasmin Lucindo,abcf2cc6efc42031
981ab7a0576f76a0,8a121f9c48f3773c,48a9a128784d53d1,Elves Brener,bf2c8e01b07d3eb1,Myktybek Orolbai,Myktybek Orolbai,bf2c8e01b07d3eb1
981ab7a0576f76a0,2faf5b8d708f8e94,ae7fe94f117f98cf,Joaquim Silva,7cbf7c78d3b34218,Drakkar Klose,Drakkar Klose,7cbf7c78d3b34218
981ab7a0576f76a0,4661e9ca9354021e,27b388f0aab49780,Dione Barbosa,e4faa79383c9f214,Ernesta Kareckaite,Ernesta Kareckaite,e4faa79383c9f214
981ab7a0576f76a0,a8718a3419a11e15,d4c9dcd330403612,Anthony Smith,71171fc96445bf65,Vitor Petrino,Vitor Petrino,71171fc96445bf65
981ab7a0576f76a0,89db7aca37b87711,eb393afdbe3293d5,Ismael Bonfim,c77a953488e5607d,Vinc Pichel,Ismael Bonfim,eb393afdbe3293d5
981ab7a0576f76a0,fe0f1b418e6d3ecb,3fa97913cfd205d3,Alessandro Costa,34b96d52db1d26e6,Kevin Borjas,Alessandro Costa,3fa97913cfd205d3
981ab7a0576f76a0,b9de363e6b406853,9c393e836a852f30,Mauricio Ruffy,af9f42e6894047fc,Jamie Mullarkey,Mauricio Ruffy,9c393e836a852f30
990060b2a68a7b82,a78ccbb549d36ddd,0749d968e932df53,Tarec Saffiedine,5b5307450405abf0,Rick Story,Rick Story,5b5307450405abf0
990060b2a68a7b82,8d9b460143ae19bc,2b074403b7c6cdb4,Thomas Almeida,d8c7c61b176e3994,Cody Garbrandt,Cody Garbrandt,d8c7c61b176e3994
990060b2a68a7b82,b2c3f1783a0c8530,2c99576fefe53c7c,Renan Barao,18968f97ad34f15c,Jeremy Stephens,Renan Barao,2c99576fefe53c7c
990060b2a68a7b82,8d975de5d033ccde,47b9e0e7703a4868,Jorge Masvidal,9450848a71d53776,Lorenz Larkin,Jorge Masvidal,47b9e0e7703a4868
990060b2a68a7b82,6e093a1d4286dad6,cb696ebfb6598724,Aljamain Sterling,5ef0088c1b19beeb,Bryan Caraway,Aljamain Sterling,cb696ebfb6598724
990060b2a68a7b82,969970fbe24945d0,e51ee8ded927fc51,Chris de la Rocha,72ffecf712673af1,Adam Milstead,Chris de la Rocha,e51ee8ded927fc51
990060b2a68a7b82,f457d55f78d581f9,e14b5aa06eea9653,Abel Trujillo,c07efc18b231f170,Jordan Rinaldi,Abel Trujillo,e14b5aa06eea9653
990060b2a68a7b82,6387fdb44c61ccdb,6da99156486ed6c2,Joshua Burkman,e5010b1b94ca5755,Paul Felder,Paul Felder,e5010b1b94ca5755
990060b2a68a7b82,934718256f4d082c,7be74a12d7352df2,Sara McMann,f72465a784c1b084,Jessica Eye,Sara McMann,7be74a12d7352df2
990060b2a68a7b82,313801a4262f1ea5,6c2030e0a143a94b,Chris Camozzi,4bcb6eb12b4ad4aa,Vitor Miranda,Chris Camozzi,6c2030e0a143a94b
990060b2a68a7b82,5724a9cf463c8390,99bd87a300079ed9,Erik Koch,784285b7ae7dd85f,Shane Campbell,Erik Koch,99bd87a300079ed9
992c82450d96f726,28b6ee9c3eb8b753,82d4c957649faf9b,Miguel Baeza,8abac218746e04ca,Takashi Sato,Miguel Baeza,82d4c957649faf9b
992c82450d96f726,181c3312f14de5a8,be68b375707dcb85,Spike Carlyle,9abc648e76c4493a,Bill Algeo,Bill Algeo,9abc648e76c4493a
992c82450d96f726,4d56bcd82438e632,87c0b1c696ddfb43,Jonathan Pearce,eee0ef3e2b14816b,Kai Kamaka,Jonathan Pearce,87c0b1c696ddfb43
992c82450d96f726,09a29fb09fe07559,d4c9dcd330403612,Anthony Smith,cc7040fe76f0ef91,Devin Clark,Anthony Smith,d4c9dcd330403612
992c82450d96f726,2a7909acde26a240,fc6e681bf6658faf,Ashlee Evans-Smith,d3f5d33d61cd00c9,Norma Dumont,Norma Dumont,d3f5d33d61cd00c9
992c82450d96f726,e64d80dcc6853ea0,96428b9e9bd048ea,Luke Sanders,6e9f40c706f91f32,Nate Maness,Nate Maness,6e9f40c706f91f32
992c82450d96f726,8868957c1735bcf0,3cf18e01cb6cbde3,Sumudaerji,dee294e9717012c2,Malcolm Gordon,Sumudaerji,3cf18e01cb6cbde3
992c82450d96f726,711f00d287344c77,016a8d958883167c,Gina Mazany,01784fbc27c68b14,Rachael Ostovich,Gina Mazany,016a8d958883167c
992c82450d96f726,0c27552ea7bc8c8a,ea3dcc417c322064,Martin Day,bbc9ab95fa766493,Anderson Dos Santos,Anderson Dos Santos,bbc9ab95fa766493
992c82450d96f726,32a7da2f34ae3803,b5da8f7d05e85a55,Josh Parisian,ac40f7e3cbecdda4,Parker Porter,Parker Porter,ac40f7e3cbecdda4
997b4f52f76a0b53,ab475a3a4487d6d3,4a57ebb14315b251,Randa Markos,e50cd77732d39967,Aisling Daly,Aisling Daly,e50cd77732d39967
997b4f52f76a0b53,48f23cc8cc5ad9a9,c03a5022f8439f2a,Chad Laprise,a331233f597090a5,Bryan Barberena,Bryan Barberena,a331233f597090a5
997b4f52f76a0b53,6b532f492e98d22f,4c2d90e335e6df19,Alexis Davis,36df8e119aec6175,Sarah Kaufman,Sarah Kaufman,36df8e119aec6175
997b4f52f76a0b53,591699203b264f6c,9fa3bd637edd9aa2,Patrick Cote,d512d9f204059f57,Joe Riggs,Patrick Cote,9fa3bd637edd9aa2
997b4f52f76a0b53,6c2097664ac1bf16,8a304bfd6bf04a57,Demetrious Johnson,98aa60cf58071fd6,Kyoji Horiguchi,Demetrious Johnson,8a304bfd6bf04a57
997b4f52f76a0b53,ccbbf1ccd4513551,2b93ebd9f5417ad2,Michael Bisping,5d7bdab5e03e3216,CB Dollaway,Michael Bisping,2b93ebd9f5417ad2
997b4f52f76a0b53,059dcd0b3b8e0a3f,49858bf46dabf6fb,Nordine Taleb,e5ecaf884b6da2bc,Chris Clements,Nordine Taleb,49858bf46dabf6fb
997b4f52f76a0b53,4669c07f3cc9e35f,ffc088e64fab57e9,Quinton Jackson,1fb80f46d3c105d9,Fabio Maldonado,Quinton Jackson,ffc088e64fab57e9
997b4f52f76a0b53,78f1457371e2ef6b,b4eeac608fc82f88,Yves Jabouin,2b074403b7c6cdb4,Thomas Almeida,Thomas Almeida,2b074403b7c6cdb4
997b4f52f76a0b53,0c74e600ded0de97,c21a036b4e012f1c,John Makdessi,784285b7ae7dd85f,Shane Campbell,John Makdessi,c21a036b4e012f1c
99bf06f20491cb54,aebdb007f8d1348a,30ea504870f8597b,Josh Stansbury,917a5cb9821df261,Jeremy Kimball,Jeremy Kimball,917a5cb9821df261
99bf06f20491cb54,bd59c07a106d331b,b6850671a008bf9a,Felice Herrig,928ae2e5b5f7a9ec,Justine Kish,Justine Kish,928ae2e5b5f7a9ec
99bf06f20491cb54,b53fd8bce62aa1c6,4b47e71384a9522f,Tim Means,a2b12c3f3d60ff69,Alex Garcia,Tim Means,4b47e71384a9522f
99bf06f20491cb54,3d1f83264d87c529,4bcb6eb12b4ad4aa,Vitor Miranda,7acbb0972e75281a,Marvin Vettori,Marvin Vettori,7acbb0972e75281a
99bf06f20491cb54,9a79a4b97a0f1e24,c47df9303d318c67,Clay Guida,99bd87a300079ed9,Erik Koch,Clay Guida,c47df9303d318c67
99bf06f20491cb54,ae5c7517d9f2516c,2d447cc91bdaa545,Joachim Christensen,2e19380f34871c6a,Dominick Reyes,Dominick Reyes,2e19380f34871c6a
99bf06f20491cb54,3a4d2a933a3c7291,73c7cfa551289285,BJ Penn,5f87a5c00b3d17ed,Dennis Siver,Dennis Siver,5f87a5c00b3d17ed
99bf06f20491cb54,1bd52b0c01018f4a,d910665038efc639,Carla Esparza,b4192a975027aab6,Maryna Moroz,Carla Esparza,d910665038efc639
99bf06f20491cb54,f7ae397fefa57c70,065eb44700e641a4,Devin Powell,18e8b7070228e728,Darrell Horcher,Darrell Horcher,18e8b7070228e728
99bf06f20491cb54,1e75ee0da189857b,7026eca45f65377b,Jared Gordon,5e84a859c6a82288,Michel Quinones,Jared Gordon,7026eca45f65377b
99bf06f20491cb54,0ad57af26ddc7930,c80095f6092271a7,Tim Boetsch,0941df56f6ac954b,Johny Hendricks,Johny Hendricks,0941df56f6ac954b
99bf06f20491cb54,eafda776967c6444,5331b25a60417ffb,Anthony Rocco Martin,1f4b04a926ef1287,Johnny Case,Johnny Case,1f4b04a926ef1287
99bf06f20491cb54,7013a95ea4014606,c58f51dedb310998,Michael Chiesa,ee9ebceabfd16fa7,Kevin Lee,Kevin Lee,ee9ebceabfd16fa7
9a967e8e43dcef63,e9ec16e4e7cfb120,94527830000ab715,Rani Yahya,5fceb45939fc0c8a,Tom Niinimaki,Rani Yahya,94527830000ab715
9a967e8e43dcef63,f0815638f558968d,7d96bc577e5178b2,Gray Maynard,8355922d564b152c,Nate Diaz,Nate Diaz,8355922d564b152c
9a967e8e43dcef63,64e1197b8d5d0706,ab850a77a0fa487d,Sean Spencer,519e4fe37ce9ff75,Drew Dober,Drew Dober,519e4fe37ce9ff75
9a967e8e43dcef63,b186f4778257ca6d,3f52ce18fb98008f,Akira Corassani,4a1329cc8eb0928a,Maximo Blanco,Maximo Blanco,4a1329cc8eb0928a
9a967e8e43dcef63,2b5058614b56a898,91ea901c458e95dd,Jared Rosholt,03f982ca3735070c,Walt Harris,Jared Rosholt,91ea901c458e95dd
9a967e8e43dcef63,c9ebbba18e4e1e84,f65dcb22dada2223,Josh Sampo,20999e27ddd94bda,Ryan Benoit,Ryan Benoit,20999e27ddd94bda
9a967e8e43dcef63,2a940fac11da404d,4498b382c65a7faa,Roxanne Modafferi,fc169c387b4b465d,Raquel Pennington,Raquel Pennington,fc169c387b4b465d
9bcf8603ceb25680,3eb829eb77256ac0,0c6d9ea8306c029e,Brad Tavares,fd5b6598a3b70c0a,Seth Baczynski,Brad Tavares,0c6d9ea8306c029e
9bcf8603ceb25680,a9da6a31229b136c,cac08b8685387ca5,James McSweeney,3236bf606fe9fa5b,Travis Browne,Travis Browne,3236bf606fe9fa5b
9bcf8603ceb25680,13fa791f0772250c,b9d0fd83bb8a147a,Keith Jardine,98b80a717b9bda17,Matt Hamill,Matt Hamill,98b80a717b9bda17
9bcf8603ceb25680,8c082a3c69e2d192,523fa774700d7d3f,Court McGee,baed16f18348908e,Kris McCray,Court McGee,523fa774700d7d3f
9bcf8603ceb25680,a754766050409638,d43a048a880efdff,Chris Leben,d5f820c11a121050,Aaron Simpson,Aaron Simpson,d5f820c11a121050
9bcf8603ceb25680,9b38456520395242,f34312c2ccfa0e00,Spencer Fisher,5f87a5c00b3d17ed,Dennis Siver,Dennis Siver,5f87a5c00b3d17ed
9bcfb40dbcd50568,1c980547431ddcef,59279a7c978f7da0,Al Iaquinta,a20d7dfaba74c067,Rodrigo Damm,Al Iaquinta,59279a7c978f7da0
9bcfb40dbcd50568,839c8cd7b1a32c7c,92437c6775b3f7d1,John Moraga,9fa568ad2bf2cb0b,Justin Scoggins,Justin Scoggins,9fa568ad2bf2cb0b
9bcfb40dbcd50568,fd4d5685c2e207b5,ba280572acfba13f,Matt Mitrione,d3df1add9d9a7efb,Derrick Lewis,Derrick Lewis,d3df1add9d9a7efb
9bcfb40dbcd50568,80faf0c138d20999,7a703c565ccaa18f,Jacare Souza,232c582f29f8f65e,Gegard Mousasi,Gegard Mousasi,232c582f29f8f65e
9bcfb40dbcd50568,1520290d28b75b53,b4ad3a06ee4d660c,Alistair Overeem,bd58d34e39b7b12a,Ben Rothwell,Alistair Overeem,b4ad3a06ee4d660c
9bcfb40dbcd50568,c9733393385105cb,3bad7ef643840f67,Joe Lauzon,c58f51dedb310998,Michael Chiesa,Michael Chiesa,c58f51dedb310998
9bcfb40dbcd50568,98e21492b6bc15d3,0dba4df5f34d5ff0,Rafael Natal,6c2030e0a143a94b,Chris Camozzi,Rafael Natal,0dba4df5f34d5ff0
9bcfb40dbcd50568,7ba4a04673307cc9,bd5403efbaa445c0,Sean Soriano,4bd6b4800070b069,Chas Skelly,Chas Skelly,4bd6b4800070b069
9c37681096c6f3a9,cf0e0f95524f187a,86d9dbe1bfcbade7,Julia Avila,4234f0097c83fa62,Sijara Eubanks,Julia Avila,86d9dbe1bfcbade7
9c37681096c6f3a9,764012f51c7dc223,4498b382c65a7faa,Roxanne Modafferi,05fa626cb33d15b8,Andrea Lee,Andrea Lee,05fa626cb33d15b8
9c37681096c6f3a9,bcc9dca5136fc765,7c9f96f9a6a5cd50,Brok Weaver,4d8fa64202cee4c1,Jalin Turner,Jalin Turner,4d8fa64202cee4c1
9c37681096c6f3a9,c58aaabf2c5635d7,aa171d55d4b5208f,Billy Quarantillo,31f8081c7600da93,Kyle Nelson,Billy Quarantillo,aa171d55d4b5208f
9c37681096c6f3a9,463fc1fd1f17befb,a331233f597090a5,Bryan Barberena,3c5005b66696d790,Anthony Ivy,Bryan Barberena,a331233f597090a5
9c37681096c6f3a9,0ffbf3096a13b47e,eb04b9d31e938edb,Michelle Waterson-Gomez,f0feeb2192937424,Angela Hill,Angela Hill,f0feeb2192937424
9c37681096c6f3a9,2461756d8acd56d2,c0badf3243907e59,Alexandr Romanov,2c5a0b8317f8f27a,Roque Martinez,Alexandr Romanov,c0badf3243907e59
9c37681096c6f3a9,3901d9cdbb0949bc,06f36cf4bd97ec77,Ed Herman,18b602842a24f7c5,Mike Rodriguez,Ed Herman,06f36cf4bd97ec77
9c37681096c6f3a9,1ed8776f978a0155,ee18ff42063174df,Ottman Azaitar,78e501478a36a018,Khama Worthy,Ottman Azaitar,ee18ff42063174df
9c37681096c6f3a9,ed8fb10b596e6fa4,70d2329a92864fdb,Sabina Mazo,928ae2e5b5f7a9ec,Justine Kish,Sabina Mazo,70d2329a92864fdb
9c37681096c6f3a9,06910bddb0745856,887961364be5ceb3,King Green,cd7763bcadb5d4c8,Alan Patrick,King Green,887961364be5ceb3
9c5828c6fd9dc948,6f31285305881fe3,09e62c450e754913,Jimmy Flick,6e9f40c706f91f32,Nate Maness,Nate Maness,6e9f40c706f91f32
9c5828c6fd9dc948,e47523ac32bfa24c,57186c150c645200,Jeka Saragih,7b3503352cd53abb,Westin Wilson,Jeka Saragih,57186c150c645200
9c5828c6fd9dc948,3b1438e9ec64990e,8d3273573b85be09,Asu Almabayev,84f727cf0166d6f2,Jose Johnson,Asu Almabayev,8d3273573b85be09
9c5828c6fd9dc948,ab7bc93bdf4132c4,876f478f796495f7,Josh Quinlan,a01a62132460a98d,Adam Fugitt,Josh Quinlan,876f478f796495f7
9c5828c6fd9dc948,6bdb93f9b4581bf6,3a314d9fa7c6825d,Douglas Silva de Andrade,46e0d677f91bacc0,Miles Johns,Douglas Silva de Andrade,3a314d9fa7c6825d
9c5828c6fd9dc948,06713afc60301c0c,971dba22c622af12,Josefine Knutsson,abb68e3c7ca128f2,Julia Polastri,Julia Polastri,abb68e3c7ca128f2
9c5828c6fd9dc948,fea3a0643218e16b,7af33fc4435017f1,Brady Hiestand,1effd880e1f1bb30,Garrett Armfield,Brady Hiestand,7af33fc4435017f1
9c5828c6fd9dc948,7f14be4e45bca6bd,ab2b4ff41d6ebe0f,Alex Perez,4461d7e47375a895,Tatsuro Taira,Tatsuro Taira,4461d7e47375a895
9c5828c6fd9dc948,19ef5890b20f903a,f1ab6f37492c630a,Carli Judice,a6eb54ae17a551be,Gabriella Fernandes,Carli Judice,f1ab6f37492c630a
9c5828c6fd9dc948,78a7bf038e56881d,0e46690e55a8df75,Timmy Cuamba,710f0f8c5d5c9d41,Lucas Almeida,Timmy Cuamba,0e46690e55a8df75
9c5828c6fd9dc948,94f5b35b2b6c72b1,20bccc9bb4ceb23e,Melquizael Costa,0a73acff6325c1e2,Shayilan Nuerdanbieke,Shayilan Nuerdanbieke,0a73acff6325c1e2
9ca265dfe8323db3,f9a59f7c67fbce01,48e093ea1f43a053,Takeya Mizugaki,7ea4a9f07df33a45,Francisco Rivera,Takeya Mizugaki,48e093ea1f43a053
9ca265dfe8323db3,2f6b63e8ec62e3ca,d967f0128c323de6,Daniel Cormier,1ccf4e7caff270df,Dan Henderson,Daniel Cormier,d967f0128c323de6
9ca265dfe8323db3,edcb573f1462846e,2c99576fefe53c7c,Renan Barao,c849740a3ff51931,TJ Dillashaw,Renan Barao,2c99576fefe53c7c
9ca265dfe8323db3,c3e3d5ef06a45616,f2925e6db404bf1d,Robbie Lawler,d81ac739417d7f53,Jake Ellenberger,Jake Ellenberger,d81ac739417d7f53
9ca265dfe8323db3,002c1562708ac307,22a92d7f62195791,Tony Ferguson,44470bfd9483c7ad,Katsunori Kikuno,Tony Ferguson,22a92d7f62195791
9ca265dfe8323db3,11d2b546c8533c0f,6bf5a7d3e081ade2,Anthony Njokuani,c77a953488e5607d,Vinc Pichel,Vinc Pichel,c77a953488e5607d
9ca265dfe8323db3,164eb9071caf3fe8,a54fc2d6fc224dc3,Jamie Varner,8f6a18831a120817,James Krause,James Krause,8f6a18831a120817
9ca265dfe8323db3,8d98ccae1057815e,b8aef0faf4ce9b31,Sam Sicilia,34c2b3656f88f7ef,Aaron Phillips,Sam Sicilia,b8aef0faf4ce9b31
9ca265dfe8323db3,1789d630e31e9c77,c58f51dedb310998,Michael Chiesa,a8283a4f415e1eb9,Francisco Trinaldo,Francisco Trinaldo,a8283a4f415e1eb9
9ca265dfe8323db3,4ead27d52c14697a,59279a7c978f7da0,Al Iaquinta,c76ec2bc3a57666a,Mitch Clarke,Al Iaquinta,59279a7c978f7da0
9ccdd2ce45903f34,2d1c4027b8e50a0d,a390eb8a9b2df298,Chuck Liddell,0ee783aa00e468f0,Vitor Belfort,Chuck Liddell,a390eb8a9b2df298
9ddfb3369a3b0394,2bdf774dc8b17504,31123249b0bbf52e,Matt Brown,e9213f53ddeca978,Dhiego Lima,Matt Brown,31123249b0bbf52e
9ddfb3369a3b0394,53ed3f8f653b37b2,e0b0cf71e0d69dd0,Kanako Murata,7dda2cf308f24a02,Virna Jandiroba,Virna Jandiroba,7dda2cf308f24a02
9ddfb3369a3b0394,d3c0dfa57950aefd,902ec2cc48c8ae8a,Julian Erosa,a68575214ecad140,SeungWoo Choi,SeungWoo Choi,a68575214ecad140
9ddfb3369a3b0394,50cae63d530ede7c,c451d67c09c55418,Chan Sung Jung,82a5152216251682,Dan Ige,Dan Ige,82a5152216251682
9ddfb3369a3b0394,6fd9a013cea5a403,98c23cb6da5b3352,Aleksei Oleinik,e2f6b2769aaedd6c,Serghei Spivac,Serghei Spivac,e2f6b2769aaedd6c
9ddfb3369a3b0394,a83ebbf013905949,7c7332319c14094c,Marlon Vera,113df4fde64735c6,Davey Grant,Marlon Vera,7c7332319c14094c
9ddfb3369a3b0394,87c8e086c29ae543,2558ae2e5671e318,Khaos Williams,4aa58269d0664b5b,Matthew Semelsberger,Khaos Williams,2558ae2e5671e318
9ddfb3369a3b0394,bb1ac382e0277b3f,4dcfb28c011c11b2,Wellington Turman,12ebd7d157e91701,Bruno Silva,Wellington Turman,4dcfb28c011c11b2
9ddfb3369a3b0394,d684d8b02ab53031,04835018f90b118c,Casey O'Neill,e99821959a840bb8,Lara Procopio,Casey O'Neill,04835018f90b118c
9ddfb3369a3b0394,e8fd128286788a6d,b5da8f7d05e85a55,Josh Parisian,2c5a0b8317f8f27a,Roque Martinez,Josh Parisian,b5da8f7d05e85a55
9ddfb3369a3b0394,744627aec853874e,c2a670b22d2e196f,Aleksa Camur,8c57c7b8c3bab0eb,Nicolae Negumereanu,Nicolae Negumereanu,8c57c7b8c3bab0eb
9ddfb3369a3b0394,1e9f081a84e7ec18,ae7fe94f117f98cf,Joaquim Silva,814ff3018127e8fc,Ricky Glenn,Joaquim Silva,ae7fe94f117f98cf
9de7c97e1c0d7927,1218cba28d4dce94,b9f28e7045fdfce7,Raoni Barcelos,225def29ecfe0fc1,Carlos Huachin,Raoni Barcelos,b9f28e7045fdfce7
9de7c97e1c0d7927,2b038a467a89c73c,d317a5e2b3f88c5f,Warlley Alves,1bcaac2d99b90fce,Sergio Moraes,Sergio Moraes,1bcaac2d99b90fce
9de7c97e1c0d7927,0febad4c4a3d69fc,73c7cfa551289285,BJ Penn,c47df9303d318c67,Clay Guida,Clay Guida,c47df9303d318c67
9de7c97e1c0d7927,7b53967f282a0d0a,d0f3959b4a9747e6,Jose Aldo,e1248941344b3288,Alexander Volkanovski,Alexander Volkanovski,e1248941344b3288
9de7c97e1c0d7927,8cf4836e2b43c241,578ef12674df1e6a,Irene Aldana,673ea7dcc786b1b3,Bethe Correia,Irene Aldana,578ef12674df1e6a
9de7c97e1c0d7927,a08dffad240dc3d4,13a0275fa13c4d26,Jared Cannonier,1f454354805b6f75,Anderson Silva,Anderson Silva,1f454354805b6f75
9de7c97e1c0d7927,413a4c217ee0193f,73e09f837f3b5ecc,Rogerio Nogueira,a67f5afa8d6a1b80,Ryan Spann,Ryan Spann,a67f5afa8d6a1b80
9de7c97e1c0d7927,707cb14717df5960,528b071cf3da7c56,Luana Carolina,b1e5bcaad32a3cac,Priscila Cachoeira,Luana Carolina,528b071cf3da7c56
9de7c97e1c0d7927,3d941525f5c623e3,31ee470ef5dc8d7f,Thiago Alves,a12a8314adc1c1c9,Laureano Staropoli,Thiago Alves,31ee470ef5dc8d7f
9de7c97e1c0d7927,017c090e9e8d2957,d945aae53e3e54e6,Thiago Moises,a7151778b3381036,Kurt Holobaugh,Thiago Moises,d945aae53e3e54e6
9de7c97e1c0d7927,07c00213ec388e07,47b63240018d5d86,Rose Namajunas,6a1901c62ab3870f,Jessica Andrade,Rose Namajunas,47b63240018d5d86
9de7c97e1c0d7927,e4bbec619aa04dea,5b2325cd70dbe2ea,Talita Bernardo,36541f1e6c5d4955,Viviane Araujo,Viviane Araujo,36541f1e6c5d4955
9e0f28d1f639ad73,88b1d4f951070f83,85073dbd1be65ed9,Greg Hardy,83b00f7597e5ac83,Juan Adams,Greg Hardy,85073dbd1be65ed9
9e0f28d1f639ad73,9d6b46a3cf5ec494,6256b2b1562cb8e1,James Vick,193b9d1858bc4df3,Dan Hooker,Dan Hooker,193b9d1858bc4df3
9e0f28d1f639ad73,15ce105716441c54,98c23cb6da5b3352,Aleksei Oleinik,03f982ca3735070c,Walt Harris,Aleksei Oleinik,98c23cb6da5b3352
9e0f28d1f639ad73,816662e622987a14,6a2f7c151031653d,Rafael Dos Anjos,f1fac969a1d70b08,Leon Edwards,Leon Edwards,f1fac969a1d70b08
9e0f28d1f639ad73,96d33e46267d4eaf,7aa3d6964eff4877,Alex Caceres,b93c06d09d1c4ac0,Steven Peterson,Alex Caceres,7aa3d6964eff4877
9e0f28d1f639ad73,f065dc596a08a258,3738e68d2261e60f,Andrei Arlovski,bd58d34e39b7b12a,Ben Rothwell,Ben Rothwell,bd58d34e39b7b12a
9e0f28d1f639ad73,017e0b7e864b0aa3,fc169c387b4b465d,Raquel Pennington,578ef12674df1e6a,Irene Aldana,Raquel Pennington,fc169c387b4b465d
9e0f28d1f639ad73,f711b3ec6bc3c407,d156513a19acf856,Sam Alvey,7279654c7674cd24,Klidson Abreu,Klidson Abreu,7279654c7674cd24
9e0f28d1f639ad73,dd51d1aed9536da6,4498b382c65a7faa,Roxanne Modafferi,8e1f36476ef02a6a,Jennifer Maia,Jennifer Maia,8e1f36476ef02a6a
9e0f28d1f639ad73,bc01ce748a5723df,a4de54ea806fb525,Ray Borg,002ca196477ce572,Gabriel Silva,Ray Borg,a4de54ea806fb525
9e0f28d1f639ad73,c5259566abc552b1,4bf6b225ff6099c4,Domingo Pilarte,dbac0a413af64bbe,Felipe Colares,Felipe Colares,dbac0a413af64bbe
9e0f28d1f639ad73,24bcade0007c2246,bc711b6dd95c1af6,Mario Bautista,7c9c6a884be167fe,Jin Soo Son,Mario Bautista,bc711b6dd95c1af6
9e0f28d1f639ad73,c92308bbd6107b11,262a7d06203657e6,Alexander Hernandez,a8283a4f415e1eb9,Francisco Trinaldo,Francisco Trinaldo,a8283a4f415e1eb9
9e30f69cc0869301,a3b7cbdb6d2607f4,917a5cb9821df261,Jeremy Kimball,2e19380f34871c6a,Dominick Reyes,Dominick Reyes,2e19380f34871c6a
9e30f69cc0869301,4712708adb1507aa,b4ad3a06ee4d660c,Alistair Overeem,8d03ce87ca14e778,Francis Ngannou,Alistair Overeem,b4ad3a06ee4d660c
9e30f69cc0869301,21f7fc538ea646e8,150ff4cc642270b9,Max Holloway,d0f3959b4a9747e6,Jose Aldo,Max Holloway,150ff4cc642270b9
9e30f69cc0869301,1a502852b706f674,b6850671a008bf9a,Felice Herrig,5f179af5fffeb9f6,Cortney Casey,Cortney Casey,5f179af5fffeb9f6
9e30f69cc0869301,23e5acd1549b538a,33a331684283900f,Eddie Alvarez,9e8f6c728eb01124,Justin Gaethje,Justin Gaethje,9e8f6c728eb01124
9e30f69cc0869301,6c25f8fd66f16d7e,d4a31850a7457f1b,Amanda Cooper,bd878a638e0e3be3,Angela Magana,Amanda Cooper,d4a31850a7457f1b
9e30f69cc0869301,676320a61f800f10,2747c60e42d9d75f,David Teymur,7cbf7c78d3b34218,Drakkar Klose,David Teymur,2747c60e42d9d75f
9e30f69cc0869301,40d9b5b47acf260b,ce1e867808ef5fce,Justin Willis,a9d6e047ce48ab63,Allen Crowder,Justin Willis,ce1e867808ef5fce
9e30f69cc0869301,6aea6d3e6944999c,71f048adbfed5b49,Sabah Homasi,eae431e70064e046,Abdul Razak Alhassan,Abdul Razak Alhassan,eae431e70064e046
9e30f69cc0869301,ea674e0285fb77f5,31ef8b67e13495b3,Tecia Pennington,eb04b9d31e938edb,Michelle Waterson-Gomez,Tecia Pennington,31ef8b67e13495b3
9e30f69cc0869301,54c5284c1b792912,57b10fca4f9c9a7a,Alex Oliveira,813550bc53b15fb0,Yancy Medeiros,Alex Oliveira,57b10fca4f9c9a7a
9e30f69cc0869301,cc2809e10315a6b5,056c493bbd76a918,Henry Cejudo,de75d1c45a39e221,Sergio Pettis,Henry Cejudo,056c493bbd76a918
9e30f69cc0869301,c83487136636e9bf,07225ba28ae309b6,Charles Oliveira,e5010b1b94ca5755,Paul Felder,Charles Oliveira,07225ba28ae309b6
9f3d6ddef3d3cccc,8028d5de087755dc,6f242453c91a5af0,Dennis Bermudez,92a9aa9c93192871,Darren Elkins,Dennis Bermudez,6f242453c91a5af0
9f3d6ddef3d3cccc,7c23770c639dcd22,9c907996820d2d69,Jimmie Rivera,2b074403b7c6cdb4,Thomas Almeida,Jimmie Rivera,9c907996820d2d69
9f3d6ddef3d3cccc,657fd7ab7bdf9f15,4e0692ad070976e4,Lyman Good,8adcbd525fab8d9b,Elizeu Zaleski dos Santos,Elizeu Zaleski dos Santos,8adcbd525fab8d9b
9f3d6ddef3d3cccc,76d6789779d3721c,e51e5cb722bd47a8,Patrick Cummins,fcd448a2fe1a23cc,Gian Villante,Patrick Cummins,e51e5cb722bd47a8
9f3d6ddef3d3cccc,5be97c1fa222093d,3a8176e15b9887c1,Chris Weidman,8c0580d4fff106c1,Kelvin Gastelum,Chris Weidman,3a8176e15b9887c1
9f3d6ddef3d3cccc,7e2bc09d866b3bd7,0dba4df5f34d5ff0,Rafael Natal,cad24459b28592ca,Eryk Anders,Rafael Natal,0dba4df5f34d5ff0
9f3d6ddef3d3cccc,573908b71b361312,7be14eaed4c74856,Brian Kelleher,7c7332319c14094c,Marlon Vera,Marlon Vera,7c7332319c14094c
9f3d6ddef3d3cccc,4f07c6724682cd00,3f11b5d4bd76a6d9,Damian Grabowski,01b352b6a9074d5c,Chase Sherman,Chase Sherman,01b352b6a9074d5c
9f3d6ddef3d3cccc,d83ae4a2e117b775,cc900af167fbedfd,Timothy Johnson,c482c8605455a213,Junior Albini,Timothy Johnson,cc900af167fbedfd
9f3d6ddef3d3cccc,b2297232b9310ba5,96c336b463e0662c,Frankie Perez,c8097968da5e5f13,Chris Wade,Chris Wade,c8097968da5e5f13
9f3d6ddef3d3cccc,bcf842992f9accdc,c5af5750e8bae4f0,Kyle Bochniak,68f6e96c5fa6e044,Jeremy Kennedy,Jeremy Kennedy,68f6e96c5fa6e044
9f3d6ddef3d3cccc,d0e5487f55c57ad2,4c7781da8c6cae93,Ryan LaFlare,57b10fca4f9c9a7a,Alex Oliveira,Ryan LaFlare,4c7781da8c6cae93
9f3d6ddef3d3cccc,9f114a219523bf7d,98d961097baaf308,Shane Burgos,fa37628269132d1a,Godofredo Pepey,Shane Burgos,98d961097baaf308
9fd1f08dd4aec14a,1228c4297882e8ba,eb1723480fa2f96c,Caol Uno,5f04e3d58d9ce982,Yves Edwards,Yves Edwards,5f04e3d58d9ce982
9fd1f08dd4aec14a,5550e3d9ff8b965c,f2925e6db404bf1d,Robbie Lawler,f2c8ebbeafd45f2b,Aaron Riley,Robbie Lawler,f2925e6db404bf1d
a0a680fe2f6cc8e6,e8a5e53ffd33c0f9,327d5f279895110d,Roman Dolidze,d6c0cdd7e467c440,Kyle Daukaus,Roman Dolidze,327d5f279895110d
a0a680fe2f6cc8e6,9a92d376fba2379d,523fa774700d7d3f,Court McGee,d66a46de8d705353,Jeremiah Wells,Jeremiah Wells,d66a46de8d705353
a0a680fe2f6cc8e6,8b5c760f34daafe0,fc9a9559a05f2704,Eddie Wineland,bf7ad5628363eec9,Cody Stamann,Cody Stamann,bf7ad5628363eec9
a0a680fe2f6cc8e6,6e559181bfbc77e1,751de04455cfaac0,Calvin Kattar,fba03cd6cc28dc41,Josh Emmett,Josh Emmett,fba03cd6cc28dc41
a0a680fe2f6cc8e6,11e83902f5b8ff63,b9437600497350f3,Joaquin Buckley,6b7c7460855dbbb9,Albert Duraev,Joaquin Buckley,b9437600497350f3
a0a680fe2f6cc8e6,5095f6290670009d,d0e1b42d41dab603,Julian Marquez,d1c65d2cf2925ddd,Gregory Rodrigues,Gregory Rodrigues,d1c65d2cf2925ddd
a0a680fe2f6cc8e6,4e6218b6b892b017,135d124172a0bea3,Damir Ismagulov,7772b283d288dbe2,Guram Kutateladze,Damir Ismagulov,135d124172a0bea3
a0a680fe2f6cc8e6,1bc662949337a8c4,4b47e71384a9522f,Tim Means,3a46b268013afede,Kevin Holland,Kevin Holland,3a46b268013afede
a0a680fe2f6cc8e6,2c7c7648e847f2e5,a9e260472d321361,Jasmine Jasudavicius,262d32ebda89efc4,Natalia Silva,Natalia Silva,262d32ebda89efc4
a0a680fe2f6cc8e6,897d9e21c59d0633,547afe1017e72dbe,Phil Hawes,483a953b18d73bb3,Deron Winn,Phil Hawes,547afe1017e72dbe
a0a680fe2f6cc8e6,5b5d7f7ae712c6d8,37d752ec41ed84bb,Maria Oliveira,5dd180c8b3196786,Gloria de Paula,Gloria de Paula,5dd180c8b3196786
a0a680fe2f6cc8e6,20cefe64f4b28be8,0232cabbc30a2372,Adrian Yanez,1a08b01fdabb6ae2,Tony Kelley,Adrian Yanez,0232cabbc30a2372
a0a680fe2f6cc8e6,1378fc2be3819b2b,1ae8f3c723aacff4,Ricardo Ramos,0de720c0f1d4ab9c,Danny Chavez,Ricardo Ramos,1ae8f3c723aacff4
a1153013cb5f628f,3ac61bcb406e1a0c,6d68c1afe954f121,Ode Osbourne,c9587d81e1d33925,Jerome Rivera,Ode Osbourne,6d68c1afe954f121
a1153013cb5f628f,f4fbb11055301e75,511e82663651438d,Michael Johnson,c47df9303d318c67,Clay Guida,Clay Guida,c47df9303d318c67
a1153013cb5f628f,d65da3a3bc675449,51018a31ddf31eb2,Molly McCann,e99821959a840bb8,Lara Procopio,Lara Procopio,e99821959a840bb8
a1153013cb5f628f,bbade63ca780668f,f53d4f21d1b5f2dc,Diego Ferreira,08af939f41b5a57b,Beneil Dariush,Beneil Dariush,08af939f41b5a57b
a1153013cb5f628f,86d6e09932c5b551,a68575214ecad140,SeungWoo Choi,52c2ae6d2f2d2613,Youssef Zalal,Youssef Zalal,52c2ae6d2f2d2613
a1153013cb5f628f,eb4e9ec015533ab4,45e738622ea2c02c,Timur Valiev,ea3dcc417c322064,Martin Day,Timur Valiev,45e738622ea2c02c
a1153013cb5f628f,8c34e1e0d842618d,351c4ec637380ad5,Karol Rosa,f9ab66e67240db7b,Joselyne Edwards,Karol Rosa,351c4ec637380ad5
a1153013cb5f628f,464cc19d42446da9,207773daeb4afa7b,Devonte Smith,304a21d0595e1a08,Justin Jaynes,Devonte Smith,207773daeb4afa7b
a1153013cb5f628f,2c81668d1459991f,a0f0004aadf10b71,Alexandre Pantoja,5d1b7e3dd9e11074,Manel Kape,Alexandre Pantoja,a0f0004aadf10b71
a1153013cb5f628f,af8ea6db042674ef,18b602842a24f7c5,Mike Rodriguez,687c15b2eddfaa63,Danilo Marques,Danilo Marques,687c15b2eddfaa63
a1153013cb5f628f,9ef858837dfc65eb,65f09bacd3957381,Cory Sandhagen,f2688492b9a525a3,Frankie Edgar,Cory Sandhagen,65f09bacd3957381
a1153013cb5f628f,8b9bdacca749ec90,b4ad3a06ee4d660c,Alistair Overeem,279566840aa55bf2,Alexander Volkov,Alexander Volkov,279566840aa55bf2
a16ce18149021139,f41e83de703acf85,a67f5afa8d6a1b80,Ryan Spann,ef5dcb10d2bd4b0f,Bogdan Guskov,Bogdan Guskov,ef5dcb10d2bd4b0f
a16ce18149021139,a0cae57eae875820,1a31ef98efce7a79,Matheus Nicolau,ab2b4ff41d6ebe0f,Alex Perez,Matheus Nicolau,1a31ef98efce7a79
a16ce18149021139,dae70ccdf9e7475e,be9bdec19b7e9ffe,Austen Lane,25f9a5f3e8a52618,Jhonata Diniz,Jhonata Diniz,25f9a5f3e8a52618
a16ce18149021139,6ea77cb62aa2f276,4b47e71384a9522f,Tim Means,681399317dbf4701,Uros Medic,Uros Medic,681399317dbf4701
a16ce18149021139,55231cc4112334b4,94527830000ab715,Rani Yahya,eb8d8c2a95cfccb8,Victor Henry,Victor Henry,eb8d8c2a95cfccb8
a16ce18149021139,4915c8a588513c22,b6203e0492a9336c,Marnic Mann,8bd4200561c77a62,Ketlen Souza,Ketlen Souza,8bd4200561c77a62
a16ce18149021139,45de6d0b9cf5451c,6551c64fbcd1a467,Ariane da Silva,9d62c2d8ee151f08,Karine Silva,Karine Silva,9d62c2d8ee151f08
a16ce18149021139,417049c7a3d65ccc,1a9480fc288e55d7,Don'Tale Mayes,89839250eb25c9c1,Caio Machado,Caio Machado,89839250eb25c9c1
a16ce18149021139,7ca5604d99220e88,87c0b1c696ddfb43,Jonathan Pearce,ffe9703408fb5964,David Onama,David Onama,ffe9703408fb5964
a16ce18149021139,0a85b3ad328205ff,93b2b7caa457cbea,James Llontop,06626b6287e1ae1e,Chris Padilla,Chris Padilla,06626b6287e1ae1e
a16ce18149021139,0976778a6e6cf8a8,436f970c9ea9169c,Gabriel Benitez,8c1ca54b5089d199,Maheshate,Maheshate,8c1ca54b5089d199
a16ce18149021139,681cd3cc6299d652,d2cd7a69cc55e7ed,Austin Hubbard,b4c57a8c2b773e82,Michal Figlak,Austin Hubbard,d2cd7a69cc55e7ed
a16ce18149021139,1631f70535ae5dcc,38c5817ade8a8014,Ivana Petrovic,ec0dcceace7d25a3,Liang Na,Ivana Petrovic,38c5817ade8a8014
a196332ee4aa8a82,11b369120409d2aa,ed209f6618c82e41,Hacran Dias,8fd808923cffff82,Andre Fili,Hacran Dias,ed209f6618c82e41
a196332ee4aa8a82,412735f3e0b66ea6,2f5cbecbbe18bac4,Shamil Abdurakhimov,03f982ca3735070c,Walt Harris,Walt Harris,03f982ca3735070c
a196332ee4aa8a82,958f6e5b79ff8c33,65ddc8a9ac4e8531,Keita Nakamura,8adcbd525fab8d9b,Elizeu Zaleski dos Santos,Elizeu Zaleski dos Santos,8adcbd525fab8d9b
a196332ee4aa8a82,a27a9b7b8194e8fc,b0bd0c5425668b8f,Henrique da Silva,2d447cc91bdaa545,Joachim Christensen,Joachim Christensen,2d447cc91bdaa545
a196332ee4aa8a82,1cca8ba792f1e1d9,cd01f0b768a32475,Jonathan Wilson,cd13728ae1151f46,Ion Cutelaba,Ion Cutelaba,cd13728ae1151f46
a196332ee4aa8a82,8793208907eca67f,c268b2cfebccf652,John Lineker,99506df1af6c8b3b,John Dodson,John Lineker,c268b2cfebccf652
a196332ee4aa8a82,b43dfe6743160a66,d2bc285ead803db0,Louis Smolka,792be9a24df82ed6,Brandon Moreno,Brandon Moreno,792be9a24df82ed6
a196332ee4aa8a82,21b361d723fcf3cd,6da99156486ed6c2,Joshua Burkman,47cd337b86b1af92,Zak Ottow,Zak Ottow,47cd337b86b1af92
a196332ee4aa8a82,3a8cc4cda195d758,b6e6c3b1dcaae0a1,Will Brooks,57b10fca4f9c9a7a,Alex Oliveira,Alex Oliveira,57b10fca4f9c9a7a
a196332ee4aa8a82,ba7250ef080d1603,a8e6a69796280f17,Nate Marquardt,eff47295daf721a6,Tamdan McCrory,Nate Marquardt,a8e6a69796280f17
a1d6b308781aa2f5,81de3929330076d2,d317a5e2b3f88c5f,Warlley Alves,d66a46de8d705353,Jeremiah Wells,Jeremiah Wells,d66a46de8d705353
a1d6b308781aa2f5,0eac7075bf3d7ab7,86d9dbe1bfcbade7,Julia Avila,a78a87d8c2bbb1cb,Julija Stoliarenko,Julia Avila,86d9dbe1bfcbade7
a1d6b308781aa2f5,4341ebb5a56e6943,b6452706b373eea1,Renato Moicano,4c88a1db5a46c6a4,Jai Herbert,Renato Moicano,b6452706b373eea1
a1d6b308781aa2f5,ce0fda34122f3d48,b9f28e7045fdfce7,Raoni Barcelos,45e738622ea2c02c,Timur Valiev,Raoni Barcelos,b9f28e7045fdfce7
a1d6b308781aa2f5,086c2a0cae0835c4,01afe0916a40c7c5,Shavkat Rakhmonov,e51fcd9cd84c0b93,Michel Prazeres,Shavkat Rakhmonov,01afe0916a40c7c5
a1d6b308781aa2f5,d40eae4425092219,04c8b08b16a5b99e,Tanner Boser,50db8711c70196cd,Ovince Saint Preux,Tanner Boser,04c8b08b16a5b99e
a1d6b308781aa2f5,c9283da5f4d7aaf4,4b47e71384a9522f,Tim Means,9d19d9e4aa2662e8,Nicolas Dalby,Tim Means,4b47e71384a9522f
a1d6b308781aa2f5,78afed76d0e9a639,787bb1f087ccff8a,Ciryl Gane,279566840aa55bf2,Alexander Volkov,Ciryl Gane,787bb1f087ccff8a
a1d6b308781aa2f5,85099c6378ff87c5,8667caa0451d245b,Kennedy Nzechukwu,687c15b2eddfaa63,Danilo Marques,Kennedy Nzechukwu,8667caa0451d245b
a1d6b308781aa2f5,5357dab4d331eb18,40093d1d2d78394e,Charles Rosa,304a21d0595e1a08,Justin Jaynes,Justin Jaynes,304a21d0595e1a08
a1d6b308781aa2f5,23c7c6ceee34585f,813550bc53b15fb0,Yancy Medeiros,38c626ca912c7bac,Damir Hadzovic,Yancy Medeiros,813550bc53b15fb0
a1d6b308781aa2f5,d988760df61f027c,6370c1c1e12723d5,Marcin Prachnio,f9d0cae37dabfafc,Ike Villanueva,Marcin Prachnio,6370c1c1e12723d5
a220be6d41d6f97d,b26c2f616c9436fb,8d26912cd2aeb366,Jeremy Horn,a390eb8a9b2df298,Chuck Liddell,Jeremy Horn,8d26912cd2aeb366
a23e63184c65f5b8,0823f97be9c3a62e,6d68c1afe954f121,Ode Osbourne,6e00cfffd54653c4,Tyson Nam,Ode Osbourne,6d68c1afe954f121
a23e63184c65f5b8,b96c8fef6c9f92db,8eb046f83e82bf26,Martin Buday,0c25d0a5e8cdbf19,Lukasz Brzeski,Martin Buday,8eb046f83e82bf26
a23e63184c65f5b8,d19e010f071a4b45,cc7040fe76f0ef91,Devin Clark,e90a2f22417af68e,Azamat Murzakanov,Azamat Murzakanov,e90a2f22417af68e
a23e63184c65f5b8,efd7efba85092c6f,583ee11abddfc581,Nate Landwehr,ffe9703408fb5964,David Onama,David Onama,ffe9703408fb5964
a23e63184c65f5b8,abd50fad1e7b030b,b1e5bcaad32a3cac,Priscila Cachoeira,6551c64fbcd1a467,Ariane da Silva,Ariane da Silva,6551c64fbcd1a467
a23e63184c65f5b8,5f31f3e32669f5b9,f0feeb2192937424,Angela Hill,8e5d953bdb9ae5e7,Loopy Godinez,Loopy Godinez,8e5d953bdb9ae5e7
a23e63184c65f5b8,8986373b4a6e90b6,98215d037be5bcb7,Cynthia Calvillo,d343df8ba11f4c4e,Nina Nunes,Nina Nunes,d343df8ba11f4c4e
a23e63184c65f5b8,7f9a331bc3100afd,5f3805dda9661cba,Jason Witt,876f478f796495f7,Josh Quinlan,Josh Quinlan,876f478f796495f7
a23e63184c65f5b8,833d67f423315d18,40cb680ae1cd331f,Yazmin Jauregui,abcf2cc6efc42031,Iasmin Lucindo,Iasmin Lucindo,abcf2cc6efc42031
a23e63184c65f5b8,38b6ef176439c39b,12ebd7d157e91701,Bruno Silva,6ac9bc2953c47345,Gerald Meerschaert,Gerald Meerschaert,6ac9bc2953c47345
a23e63184c65f5b8,f858f91453555291,436f970c9ea9169c,Gabriel Benitez,318572f6f74b760d,Charlie Ontiveros,Gabriel Benitez,436f970c9ea9169c
a23e63184c65f5b8,11cc331fa40ede63,7c7332319c14094c,Marlon Vera,10f3ba6cd2f44a97,Dominick Cruz,Dominick Cruz,10f3ba6cd2f44a97
a24e080000fa7a35,f9b600343a31227b,492b202d2064e7a9,Fabricio Werdum,270b89c00ef0c55c,Gabriel Gonzaga,Fabricio Werdum,492b202d2064e7a9
a24e080000fa7a35,d98d5a3800cd21fb,73c7cfa551289285,BJ Penn,79899ecf62020f6d,Joe Stevenson,Joe Stevenson,79899ecf62020f6d
a24e080000fa7a35,0e37ea649c51fba9,af5b208e97f5d382,Wilson Gouveia,5be86bb2f78fef2f,Jason Lambert,Wilson Gouveia,af5b208e97f5d382
a24e080000fa7a35,74c98716b4a74a3d,cb46dface0e28a2c,Jorge Rivera,234f3767ff0e5701,Kendall Grove,Kendall Grove,234f3767ff0e5701
a24e080000fa7a35,cfca060f39db1742,aac5ac38148f0528,Paul Kelly,9b74de674c355425,Paul Taylor,Paul Kelly,aac5ac38148f0528
a25b71fe5e31fa97,e686df21c24c6c03,c6aee362c7a7d482,Randy Brown,9e50097a89442158,Mickey Gall,Randy Brown,c6aee362c7a7d482
a25b71fe5e31fa97,5cab50839f4a0d94,50db8711c70196cd,Ovince Saint Preux,5e4eec08896c9423,Corey Anderson,Corey Anderson,5e4eec08896c9423
a25b71fe5e31fa97,b3a304eadb9f7fb4,d8c7c61b176e3994,Cody Garbrandt,c849740a3ff51931,TJ Dillashaw,TJ Dillashaw,c849740a3ff51931
a25b71fe5e31fa97,80572cac6ab57866,4a28cb716c19157a,Stephen Thompson,47b9e0e7703a4868,Jorge Masvidal,Stephen Thompson,4a28cb716c19157a
a25b71fe5e31fa97,8c2fb17981464d8c,98c23cb6da5b3352,Aleksei Oleinik,fa6796c55d6c5440,Curtis Blaydes,Curtis Blaydes,fa6796c55d6c5440
a25b71fe5e31fa97,fc29884851f9cebb,3d6749c4267da18f,Joanna Jedrzejczyk,47b63240018d5d86,Rose Namajunas,Joanna Jedrzejczyk,3d6749c4267da18f
a25b71fe5e31fa97,56d8cc470841f454,24656ef4d605c96f,Aiemann Zahabi,1ae8f3c723aacff4,Ricardo Ramos,Aiemann Zahabi,24656ef4d605c96f
a25b71fe5e31fa97,0a46cb2887890502,0941df56f6ac954b,Johny Hendricks,2e5c2aa8e4ab9d82,Paulo Costa,Paulo Costa,2e5c2aa8e4ab9d82
a25b71fe5e31fa97,13635ba71963ad0c,6256b2b1562cb8e1,James Vick,654ae722109a0d31,Joe Duffy,James Vick,6256b2b1562cb8e1
a25b71fe5e31fa97,d361b51952944a26,2b93ebd9f5417ad2,Michael Bisping,6506c1d34da9c013,Georges St-Pierre,Georges St-Pierre,6506c1d34da9c013
a25b71fe5e31fa97,8375f311e8c6c079,03f982ca3735070c,Walt Harris,ad56b3f00ca38dfd,Mark Godbeer,Walt Harris,03f982ca3735070c
a26198ba5093147e,57ab45aa1ebd087e,ef7fa30364cbe7f2,Hatsu Hioki,5755960ebd0b16f6,Ivan Menjivar,Hatsu Hioki,ef7fa30364cbe7f2
a26198ba5093147e,3fa2e753afa0bdbb,80dbeb1dd5b53e64,Nam Phan,8bb6f4479685bbcc,Vaughan Lee,Vaughan Lee,8bb6f4479685bbcc
a26198ba5093147e,82448697e7a44028,ba280572acfba13f,Matt Mitrione,ca2efc9d7d523c43,Shawn Jordan,Matt Mitrione,ba280572acfba13f
a26198ba5093147e,e38d7761a92e1bf9,9bcf8603ceb25680,Dong Hyun Kim,28f3c2258a1d8874,John Hathaway,Dong Hyun Kim,9bcf8603ceb25680
a2b06ca02bca14c0,c739195deef32b45,a149d6bc670cdb60,Dustin Hazelett,eff47295daf721a6,Tamdan McCrory,Tamdan McCrory,eff47295daf721a6
a2b06ca02bca14c0,8191b8edfde3b9c3,cf9d24e4bd0cf2ce,Mark Bocek,cbe79765d44bd172,Alvin Robinson,Mark Bocek,cf9d24e4bd0cf2ce
a2b06ca02bca14c0,9e99536eae6d709b,18968f97ad34f15c,Jeremy Stephens,6a2f7c151031653d,Rafael Dos Anjos,Rafael Dos Anjos,6a2f7c151031653d
a2b06ca02bca14c0,bfd846ad4d597bbb,427b5953ac8e3a27,Demian Maia,52cae54377b433b7,Nate Quarry,Demian Maia,427b5953ac8e3a27
a2b06ca02bca14c0,821c27f0dbb27e86,cb139171ed1b69fe,Kenny Florian,79899ecf62020f6d,Joe Stevenson,Kenny Florian,cb139171ed1b69fe
a2b06ca02bca14c0,958bd435389dd12a,f2c8ebbeafd45f2b,Aaron Riley,04d5718ed2661e8c,Jorge Gurgel,Jorge Gurgel,04d5718ed2661e8c
a2b06ca02bca14c0,75577b11361cb645,513c6f1715e547a8,Brock Lesnar,0aa92558424ced9e,Randy Couture,Brock Lesnar,513c6f1715e547a8
a314687f372b2cec,5838305c25a54ea1,b4ad3a06ee4d660c,Alistair Overeem,3738e68d2261e60f,Andrei Arlovski,Alistair Overeem,b4ad3a06ee4d660c
a314687f372b2cec,711fcf95370fa90b,7cdd3e5d3aa9cb39,Yan Cabral,e25bcbcdaf6537a1,Reza Madadi,Yan Cabral,7cdd3e5d3aa9cb39
a314687f372b2cec,03b9922d777e430c,ff6a1f63c254127e,Albert Tumenov,fd55393021a8c255,Gunnar Nelson,Albert Tumenov,ff6a1f63c254127e
a314687f372b2cec,d480d01418ae0143,8349d55cdecd393a,Antonio Silva,ebc1f40e00e0c481,Stefan Struve,Stefan Struve,ebc1f40e00e0c481
a314687f372b2cec,6ccf478dca83757e,f1fac969a1d70b08,Leon Edwards,2de91c2244ad7e89,Dominic Waters,Leon Edwards,f1fac969a1d70b08
a314687f372b2cec,61f80a1732d37288,1091d4d957141094,Nikita Krylov,b69f24c500d783e7,Francimar Barroso,Nikita Krylov,1091d4d957141094
a314687f372b2cec,c5990f9767b16c48,d7c3816669784109,Karolina Kowalkiewicz,dd4c16777fb2ccf9,Heather Clark,Karolina Kowalkiewicz,d7c3816669784109
a314687f372b2cec,5a9804cad2335272,7c3c48cf54a2848e,Yuta Sasaki,6ded9184b2284645,Willie Gates,Yuta Sasaki,7c3c48cf54a2848e
a314687f372b2cec,97e895b7c2cb9db4,9b7694d064a8a0ad,Rustam Khabilov,c8097968da5e5f13,Chris Wade,Rustam Khabilov,9b7694d064a8a0ad
a314687f372b2cec,6d47170d069df8bb,0e21976afc92e4d1,Magnus Cedenblad,f215cfbd4ba3c270,Garreth McLellan,Magnus Cedenblad,0e21976afc92e4d1
a314687f372b2cec,7786b5fafee61c36,53ec9cb470e1a4ea,Jon Tuck,fba03cd6cc28dc41,Josh Emmett,Josh Emmett,fba03cd6cc28dc41
a314687f372b2cec,d37ed975c2b70fd2,98aa60cf58071fd6,Kyoji Horiguchi,49a74b9fb2e45fdf,Neil Seery,Kyoji Horiguchi,98aa60cf58071fd6
a3244e3238541482,b7ab4cd6ce7a71dd,51e86de150ee8be6,Thibault Gouti,66ab58d0b3783607,Andrew Holbrook,Andrew Holbrook,66ab58d0b3783607
a3244e3238541482,b3bf1b6ad2d1a533,8f5c8850b2484173,Mairbek Taisumov,1b38a2b897f6209c,Felipe Silva,Mairbek Taisumov,8f5c8850b2484173
a3244e3238541482,7303ae36077411d9,f1fac969a1d70b08,Leon Edwards,a331233f597090a5,Bryan Barberena,Leon Edwards,f1fac969a1d70b08
a3244e3238541482,b1f7bc82f7dce1b9,9ce6d5a03af801b7,Darren Till,fcce75a25c14a804,Bojan Velickovic,Darren Till,9ce6d5a03af801b7
a3244e3238541482,0ac25b4180406ca1,c7d297714d9ab1a4,Marion Reneau,5b2325cd70dbe2ea,Talita Bernardo,Talita Bernardo,5b2325cd70dbe2ea
a3244e3238541482,5afbc04a153d7efd,e51fcd9cd84c0b93,Michel Prazeres,69f01b25dfabaf6b,Mads Burnell,Michel Prazeres,e51fcd9cd84c0b93
a3244e3238541482,ecbc282542a395c2,bc656db347f31e19,Mike Santiago,87aa9fb63d6b51a1,Zabit Magomedsharipov,Zabit Magomedsharipov,87aa9fb63d6b51a1
a3244e3238541482,89f83750703d5fd3,b69f24c500d783e7,Francimar Barroso,333b9e5c723ac873,Aleksandar Rakic,Aleksandar Rakic,333b9e5c723ac873
a3244e3238541482,605c2ad801f594b3,9b7694d064a8a0ad,Rustam Khabilov,f046d724d2a84ac5,Desmond Green,Rustam Khabilov,9b7694d064a8a0ad
a3244e3238541482,75a978e0ecce2536,aec185309b4843d0,Siyar Bahadurzada,826475cc758e60e6,Rob Wilkinson,Siyar Bahadurzada,aec185309b4843d0
a3244e3238541482,cfc550960a7ec353,279566840aa55bf2,Alexander Volkov,ebc1f40e00e0c481,Stefan Struve,Alexander Volkov,279566840aa55bf2
a421465acbe59c77,f5445d367e7dbb2b,0c6d9ea8306c029e,Brad Tavares,f77c68bb4be8516d,Yoel Romero,Yoel Romero,f77c68bb4be8516d
a421465acbe59c77,b36362f5db72abee,f53c1f4ceeed8c08,Dustin Ortiz,a4de54ea806fb525,Ray Borg,Ray Borg,a4de54ea806fb525
a421465acbe59c77,7fe2f0213d641540,0c5c66ddd1886b83,Caio Magalhaes,2284092f8b63273b,Luke Zachrich,Caio Magalhaes,0c5c66ddd1886b83
a421465acbe59c77,220aa11288e919c6,31ee470ef5dc8d7f,Thiago Alves,fd5b6598a3b70c0a,Seth Baczynski,Thiago Alves,31ee470ef5dc8d7f
a421465acbe59c77,70e0e57a6755e31e,cbd3e590a85b18c5,Mirsad Bektic,4bd6b4800070b069,Chas Skelly,Chas Skelly,4bd6b4800070b069
a421465acbe59c77,f8c9a597f719d75c,47b9e0e7703a4868,Jorge Masvidal,50d2f0018bcf9eef,Pat Healy,Jorge Masvidal,47b9e0e7703a4868
a421465acbe59c77,e446c5e4a8b8d189,b96619b3acd7d9da,Miesha Tate,51a0c09cbe9b8472,Liz Carmouche,Miesha Tate,b96619b3acd7d9da
a421465acbe59c77,9d1722fb8b83a92a,6a2f7c151031653d,Rafael Dos Anjos,032cc3922d871c7f,Khabib Nurmagomedov,Khabib Nurmagomedov,032cc3922d871c7f
a421465acbe59c77,a9660625bab5d4a3,492b202d2064e7a9,Fabricio Werdum,3236bf606fe9fa5b,Travis Browne,Fabricio Werdum,492b202d2064e7a9
a421465acbe59c77,4e3ccffe18641d9c,1d00756835ca67c9,Donald Cerrone,64a50dad704d1d49,Edson Barboza,Donald Cerrone,1d00756835ca67c9
a4bf17bd3ba3423b,040f227553de7838,c268b2cfebccf652,John Lineker,05339613bf8e9808,Rob Font,John Lineker,c268b2cfebccf652
a4bf17bd3ba3423b,9231cef371b89a46,427b5953ac8e3a27,Demian Maia,31123249b0bbf52e,Matt Brown,Demian Maia,427b5953ac8e3a27
a4bf17bd3ba3423b,e99f92b92e90b228,dea070ed4a2a8281,Thiago Santos,a8e6a69796280f17,Nate Marquardt,Thiago Santos,dea070ed4a2a8281
a4bf17bd3ba3423b,958f3b45c132c3b7,b6452706b373eea1,Renato Moicano,aceffa19749c4dc0,Zubaira Tukhugov,Renato Moicano,b6452706b373eea1
a4bf17bd3ba3423b,65d777a16fce2be8,a8283a4f415e1eb9,Francisco Trinaldo,813550bc53b15fb0,Yancy Medeiros,Francisco Trinaldo,a8283a4f415e1eb9
a4bf17bd3ba3423b,93026e3763542c05,d317a5e2b3f88c5f,Warlley Alves,a331233f597090a5,Bryan Barberena,Warlley Alves,d317a5e2b3f88c5f
a4bf17bd3ba3423b,e27504d07ebbc441,492b202d2064e7a9,Fabricio Werdum,d28dee5c705991df,Stipe Miocic,Stipe Miocic,d28dee5c705991df
a4bf17bd3ba3423b,8ec7d82619bfb564,140745cbbcb023ac,Mauricio Rua,5e4eec08896c9423,Corey Anderson,Corey Anderson,5e4eec08896c9423
a4bf17bd3ba3423b,80c4f70b7f7a1945,7a703c565ccaa18f,Jacare Souza,0ee783aa00e468f0,Vitor Belfort,Jacare Souza,7a703c565ccaa18f
a4bf17bd3ba3423b,ee9e4f8523a484a6,634bb0de2eb043b4,Cristiane Justino,76984112f697631f,Leslie Smith,Cristiane Justino,634bb0de2eb043b4
a4bf17bd3ba3423b,375c2ecb6fe54cc6,73e09f837f3b5ecc,Rogerio Nogueira,e51e5cb722bd47a8,Patrick Cummins,Rogerio Nogueira,73e09f837f3b5ecc
a4dd5c9a75763295,b82b243982fcb2ac,bc8f6b42767e28df,Naoyuki Kotani,633a45d131192ffe,Kajan Johnson,Kajan Johnson,633a45d131192ffe
a4dd5c9a75763295,85e1b21ea88fe7e3,65ddc8a9ac4e8531,Keita Nakamura,e64b96c07d7ce999,Li Jingliang,Li Jingliang,e64b96c07d7ce999
a4dd5c9a75763295,1c5bed46920ab3e1,44470bfd9483c7ad,Katsunori Kikuno,c2e3e67b5911bfb7,Diego Brandao,Diego Brandao,c2e3e67b5911bfb7
a4dd5c9a75763295,34fd6ac116645ae6,ad3f53c454cbbead,Josh Barnett,3f7c14c7eca7195d,Roy Nelson,Josh Barnett,ad3f53c454cbbead
a4dd5c9a75763295,e7e244a0bf244e61,48e093ea1f43a053,Takeya Mizugaki,3c0437fbeda06962,George Roop,Takeya Mizugaki,48e093ea1f43a053
a4dd5c9a75763295,26ac85fc4bee63a6,98aa60cf58071fd6,Kyoji Horiguchi,32be4b7f7de1c905,Chico Camus,Kyoji Horiguchi,98aa60cf58071fd6
a4dd5c9a75763295,6712440cd01dffdb,232c582f29f8f65e,Gegard Mousasi,65578a75fa7900e3,Uriah Hall,Gegard Mousasi,232c582f29f8f65e
a54a35a670d8e852,d490c78bd5d0145a,82e7929bf6c2b689,Diego Sanchez,7a15f3694c5cbc02,John Alessio,Diego Sanchez,82e7929bf6c2b689
a54a35a670d8e852,c409c3a5eda764ba,9fe85152f351e737,Mike Swick,d512d9f204059f57,Joe Riggs,Mike Swick,9fe85152f351e737
a54a35a670d8e852,857365273ed2f353,f34312c2ccfa0e00,Spencer Fisher,eb29176b03dfa888,Matt Wiman,Matt Wiman,eb29176b03dfa888
a54a35a670d8e852,d1b8ff290d09013b,8d26912cd2aeb366,Jeremy Horn,48d1f690b763934c,Chael Sonnen,Jeremy Horn,8d26912cd2aeb366
a54a35a670d8e852,356fdab9bc109093,68c6cd5287b473a7,Dean Lister,7f955f71fa2ce7ac,Alessio Sakara,Alessio Sakara,7f955f71fa2ce7ac
a54fc2d6fc224dc3,f06030bf27ebe337,b26d3e3746fb4024,Brian Bowles,c96e2ae6021144a1,Damacio Page,Brian Bowles,b26d3e3746fb4024
a54fc2d6fc224dc3,08602f790f09d949,5d7bdab5e03e3216,CB Dollaway,179f1948dc234f1f,Mark Munoz,Mark Munoz,179f1948dc234f1f
a54fc2d6fc224dc3,42536a8cf2eda678,82e7929bf6c2b689,Diego Sanchez,8b69839f3555a67b,Martin Kampmann,Diego Sanchez,82e7929bf6c2b689
a54fc2d6fc224dc3,67afd8e69820ffa0,f1f9e48a0d150757,Steve Cantwell,43563a32c3f10e95,Cyrille Diabate,Cyrille Diabate,43563a32c3f10e95
a54fc2d6fc224dc3,16b0e962beb6d15e,8a59d346dc976a10,Thiago Tavares,75e0d3cc2262b732,Shane Roller,Thiago Tavares,8a59d346dc976a10
a54fc2d6fc224dc3,4186686dbd9957cd,7f955f71fa2ce7ac,Alessio Sakara,3a8176e15b9887c1,Chris Weidman,Chris Weidman,3a8176e15b9887c1
a54fc2d6fc224dc3,bbbb4c62c35f5390,79899ecf62020f6d,Joe Stevenson,d1e7fc58d4225cdf,Danny Castillo,Joe Stevenson,79899ecf62020f6d
a54fc2d6fc224dc3,de2513c984996c8c,054defd5420a551f,Rob Kimmons,aed06011bf62237b,Dongi Yang,Dongi Yang,aed06011bf62237b
a54fc2d6fc224dc3,d59b40be94d5a609,48e093ea1f43a053,Takeya Mizugaki,4417980b3e798abf,Reuben Duran,Takeya Mizugaki,48e093ea1f43a053
a54fc2d6fc224dc3,1fa6d636d283ac84,d2c55d1d2e67773b,David Branch,8ddf9c51c5fdea75,Rousimar Palhares,David Branch,d2c55d1d2e67773b
a58114c6dd0add64,b2b6cf87cde17136,97a6bbe6e6566a94,Francisco Trevino,1f4b04a926ef1287,Johnny Case,Johnny Case,1f4b04a926ef1287
a58114c6dd0add64,93f1b09aa792405e,0ff11cc094e887bc,Cain Velasquez,492b202d2064e7a9,Fabricio Werdum,Cain Velasquez,0ff11cc094e887bc
a58114c6dd0add64,fd776d7b554a85d0,aa5b4eff51bdc7d1,Gilbert Melendez,33a331684283900f,Eddie Alvarez,Eddie Alvarez,33a331684283900f
a58114c6dd0add64,c7bc785e99d3ee2a,80daefbed11ce998,Alejandro Perez,39330403ad27c2bb,Patrick Williams,Alejandro Perez,80daefbed11ce998
a58114c6dd0add64,dc93921bd9342341,8c0580d4fff106c1,Kelvin Gastelum,a8e6a69796280f17,Nate Marquardt,Kelvin Gastelum,8c0580d4fff106c1
a58114c6dd0add64,47e8726b301f3f32,83fd97284f4bb4a4,Efrain Escudero,519e4fe37ce9ff75,Drew Dober,Drew Dober,519e4fe37ce9ff75
a58114c6dd0add64,3b6dfd089301d16e,31ef8b67e13495b3,Tecia Pennington,f0feeb2192937424,Angela Hill,Tecia Pennington,31ef8b67e13495b3
a58114c6dd0add64,0452dd001f4adb6e,436f970c9ea9169c,Gabriel Benitez,cc900c6a71ed23f3,Clay Collard,Clay Collard,cc900c6a71ed23f3
a58114c6dd0add64,243e5e9b6678f303,cbf5e6f231b55443,Yair Rodriguez,40093d1d2d78394e,Charles Rosa,Yair Rodriguez,cbf5e6f231b55443
a58114c6dd0add64,28c33e9353dac666,056c493bbd76a918,Henry Cejudo,32be4b7f7de1c905,Chico Camus,Henry Cejudo,056c493bbd76a918
a58114c6dd0add64,ac2887a0855a3266,94508d80e1f885fc,Augusto Montano,99c7610aa74995d3,Cathal Pendred,Cathal Pendred,99c7610aa74995d3
a5c53b3ddb31cc7d,cc17e4d182235a95,9fa3bd637edd9aa2,Patrick Cote,234f3767ff0e5701,Kendall Grove,Patrick Cote,9fa3bd637edd9aa2
a5c53b3ddb31cc7d,2f22e38844aa7d96,0aa92558424ced9e,Randy Couture,270b89c00ef0c55c,Gabriel Gonzaga,Randy Couture,0aa92558424ced9e
a5c53b3ddb31cc7d,675cbe90f6d96feb,6506c1d34da9c013,Georges St-Pierre,dd37fd509af89f15,Josh Koscheck,Georges St-Pierre,6506c1d34da9c013
a5c53b3ddb31cc7d,4a9b3b97fa2bbca9,cfb65863d5099327,Thales Leites,aae99701b21554e4,Ryan Jensen,Thales Leites,cfb65863d5099327
a5c53b3ddb31cc7d,fa2271eecde701ed,c47df9303d318c67,Clay Guida,04643fd03d9159cc,Marcus Aurelio,Clay Guida,c47df9303d318c67
a5c53b3ddb31cc7d,f00b588a0d9a90e4,79899ecf62020f6d,Joe Stevenson,aa1952ec0b3dd8e1,Kurt Pellegrino,Kurt Pellegrino,aa1952ec0b3dd8e1
a5c53b3ddb31cc7d,6b38906e77607c77,d468288756ae3982,Renato Sobral,4f95f74620a6b7a4,David Heath,Renato Sobral,d468288756ae3982
a5c53b3ddb31cc7d,e7ff18a0cfa09702,1ff9589f9065a9ed,Frank Mir,69b69c0178c4004d,Antoni Hardonk,Frank Mir,1ff9589f9065a9ed
a6c2f5381d575920,fc4fc81d3b7cc3bd,75f871836d41f90f,Justin McCully,69b69c0178c4004d,Antoni Hardonk,Antoni Hardonk,69b69c0178c4004d
a6c2f5381d575920,73ed365b57dc1a6e,d814f5192e58fb2f,Drew Fickett,65ddc8a9ac4e8531,Keita Nakamura,Keita Nakamura,65ddc8a9ac4e8531
a6c2f5381d575920,6d370bfe4248dc88,9d4522df6fc49a47,Kuniyoshi Hironaka,e86bc32f5997a8f7,Forrest Petz,Kuniyoshi Hironaka,9d4522df6fc49a47
a6c2f5381d575920,460b421493dd9fb8,1c86754617d9813a,Roan Carneiro,7d21de9c6d7c98b2,Rich Clementi,Rich Clementi,7d21de9c6d7c98b2
a6c2f5381d575920,e89db3b111f92587,8a59d346dc976a10,Thiago Tavares,bc8f6b42767e28df,Naoyuki Kotani,Thiago Tavares,8a59d346dc976a10
a6c2f5381d575920,b15bebf4c6b6f495,aa1952ec0b3dd8e1,Kurt Pellegrino,04c15b52c3cc1cab,Nate Mohr,Kurt Pellegrino,aa1952ec0b3dd8e1
a6c2f5381d575920,e9390cff6e5d52d0,79899ecf62020f6d,Joe Stevenson,ccd1299e0345e0ce,Melvin Guillard,Melvin Guillard,ccd1299e0345e0ce
a6c2f5381d575920,de2b0b8ef112f3b7,af5b208e97f5d382,Wilson Gouveia,93b9496275bbbf80,Seth Petruzelli,Wilson Gouveia,af5b208e97f5d382
a6c32678efd4f434,7a2c841693b54dd7,634e2fb70bde3fd5,Holly Holm,b9706f80d005036c,Ketlen Vieira,Ketlen Vieira,b9706f80d005036c
a6c32678efd4f434,5136dc566f46daf6,971246648e162f0d,Chase Hooper,dbac0a413af64bbe,Felipe Colares,Chase Hooper,971246648e162f0d
a6c32678efd4f434,bc7228d30ff5be46,ac7c765882f2c68c,Elise Reed,e94085e821bd81de,Sam Hughes,Sam Hughes,e94085e821bd81de
a6c32678efd4f434,cbdfb3c648d7bada,8d20d76af3f213ce,Joseph Holmes,70fa1c64a2c439ef,Alen Amedovski,Joseph Holmes,8d20d76af3f213ce
a6c32678efd4f434,f682118709b4143e,c68c68efaa5ca6ef,Chidi Njokuani,866fd7b1a6c90e7f,Dusko Todorovic,Chidi Njokuani,c68c68efaa5ca6ef
a6c32678efd4f434,4a789cdd5aaf4439,cad24459b28592ca,Eryk Anders,285ae0b4a68221f4,JunYong Park,JunYong Park,285ae0b4a68221f4
a6c32678efd4f434,1b4d0c9e3c59b33b,41e83a89929d1327,Jailton Almeida,ac40f7e3cbecdda4,Parker Porter,Jailton Almeida,41e83a89929d1327
a6c32678efd4f434,5d4fb748ad246269,6d1bffff14897645,Santiago Ponzinibbio,595db60957de51d3,Michel Pereira,Michel Pereira,595db60957de51d3
a6c32678efd4f434,3542f9f30926f364,f2477cf43c4975cc,Jonathan Martinez,37098a6e6c27fb66,Vince Morales,Jonathan Martinez,f2477cf43c4975cc
a6c32678efd4f434,534c07488396e124,a0e6753c42698f13,Omar Morales,681399317dbf4701,Uros Medic,Uros Medic,681399317dbf4701
a6c32678efd4f434,5eaff5c832430378,9673a497a9da119a,Polyana Viana,d25240135aee03e5,Tabatha Ricci,Tabatha Ricci,d25240135aee03e5
a6d8bfe9e0c8153b,78b928a602a81971,8b69839f3555a67b,Martin Kampmann,6f81b6de2557739a,Jacob Volkmann,Jacob Volkmann,6f81b6de2557739a
a6d8bfe9e0c8153b,9d2c9d2249d4fe50,d1941565abf50b16,Jim Miller,84ac950d4c1722dd,Duane Ludwig,Jim Miller,d1941565abf50b16
a6d8bfe9e0c8153b,0e05f54d8b66f317,179f1948dc234f1f,Mark Munoz,aae99701b21554e4,Ryan Jensen,Mark Munoz,179f1948dc234f1f
a6d8bfe9e0c8153b,41e9da89f349b2bc,63def5a5662a6917,Junior Dos Santos,d29b5c4f22c6357d,Gilbert Yvel,Junior Dos Santos,63def5a5662a6917
a6d8bfe9e0c8153b,57dca2ebe96ed622,ee779c43a8926d52,Rashad Evans,2924886ee9c4c527,Thiago Silva,Rashad Evans,ee779c43a8926d52
a6d8bfe9e0c8153b,0949caefc6735f9b,15b1b21cd743d652,Rafaello Oliveira,a0c139b34f11421a,John Gunderson,John Gunderson,a0c139b34f11421a
a6d8bfe9e0c8153b,d7f9a09021a9a13c,501b07aec9b8fc2d,Sam Stout,3bad7ef643840f67,Joe Lauzon,Joe Lauzon,3bad7ef643840f67
a6d8bfe9e0c8153b,24e14c4824144c64,d81ac739417d7f53,Jake Ellenberger,f5990c11974d8e9c,Mike Pyle,Jake Ellenberger,d81ac739417d7f53
a6d8bfe9e0c8153b,c99370e3e54bd5fd,23725c826c481e7f,Paul Daley,a149d6bc670cdb60,Dustin Hazelett,Paul Daley,23725c826c481e7f
a71feb7ea7592a71,36c2ce10809f17b3,2f95a3c6d58b2aad,Iuri Alcantara,f50d95223751e6ca,Russell Doane,Iuri Alcantara,2f95a3c6d58b2aad
a71feb7ea7592a71,ebb9eeac1faf73ed,dbea8c1cb327ab3d,Igor Araujo,6c7e25571490aa3b,George Sullivan,Igor Araujo,dbea8c1cb327ab3d
a71feb7ea7592a71,72d2ab073f4120a4,9c65736747ca92ec,Leonardo Santos,83fd97284f4bb4a4,Efrain Escudero,Leonardo Santos,9c65736747ca92ec
a71feb7ea7592a71,61c9bbeb2806534b,8349d55cdecd393a,Antonio Silva,3738e68d2261e60f,Andrei Arlovski,Andrei Arlovski,3738e68d2261e60f
a71feb7ea7592a71,246f38c7855a6400,75e5fec9f72910ef,Gleison Tibau,a3be148af5c7b088,Piotr Hallmann,Gleison Tibau,75e5fec9f72910ef
a71feb7ea7592a71,972b0643185b2570,30a09e43f15f1d75,Paulo Thiago,ab850a77a0fa487d,Sean Spencer,Sean Spencer,ab850a77a0fa487d
a71feb7ea7592a71,6f19f24780c4f23f,94527830000ab715,Rani Yahya,ffc3e6daaa6da0b7,Johnny Bedford,Rani Yahya,94527830000ab715
a71feb7ea7592a71,e79e3ee088b76d46,a8283a4f415e1eb9,Francisco Trinaldo,159da492e000afbf,Leandro Silva,Francisco Trinaldo,a8283a4f415e1eb9
a72d260b436924c4,b10a94377bce3e22,e5c9de15bb58b1c6,Evan Dunham,a20d7dfaba74c067,Rodrigo Damm,Evan Dunham,e5c9de15bb58b1c6
a72d260b436924c4,c0ca05832f518fef,ca2efc9d7d523c43,Shawn Jordan,13a0275fa13c4d26,Jared Cannonier,Shawn Jordan,ca2efc9d7d523c43
a72d260b436924c4,22e7485bceb841af,81801f57bd0a7c41,Marcus Brimage,d8c7c61b176e3994,Cody Garbrandt,Cody Garbrandt,d8c7c61b176e3994
a72d260b436924c4,b2cda211e0e72811,0c6d9ea8306c029e,Brad Tavares,a8e6a69796280f17,Nate Marquardt,Brad Tavares,0c6d9ea8306c029e
a72d260b436924c4,f4d91498ca3f0a1f,1d00756835ca67c9,Donald Cerrone,08e908ed6d18d6a0,Myles Jury,Myles Jury,08e908ed6d18d6a0
a72d260b436924c4,f81cd5b3903bccf8,98aa60cf58071fd6,Kyoji Horiguchi,b72a60a0cadff408,Louis Gaudinot,Kyoji Horiguchi,98aa60cf58071fd6
a72d260b436924c4,57385188587c83b9,07f72a2a7591b409,Jon Jones,d967f0128c323de6,Daniel Cormier,Jon Jones,07f72a2a7591b409
a72d260b436924c4,cee94cd937bf64f2,d1e7fc58d4225cdf,Danny Castillo,e5010b1b94ca5755,Paul Felder,Paul Felder,e5010b1b94ca5755
a7724f51e32e763e,405c0b8d3960016d,b1a3e0aca758b322,Derek Brunson,f7a7f7118d4b01b6,Lyoto Machida,Lyoto Machida,f7a7f7118d4b01b6
a7724f51e32e763e,7a5baef71925258c,427b5953ac8e3a27,Demian Maia,dc9572dd6ec74859,Colby Covington,Colby Covington,dc9572dd6ec74859
a7724f51e32e763e,4838bf4ca76c1c6b,6d4b63c767106d3a,Vicente Luque,d8da10db80131bec,Niko Price,Vicente Luque,6d4b63c767106d3a
a7724f51e32e763e,0b557aeb2169b59f,6bd02119599741a4,Pedro Munhoz,05339613bf8e9808,Rob Font,Rob Font,05339613bf8e9808
a7724f51e32e763e,f9e07282f3444d09,ed209f6618c82e41,Hacran Dias,7026eca45f65377b,Jared Gordon,Jared Gordon,7026eca45f65377b
a7724f51e32e763e,d4eb3614c7734781,c268b2cfebccf652,John Lineker,7c7332319c14094c,Marlon Vera,John Lineker,c268b2cfebccf652
a7724f51e32e763e,bed03663bc577f02,a8283a4f415e1eb9,Francisco Trinaldo,d1941565abf50b16,Jim Miller,Francisco Trinaldo,a8283a4f415e1eb9
a7724f51e32e763e,9dd9affa41eead4c,8adcbd525fab8d9b,Elizeu Zaleski dos Santos,b0d6a1d8ac3d563d,Max Griffin,Elizeu Zaleski dos Santos,8adcbd525fab8d9b
a7724f51e32e763e,23ea24013d15c09c,dea070ed4a2a8281,Thiago Santos,0a1942069c9ad6b6,Jack Hermansson,Jack Hermansson,0a1942069c9ad6b6
a7724f51e32e763e,72d703db67371e1d,52e76bb4b3e852f3,Antonio Carlos Junior,045f25b3a4c08e81,Jack Marshman,Antonio Carlos Junior,52e76bb4b3e852f3
a7724f51e32e763e,e11e290d816c119b,aa72b0f831d0bfe5,Deiveson Figueiredo,81d9df19e255b8b6,Jarred Brooks,Deiveson Figueiredo,aa72b0f831d0bfe5
a780d16cf7eed44d,f18d44292036d5de,0bc697c5936a2d0a,Trevor Peek,e0c6edcb5b5d0b90,Chepe Mariscal,Chepe Mariscal,e0c6edcb5b5d0b90
a780d16cf7eed44d,07cb64236ae7aaea,beecb672a279223e,Amanda Ribas,6a740daf1b279661,Maycee Barber,Maycee Barber,6a740daf1b279661
a780d16cf7eed44d,c22de92b9d9030dc,d25240135aee03e5,Tabatha Ricci,38c7f72747f4f712,Gillian Robertson,Tabatha Ricci,d25240135aee03e5
a780d16cf7eed44d,7b909acede0a26eb,f14f644d41ade29f,Cody Brundage,4e6738062d469256,Sedriques Dumas,Sedriques Dumas,4e6738062d469256
a780d16cf7eed44d,42922bab8a3e1828,c6aee362c7a7d482,Randy Brown,4dcfb28c011c11b2,Wellington Turman,Randy Brown,c6aee362c7a7d482
a780d16cf7eed44d,fcc1191761e365f9,e00a3dee329a51f7,Jamall Emmers,a9da3158dd2c2b5a,Jack Jenkins,Jack Jenkins,a9da3158dd2c2b5a
a780d16cf7eed44d,9124740fe7816d70,2f181c0467965b98,Brendan Allen,12ebd7d157e91701,Bruno Silva,Brendan Allen,2f181c0467965b98
a780d16cf7eed44d,582806c33ce6dcf6,ffe9703408fb5964,David Onama,f2f140ce7532e327,Gabriel Santos,David Onama,ffe9703408fb5964
a780d16cf7eed44d,8b296724a6844865,849c5d9979df5357,Mateusz Rebecki,8c169fbe1ac33637,Loik Radzhabov,Mateusz Rebecki,849c5d9979df5357
a780d16cf7eed44d,c3ef3cb03edde8bb,fba03cd6cc28dc41,Josh Emmett,54f64b5e283b0ce7,Ilia Topuria,Ilia Topuria,54f64b5e283b0ce7
a780d16cf7eed44d,ced01368259428f5,84b3e7d38f2d2ec5,Neil Magny,8e382b585a92affe,Phil Rowe,Neil Magny,84b3e7d38f2d2ec5
a780d16cf7eed44d,c2cdeb207cce5ceb,55fa6ce3e522c8bb,Zhalgas Zhumagulov,17e97649403ba428,Joshua Van,Joshua Van,17e97649403ba428
a79bfbc01b2264d6,2c7b788effdc1b4c,ee18ff42063174df,Ottman Azaitar,8f4eeaf7a0df7c1a,Teemu Packalen,Ottman Azaitar,ee18ff42063174df
a79bfbc01b2264d6,84d4b658851b7e0e,68c7ad953455c73f,Don Madge,1e4f273069fb9e85,Fares Ziam,Fares Ziam,1e4f273069fb9e85
a79bfbc01b2264d6,9a46f95c1c1e57f0,16690d100f995f8f,Omari Akhmedov,4ba8d454f762005d,Zak Cummings,Omari Akhmedov,16690d100f995f8f
a79bfbc01b2264d6,43496ff308e681a0,49858bf46dabf6fb,Nordine Taleb,447f9858ae78f921,Muslim Salikhov,Muslim Salikhov,447f9858ae78f921
a79bfbc01b2264d6,8e1ae2ae6694b131,eebc23626e38f5dc,Liana Jojua,539ed332b3078821,Sarah Moras,Liana Jojua,eebc23626e38f5dc
a79bfbc01b2264d6,357a34207d70da69,64a50dad704d1d49,Edson Barboza,e5010b1b94ca5755,Paul Felder,Edson Barboza,64a50dad704d1d49
a79bfbc01b2264d6,8accd04438b91262,8f5c8850b2484173,Mairbek Taisumov,f53d4f21d1b5f2dc,Diego Ferreira,Mairbek Taisumov,8f5c8850b2484173
a79bfbc01b2264d6,066756ea40b134a7,fa6796c55d6c5440,Curtis Blaydes,2f5cbecbbe18bac4,Shamil Abdurakhimov,Curtis Blaydes,fa6796c55d6c5440
a79bfbc01b2264d6,849eb47d349f3fe4,275aca31f61ba28c,Islam Makhachev,0052de90691d4a93,Davi Ramos,Islam Makhachev,275aca31f61ba28c
a79bfbc01b2264d6,01a4827b3596d111,032cc3922d871c7f,Khabib Nurmagomedov,029eaff01e6bb8f0,Dustin Poirier,Khabib Nurmagomedov,032cc3922d871c7f
a79bfbc01b2264d6,77f123712368bcbc,12f91bfa8f1f723b,Joanne Wood,05fa626cb33d15b8,Andrea Lee,Joanne Wood,12f91bfa8f1f723b
a79bfbc01b2264d6,18aff757c54687f1,b1b0729d27936f2f,Belal Muhammad,8abac218746e04ca,Takashi Sato,Belal Muhammad,b1b0729d27936f2f
a7a79b8efbceaaac,58e21d505c082a9e,9c907996820d2d69,Jimmie Rivera,cb696ebfb6598724,Aljamain Sterling,Aljamain Sterling,cb696ebfb6598724
a7a79b8efbceaaac,01983cba42704c49,8d03ce87ca14e778,Francis Ngannou,0ff11cc094e887bc,Cain Velasquez,Cain Velasquez,0ff11cc094e887bc
a7a79b8efbceaaac,7fec3b1ec923ad24,2c99576fefe53c7c,Renan Barao,96428b9e9bd048ea,Luke Sanders,Renan Barao,2c99576fefe53c7c
a7a79b8efbceaaac,a9184def876faec6,e76d9f656ceb82ab,Aleksandra Albu,b3d21b2610dcfaeb,Emily Whitmire,Aleksandra Albu,e76d9f656ceb82ab
a7a79b8efbceaaac,c8bc7e668ffffc7c,7aa3d6964eff4877,Alex Caceres,242d36d241b43c12,Kron Gracie,Alex Caceres,7aa3d6964eff4877
a7a79b8efbceaaac,f96f719ad667dd96,df1eb4354d18a906,Scott Holtzman,6fb1ba67bef41b37,Nik Lentz,Nik Lentz,6fb1ba67bef41b37
a7a79b8efbceaaac,bdeca00572419011,fc6e681bf6658faf,Ashlee Evans-Smith,05fa626cb33d15b8,Andrea Lee,Andrea Lee,05fa626cb33d15b8
a7a79b8efbceaaac,0d698108c5f5d1d6,773f7feacf96153e,Benito Lopez,2dc1bc1a02961656,Manny Bermudez,Manny Bermudez,2dc1bc1a02961656
a7a79b8efbceaaac,0a4247ba4ae1cca5,8fd808923cffff82,Andre Fili,08e908ed6d18d6a0,Myles Jury,Myles Jury,08e908ed6d18d6a0
a7a79b8efbceaaac,354425c41008a01f,5f179af5fffeb9f6,Cortney Casey,98215d037be5bcb7,Cynthia Calvillo,Cynthia Calvillo,98215d037be5bcb7
a7a79b8efbceaaac,1521f94cafdfd783,6d4b63c767106d3a,Vicente Luque,a331233f597090a5,Bryan Barberena,Vicente Luque,6d4b63c767106d3a
a7a79b8efbceaaac,a212e4c197983ad1,6256b2b1562cb8e1,James Vick,e5010b1b94ca5755,Paul Felder,James Vick,6256b2b1562cb8e1
a890f9a791ed615d,8410fb6d495a2cc2,4a1329cc8eb0928a,Maximo Blanco,1971869b7e054261,Mike de la Torre,Maximo Blanco,4a1329cc8eb0928a
a890f9a791ed615d,95233ca23cdb02e6,bd878a638e0e3be3,Angela Magana,eb04b9d31e938edb,Michelle Waterson-Gomez,Michelle Waterson-Gomez,eb04b9d31e938edb
a890f9a791ed615d,96740aa476055413,bffeb123b21c9aad,Darrell Montague,6ded9184b2284645,Willie Gates,Willie Gates,6ded9184b2284645
a890f9a791ed615d,44e3a7b4f4c7d95d,d0c29452d3272603,Dan Miller,f797f0c57a83353e,Trevor Smith,Dan Miller,d0c29452d3272603
a890f9a791ed615d,b2eccc1b75633d3d,6c7e25571490aa3b,George Sullivan,2de91c2244ad7e89,Dominic Waters,George Sullivan,6c7e25571490aa3b
a890f9a791ed615d,54a15700ab185420,d81ac739417d7f53,Jake Ellenberger,4a28cb716c19157a,Stephen Thompson,Stephen Thompson,4a28cb716c19157a
a890f9a791ed615d,43b9e58ebf4a75ea,3f1d23b01c552a13,Michael Graves,6d4b63c767106d3a,Vicente Luque,Vicente Luque,6d4b63c767106d3a
a890f9a791ed615d,11aac355349ecc94,47b9e0e7703a4868,Jorge Masvidal,dbc17725b887860a,Cezar Ferreira,Jorge Masvidal,47b9e0e7703a4868
a890f9a791ed615d,c8ec30a470f08748,f50d95223751e6ca,Russell Doane,12f1b140e248bdb9,Jerrod Sanders,Jerrod Sanders,12f1b140e248bdb9
a890f9a791ed615d,b823aa523c9618b5,9deff9e3e8d94d47,Josh Samman,0c5c66ddd1886b83,Caio Magalhaes,Caio Magalhaes,0c5c66ddd1886b83
a8d521d913df4e31,97ad3419f2029ba1,fc9a9559a05f2704,Eddie Wineland,b4eeac608fc82f88,Yves Jabouin,Yves Jabouin,b4eeac608fc82f88
a8d521d913df4e31,e53c8a20819f9be6,03f982ca3735070c,Walt Harris,1091d4d957141094,Nikita Krylov,Nikita Krylov,1091d4d957141094
a8d521d913df4e31,ea0f7fe570c1533f,6c7e25571490aa3b,George Sullivan,b7ad576b8ae115e6,Mike Rhodes,George Sullivan,6c7e25571490aa3b
a8d521d913df4e31,3f1d1bd33a296f26,5f99b2bafb10305f,Daron Cruickshank,af90b10c785ced3e,Mike Rio,Daron Cruickshank,5f99b2bafb10305f
a8d521d913df4e31,6a7f68feb5c0755d,7aa3d6964eff4877,Alex Caceres,de75d1c45a39e221,Sergio Pettis,Sergio Pettis,de75d1c45a39e221
a8d521d913df4e31,ca8e482388e7ac82,1d00756835ca67c9,Donald Cerrone,7dcf06c1967801c1,Adriano Martins,Donald Cerrone,1d00756835ca67c9
a8d521d913df4e31,77d82e8a220053ea,d28dee5c705991df,Stipe Miocic,270b89c00ef0c55c,Gabriel Gonzaga,Stipe Miocic,d28dee5c705991df
a8d521d913df4e31,6fdcd1caa0e9d239,92a9aa9c93192871,Darren Elkins,18968f97ad34f15c,Jeremy Stephens,Darren Elkins,92a9aa9c93192871
a8d521d913df4e31,7fda79ba69b06c0b,2676b28836a5a836,Benson Henderson,a566371ba2ad7152,Josh Thomson,Benson Henderson,2676b28836a5a836
a8e8587a06e73c87,609d994bfe440ec3,578ef12674df1e6a,Irene Aldana,351c4ec637380ad5,Karol Rosa,Karol Rosa,351c4ec637380ad5
a8e8587a06e73c87,ac8628d945a78b03,22a92d7f62195791,Tony Ferguson,7826923b47f8d72a,Paddy Pimblett,Paddy Pimblett,7826923b47f8d72a
a8e8587a06e73c87,1efc813ccd7a5aba,01afe0916a40c7c5,Shavkat Rakhmonov,4a28cb716c19157a,Stephen Thompson,Shavkat Rakhmonov,01afe0916a40c7c5
a8e8587a06e73c87,fce6522f42b48f18,8eb046f83e82bf26,Martin Buday,6747ccd6d1acd266,Shamil Gaziev,Martin Buday,8eb046f83e82bf26
a8e8587a06e73c87,abb6e2169ba580d2,8fd808923cffff82,Andre Fili,710f0f8c5d5c9d41,Lucas Almeida,Lucas Almeida,710f0f8c5d5c9d41
a8e8587a06e73c87,4ec249e549309b16,f00ac08ab056af5d,Tagir Ulanbekov,7f6ed67d3ed3c036,Cody Durden,Tagir Ulanbekov,f00ac08ab056af5d
a8e8587a06e73c87,f8a8871d167fc929,d8c7c61b176e3994,Cody Garbrandt,7be14eaed4c74856,Brian Kelleher,Cody Garbrandt,d8c7c61b176e3994
a8e8587a06e73c87,521a0e016878d174,a495f599e787614f,Alonzo Menifield,e4277e87a789d687,Dustin Jacoby,Dustin Jacoby,e4277e87a789d687
a8e8587a06e73c87,3fa8ee3fdc04fe36,f1fac969a1d70b08,Leon Edwards,dc9572dd6ec74859,Colby Covington,Leon Edwards,f1fac969a1d70b08
a8e8587a06e73c87,3b21a9f48bac4a44,fba03cd6cc28dc41,Josh Emmett,d9c6f19f958643e9,Bryce Mitchell,Bryce Mitchell,d9c6f19f958643e9
a8e8587a06e73c87,4896b36f1333d25c,a0f0004aadf10b71,Alexandre Pantoja,6e15f63b6c2e2c15,Brandon Royval,Alexandre Pantoja,a0f0004aadf10b71
a8e8587a06e73c87,c442899c21d58779,04835018f90b118c,Casey O'Neill,6551c64fbcd1a467,Ariane da Silva,Casey O'Neill,04835018f90b118c
a8ea84cbe1655f0a,1287c631cb74f1d9,8355922d564b152c,Nate Diaz,ccd1299e0345e0ce,Melvin Guillard,Nate Diaz,8355922d564b152c
a8ea84cbe1655f0a,b4a81d7eb4e42c1c,7d96bc577e5178b2,Gray Maynard,daf1b84aebd6602b,Roger Huerta,Gray Maynard,7d96bc577e5178b2
a8ea84cbe1655f0a,b589aba75770bc6b,52cae54377b433b7,Nate Quarry,89b8d1bf1ff09d1d,Tim Credeur,Nate Quarry,52cae54377b433b7
a8ea84cbe1655f0a,7c620723b6840231,f5990c11974d8e9c,Mike Pyle,a56607a451e4c70d,Chris Wilson,Mike Pyle,f5990c11974d8e9c
a8ea84cbe1655f0a,4553c3ab494c2d05,18968f97ad34f15c,Jeremy Stephens,231926533134ec1f,Justin Buchholz,Jeremy Stephens,18968f97ad34f15c
a8ea84cbe1655f0a,c1be2b862f737c18,579fcdfcabd23a7b,Brian Stann,f1f9e48a0d150757,Steve Cantwell,Brian Stann,579fcdfcabd23a7b
a8ea84cbe1655f0a,0454bfbc49e95c16,236a37d96d476164,Mike Pierce,5eedbf1e9601be35,Brock Larson,Mike Pierce,236a37d96d476164
a8ea84cbe1655f0a,d6e75e0238d3ad9b,aae99701b21554e4,Ryan Jensen,0b5b6876c2a4723f,Steve Steinbeiss,Ryan Jensen,aae99701b21554e4
a8ea84cbe1655f0a,aceaa32be99719b0,f9f07bb5a43535ed,Carlos Condit,d81ac739417d7f53,Jake Ellenberger,Jake Ellenberger,d81ac739417d7f53
a9c45a8b21eabadc,72330020a732c635,d317a5e2b3f88c5f,Warlley Alves,49858bf46dabf6fb,Nordine Taleb,Warlley Alves,d317a5e2b3f88c5f
a9c45a8b21eabadc,959de17703476f44,4bcb6eb12b4ad4aa,Vitor Miranda,92b62174c175ce19,Clint Hester,Clint Hester,92b62174c175ce19
a9c45a8b21eabadc,0bf405dabb25251a,ec34349e7dffcde7,Claudia Gadelha,8f382b3baa954d2a,Jessica Aguilar,Claudia Gadelha,ec34349e7dffcde7
a9c45a8b21eabadc,2116affb9c8f193b,5c1ca0c72b599a3c,Rafael Cavalcante,e51e5cb722bd47a8,Patrick Cummins,Patrick Cummins,e51e5cb722bd47a8
a9c45a8b21eabadc,60c62fb7bd17a8b3,8bdac25ce0bb874d,Ronda Rousey,673ea7dcc786b1b3,Bethe Correia,Ronda Rousey,8bdac25ce0bb874d
a9c45a8b21eabadc,8baa6b8850262595,8349d55cdecd393a,Antonio Silva,60029bcf496bd707,Soa Palelei,Soa Palelei,60029bcf496bd707
a9c45a8b21eabadc,b0367c907cc549c0,ebc1f40e00e0c481,Stefan Struve,ee9d73f4fee9cbdd,Antonio Rodrigo Nogueira,Stefan Struve,ebc1f40e00e0c481
a9c45a8b21eabadc,7c9830ee4835f757,2f95a3c6d58b2aad,Iuri Alcantara,d1e1fdcea7c8a90a,Leandro Issa,Iuri Alcantara,2f95a3c6d58b2aad
a9c45a8b21eabadc,17daeb7e36e60cdf,427b5953ac8e3a27,Demian Maia,84b3e7d38f2d2ec5,Neil Magny,Demian Maia,427b5953ac8e3a27
a9c45a8b21eabadc,f7ffa11d592f4092,f95381efb3051d81,Hugo Viana,d05412b513b19621,Guido Cannetti,Hugo Viana,f95381efb3051d81
a9c45a8b21eabadc,aa62b8f58fc09790,140745cbbcb023ac,Mauricio Rua,73e09f837f3b5ecc,Rogerio Nogueira,Mauricio Rua,140745cbbcb023ac
a9df5ae20a97b090,8baff440b82afd2b,72db2a14ffa73ece,Mateusz Gamrot,6a2f7c151031653d,Rafael Dos Anjos,Mateusz Gamrot,72db2a14ffa73ece
a9df5ae20a97b090,ebb758b49e82d0ed,6bd02119599741a4,Pedro Munhoz,60425d07ef4b91a7,Kyler Phillips,Kyler Phillips,60425d07ef4b91a7
a9df5ae20a97b090,7bc7af11050e861b,cd13728ae1151f46,Ion Cutelaba,53c943c873cffe90,Philipe Lins,Philipe Lins,53c943c873cffe90
a9df5ae20a97b090,cbdf29f36b343f6f,140567899d98978a,Robelis Despaigne,b5da8f7d05e85a55,Josh Parisian,Robelis Despaigne,140567899d98978a
a9df5ae20a97b090,3d3dde60e3d59c1c,077e3ace32b72be9,CJ Vergara,8d3273573b85be09,Asu Almabayev,Asu Almabayev,8d3273573b85be09
a9df5ae20a97b090,68f7f992603192c6,23024fdfc966410a,Gilbert Burns,6b453bc35a823c3f,Jack Della Maddalena,Jack Della Maddalena,6b453bc35a823c3f
a9df5ae20a97b090,3677ce6c1ee06a83,12f91bfa8f1f723b,Joanne Wood,b4192a975027aab6,Maryna Moroz,Joanne Wood,12f91bfa8f1f723b
a9df5ae20a97b090,f0a9dfbb6f6ac852,595db60957de51d3,Michel Pereira,0d65c432720accb9,Michal Oleksiejczuk,Michel Pereira,595db60957de51d3
a9df5ae20a97b090,9861b6d04e6ed43c,d661ce4da776fc20,Petr Yan,efb96bf3e9ada36f,Song Yadong,Petr Yan,d661ce4da776fc20
a9df5ae20a97b090,270edfb687c0d20c,3a46b268013afede,Kevin Holland,a67d071163962af8,Michael Page,Michael Page,a67d071163962af8
a9df5ae20a97b090,0133019a4f1055ee,fa6796c55d6c5440,Curtis Blaydes,41e83a89929d1327,Jailton Almeida,Jailton Almeida,41e83a89929d1327
a9df5ae20a97b090,894c44c3d04aaf6f,b50a426a33da0012,Sean O'Malley,7c7332319c14094c,Marlon Vera,Sean O'Malley,b50a426a33da0012
a9df5ae20a97b090,6e73ebbd089aff5e,029eaff01e6bb8f0,Dustin Poirier,c2299ec916bc7c56,Benoit Saint Denis,Dustin Poirier,029eaff01e6bb8f0
a9df5ae20a97b090,33658a3ca932d15d,e872e9a9a902c045,Katlyn Cerminara,6a740daf1b279661,Maycee Barber,Maycee Barber,6a740daf1b279661
aa3153a9941b4d44,629c0eb319e01374,a12a8314adc1c1c9,Laureano Staropoli,c487223b0289bda9,Hector Aldana,Laureano Staropoli,a12a8314adc1c1c9
aa3153a9941b4d44,85f85003fadf7a7b,2c2caf2f2bab9df5,Humberto Bandenay,bf0e700106d00e55,Austin Arnett,Austin Arnett,bf0e700106d00e55
aa3153a9941b4d44,c7bc8750e9503805,776a58a67665a171,Nad Narimani,bbc9ab95fa766493,Anderson Dos Santos,Nad Narimani,776a58a67665a171
aa3153a9941b4d44,410aca28fda60f76,e51fcd9cd84c0b93,Michel Prazeres,e17ac6410c8377f4,Bartosz Fabinski,Michel Prazeres,e51fcd9cd84c0b93
aa3153a9941b4d44,b9a3b520e68f8142,d05412b513b19621,Guido Cannetti,7c7332319c14094c,Marlon Vera,Marlon Vera,7c7332319c14094c
aa3153a9941b4d44,961f434fe238f40e,a0f0004aadf10b71,Alexandre Pantoja,7c3c48cf54a2848e,Yuta Sasaki,Alexandre Pantoja,a0f0004aadf10b71
aa3153a9941b4d44,f9ab603b763998f7,3974fa35c917af1d,Ricardo Lamas,92a9aa9c93192871,Darren Elkins,Darren Elkins,92a9aa9c93192871
aa3153a9941b4d44,99bfad1679112591,98215d037be5bcb7,Cynthia Calvillo,5c126c6aac3ef364,Poliana Botelho,Poliana Botelho,5c126c6aac3ef364
aa3153a9941b4d44,7e695ad026b2ec66,84b3e7d38f2d2ec5,Neil Magny,6d1bffff14897645,Santiago Ponzinibbio,Santiago Ponzinibbio,6d1bffff14897645
aa3153a9941b4d44,3bde8910fabf0dd3,dbc17725b887860a,Cezar Ferreira,2e585c701f72fe55,Ian Heinisch,Ian Heinisch,2e585c701f72fe55
aa3153a9941b4d44,51ce499611a5df68,749f572d1d3161fb,Khalil Rountree Jr.,c21f26bbde777573,Johnny Walker,Khalil Rountree Jr.,749f572d1d3161fb
aa5b4eff51bdc7d1,96c93167c982c467,3ecd936bd8814108,Cat Zingano,3253b16d38ae087d,Julianna Pena,Julianna Pena,3253b16d38ae087d
aa5b4eff51bdc7d1,424221c96ee13ceb,d967f0128c323de6,Daniel Cormier,1f454354805b6f75,Anderson Silva,Anderson Silva,1f454354805b6f75
aa5b4eff51bdc7d1,c1f74805a4ff9396,c849740a3ff51931,TJ Dillashaw,2f13e4020cea5b38,Raphael Assuncao,Raphael Assuncao,2f13e4020cea5b38
aa5b4eff51bdc7d1,1a66e67add5d55ef,0ff11cc094e887bc,Cain Velasquez,3236bf606fe9fa5b,Travis Browne,Cain Velasquez,0ff11cc094e887bc
aa5b4eff51bdc7d1,7679c5ee3514e119,232c582f29f8f65e,Gegard Mousasi,dea070ed4a2a8281,Thiago Santos,Gegard Mousasi,232c582f29f8f65e
aa5b4eff51bdc7d1,8c2e4d3cc4b9e93a,0941df56f6ac954b,Johny Hendricks,8c0580d4fff106c1,Kelvin Gastelum,Johny Hendricks,0941df56f6ac954b
aa5b4eff51bdc7d1,84c5035830ebb421,d0f3959b4a9747e6,Jose Aldo,f2688492b9a525a3,Frankie Edgar,Jose Aldo,d0f3959b4a9747e6
aa5b4eff51bdc7d1,9d7a798f0c20c04a,82e7929bf6c2b689,Diego Sanchez,3bad7ef643840f67,Joe Lauzon,Diego Sanchez,82e7929bf6c2b689
aa5b4eff51bdc7d1,135760b07e1fb79b,b96619b3acd7d9da,Miesha Tate,80fa8218c99f9c58,Amanda Nunes,Amanda Nunes,80fa8218c99f9c58
aa5b4eff51bdc7d1,433e3fd8782b6e0e,d1941565abf50b16,Jim Miller,3be081c29bf734d9,Takanori Gomi,Jim Miller,d1941565abf50b16
aa79d5399571068e,786033c27fdaa020,4b47e71384a9522f,Tim Means,47b9e0e7703a4868,Jorge Masvidal,Tim Means,4b47e71384a9522f
aa79d5399571068e,56ad1de1924984ad,6bf5a7d3e081ade2,Anthony Njokuani,3b9f723e2720a238,Roger Bowling,Anthony Njokuani,6bf5a7d3e081ade2
aa79d5399571068e,3566c8e9d3a9caa8,3591d0d5d382a381,Francis Carmont,9450848a71d53776,Lorenz Larkin,Francis Carmont,3591d0d5d382a381
aa79d5399571068e,4dd561df1ca58ab8,1ff9589f9065a9ed,Frank Mir,d967f0128c323de6,Daniel Cormier,Daniel Cormier,d967f0128c323de6
aa79d5399571068e,704adfae22d0dfb8,22aa91e402d0fe1f,Ramsey Nijem,08e908ed6d18d6a0,Myles Jury,Myles Jury,08e908ed6d18d6a0
aa79d5399571068e,c8a48abe3263f796,5abf827d62f98fee,Clifford Starks,f77c68bb4be8516d,Yoel Romero,Yoel Romero,f77c68bb4be8516d
aa79d5399571068e,6599a94704d56719,2676b28836a5a836,Benson Henderson,aa5b4eff51bdc7d1,Gilbert Melendez,Benson Henderson,2676b28836a5a836
aa79d5399571068e,a6797238f9f98644,80eacd4da0617c57,Joseph Benavidez,6546af7ab545b90c,Darren Uyenoyama,Joseph Benavidez,80eacd4da0617c57
aa79d5399571068e,56ce29bdb1fe9abf,8355922d564b152c,Nate Diaz,a566371ba2ad7152,Josh Thomson,Nate Diaz,8355922d564b152c
aa79d5399571068e,d13ea6559225991f,b5b684eac99ae0a3,Chad Mendes,92a9aa9c93192871,Darren Elkins,Chad Mendes,b5b684eac99ae0a3
aa79d5399571068e,004885f7983f4658,31123249b0bbf52e,Matt Brown,2aa49b3766a59bcd,Jordan Mein,Matt Brown,31123249b0bbf52e
aa79d5399571068e,b229ee2997b70d16,c849740a3ff51931,TJ Dillashaw,f95381efb3051d81,Hugo Viana,TJ Dillashaw,c849740a3ff51931
aac5ac38148f0528,06db48a74d81a15e,b13da0b1a3aed3e7,Nick Ring,19a8cce18a1cef9e,James Head,Nick Ring,b13da0b1a3aed3e7
aac5ac38148f0528,c1039954c3457fe7,cb139171ed1b69fe,Kenny Florian,3a24769a4855040a,Diego Nunes,Kenny Florian,cb139171ed1b69fe
aac5ac38148f0528,60be440e54760b40,68dd7b3783c19f9c,Shane Carwin,63def5a5662a6917,Junior Dos Santos,Junior Dos Santos,63def5a5662a6917
aac5ac38148f0528,9f69f6420f21080a,d403b1a6f278c95e,Vagner Rocha,1d00756835ca67c9,Donald Cerrone,Donald Cerrone,1d00756835ca67c9
aac5ac38148f0528,6dc666fd76a3b280,179f1948dc234f1f,Mark Munoz,427b5953ac8e3a27,Demian Maia,Demian Maia,427b5953ac8e3a27
aac5ac38148f0528,1878e37418f1dfcd,5b2d7906aa894274,Mike Massenzio,59583ff832fe9d68,Krzysztof Soszynski,Krzysztof Soszynski,59583ff832fe9d68
aac5ac38148f0528,44e24628e8eda0b1,5f04e3d58d9ce982,Yves Edwards,501b07aec9b8fc2d,Sam Stout,Yves Edwards,5f04e3d58d9ce982
aac5ac38148f0528,9a18479792f990f7,46baf0f57edfa4df,Joey Beltran,11f8860028b68fcf,Aaron Rosa,Aaron Rosa,11f8860028b68fcf
aac5ac38148f0528,29bf7862fb1c28d6,92a9aa9c93192871,Darren Elkins,9f842be1a5337be6,Michihiro Omigawa,Darren Elkins,92a9aa9c93192871
aac5ac38148f0528,b3a0fc0a945a31f7,029eaff01e6bb8f0,Dustin Poirier,f59e9e49ef85b469,Jason Young,Dustin Poirier,029eaff01e6bb8f0
aae0897825336b1a,e54fe354981fe3e7,7413b80dbb0f8f9f,Lucas Martins,cbd3e590a85b18c5,Mirsad Bektic,Mirsad Bektic,cbd3e590a85b18c5
aae0897825336b1a,d6c02b4bb64ff795,b102c26727306ab6,Jussier Formiga,5aedf14771ca82d2,Wilson Reis,Jussier Formiga,b102c26727306ab6
aae0897825336b1a,7af604e5aa43bb3b,8adcbd525fab8d9b,Elizeu Zaleski dos Santos,9d19d9e4aa2662e8,Nicolas Dalby,Elizeu Zaleski dos Santos,8adcbd525fab8d9b
aae0897825336b1a,d4a309663a4da799,a8283a4f415e1eb9,Francisco Trinaldo,14ff46596ad80609,Norman Parke,Francisco Trinaldo,a8283a4f415e1eb9
aae0897825336b1a,6a9ea8e420a52a21,b69f24c500d783e7,Francimar Barroso,bc3ec52ef70fc155,Ryan Jimmo,Ryan Jimmo,bc3ec52ef70fc155
aae0897825336b1a,ff64fc34065565d0,6fb1ba67bef41b37,Nik Lentz,07225ba28ae309b6,Charles Oliveira,Charles Oliveira,07225ba28ae309b6
aae0897825336b1a,bf658320ccd69021,b7ffa72aa148599a,KJ Noons,57b10fca4f9c9a7a,Alex Oliveira,Alex Oliveira,57b10fca4f9c9a7a
aae0897825336b1a,8801fbb87bdedbe3,f9f07bb5a43535ed,Carlos Condit,31ee470ef5dc8d7f,Thiago Alves,Thiago Alves,31ee470ef5dc8d7f
abbc4fc02e0d84b3,b6620177ac975ff2,db1f2ed63b54b9a7,Hector Lombard,c80095f6092271a7,Tim Boetsch,Tim Boetsch,c80095f6092271a7
abbc4fc02e0d84b3,fa6775e369b9eec9,5ef0088c1b19beeb,Bryan Caraway,b8592b4a383696cd,Mitch Gagnon,Bryan Caraway,5ef0088c1b19beeb
abbc4fc02e0d84b3,3c552514bb9b5c98,523fa774700d7d3f,Court McGee,b13da0b1a3aed3e7,Nick Ring,Nick Ring,b13da0b1a3aed3e7
abbc4fc02e0d84b3,b616ec23516b7244,c76ec2bc3a57666a,Mitch Clarke,706f8e2b34e8e18b,Anton Kuivanen,Anton Kuivanen,706f8e2b34e8e18b
abbc4fc02e0d84b3,ec5e9ce2be2e1586,4b4753d19489297f,Anthony Perosh,bc3ec52ef70fc155,Ryan Jimmo,Ryan Jimmo,bc3ec52ef70fc155
abbc4fc02e0d84b3,66785060ebaa2387,1eacf73d6a0055dc,Cheick Kongo,ca2efc9d7d523c43,Shawn Jordan,Shawn Jordan,ca2efc9d7d523c43
abbc4fc02e0d84b3,64fa0e558f5d1b24,fef3d17e27e916e7,Antonio Carvalho,361d49960a196976,Daniel Pineda,Daniel Pineda,361d49960a196976
abbc4fc02e0d84b3,c330107229012260,32ba186f4b0e3267,Brian Ebersole,19a8cce18a1cef9e,James Head,Brian Ebersole,32ba186f4b0e3267
abbc4fc02e0d84b3,50a381c1eb88dbb0,78114b7199cef90c,Urijah Faber,2c99576fefe53c7c,Renan Barao,Renan Barao,2c99576fefe53c7c
abcf7e55a0a9ed89,c4704eab5e2f51b8,150ff4cc642270b9,Max Holloway,f2688492b9a525a3,Frankie Edgar,Max Holloway,150ff4cc642270b9
abcf7e55a0a9ed89,10b31e991c2d0d4e,2c9d00968f818270,Hakeem Dawodu,3fa7688bfe48a493,Yoshinori Horie,Hakeem Dawodu,2c9d00968f818270
abcf7e55a0a9ed89,dbca9f6bb7290c0d,8e9eb3fc86db0f7d,Marc-Andre Barriault,4e06913c91da5200,Krzysztof Jotko,Krzysztof Jotko,4e06913c91da5200
abcf7e55a0a9ed89,7ed98f8d1ffae082,55ee431411ccf07a,Olivier Aubin-Mercier,eae48ff31db420c2,Arman Tsarukyan,Arman Tsarukyan,eae48ff31db420c2
abcf7e55a0a9ed89,240e9389cca3bd18,634bb0de2eb043b4,Cristiane Justino,39d91e95949de3d9,Felicia Spencer,Cristiane Justino,634bb0de2eb043b4
abcf7e55a0a9ed89,d47fd8fc3886f86c,99bd87a300079ed9,Erik Koch,bb61823f76361297,Kyle Stewart,Erik Koch,99bd87a300079ed9
abcf7e55a0a9ed89,68c77a11b2d308dd,38c7f72747f4f712,Gillian Robertson,1641ef250e9de19b,Sarah Frota,Gillian Robertson,38c7f72747f4f712
abcf7e55a0a9ed89,bc1787883f9328be,a0f0004aadf10b71,Alexandre Pantoja,aa72b0f831d0bfe5,Deiveson Figueiredo,Alexandre Pantoja,a0f0004aadf10b71
abcf7e55a0a9ed89,25c4013fc187762a,da816417a579a0bd,Gavin Tucker,a68575214ecad140,SeungWoo Choi,SeungWoo Choi,a68575214ecad140
abcf7e55a0a9ed89,dfa2fda311df08cf,4c2d90e335e6df19,Alexis Davis,36541f1e6c5d4955,Viviane Araujo,Viviane Araujo,36541f1e6c5d4955
abcf7e55a0a9ed89,e186bd5e556f1b5e,b997be68943010fc,Geoff Neal,d8da10db80131bec,Niko Price,Geoff Neal,b997be68943010fc
ac5f67109accb482,bb4755924dfafaea,50db8711c70196cd,Ovince Saint Preux,49e96ff8ab781589,Tyson Pedro,Ovince Saint Preux,50db8711c70196cd
ac5f67109accb482,2242e7df6f320ea6,6c8072b61c276e67,Jessica-Rose Clark,f72465a784c1b084,Jessica Eye,Jessica-Rose Clark,6c8072b61c276e67
ac5f67109accb482,3d12c63c47828937,a20f234df70f2182,Ji Yeon Kim,8c020156779f7888,Melinda Fabian,Melinda Fabian,8c020156779f7888
ac5f67109accb482,484c48d3723e72cd,e64b96c07d7ce999,Li Jingliang,5140122c3eecd307,Daichi Abe,Li Jingliang,e64b96c07d7ce999
ac5f67109accb482,bb7408d59b7279f7,55ed59d541f8b90c,Rolando Dy,4cd8b03aee1d0138,Shane Young,Rolando Dy,55ed59d541f8b90c
ac5f67109accb482,26582aa0b79d2f20,ec664422b22d9787,Jenel Lausa,7c3c48cf54a2848e,Yuta Sasaki,Yuta Sasaki,7c3c48cf54a2848e
ac5f67109accb482,d5176b45df32f67e,67c1d46f4ed16f9e,Matt Schnell,199eb7cf6ae90294,Naoki Inoue,Matt Schnell,67c1d46f4ed16f9e
ac5f67109accb482,d80b0bea0e260b95,d50382dc0565a9e1,Viviane Pereira,c41d426cc7326d1b,Yan Xiaonan,Yan Xiaonan,c41d426cc7326d1b
ac5f67109accb482,28c70663b99560a8,1d00756835ca67c9,Donald Cerrone,f1fac969a1d70b08,Leon Edwards,Leon Edwards,f1fac969a1d70b08
ac5f67109accb482,8167bd097a16062f,88cd34d836b4ebcd,Teruto Ishihara,d661ce4da776fc20,Petr Yan,Petr Yan,d661ce4da776fc20
ac5f67109accb482,ab6cd718c5459eeb,4665f9f909cd7214,Shinsho Anzai,a845f0735bc67405,Jake Matthews,Jake Matthews,a845f0735bc67405
ac5f67109accb482,c5c5f678558a0ba2,71002dbc1743b9a7,Felipe Arantes,efb96bf3e9ada36f,Song Yadong,Song Yadong,efb96bf3e9ada36f
ac5f67109accb482,b125025990755616,32490e80ddab1e5a,Song Kenan,c487223b0289bda9,Hector Aldana,Song Kenan,32490e80ddab1e5a
ac9521250dc1a14c,25a28456f684503e,fcd448a2fe1a23cc,Gian Villante,cb52f9490c2dc069,Sean O'Connell,Gian Villante,fcd448a2fe1a23cc
ac9521250dc1a14c,1f65f03f1225e061,e1147d3d2dabe1ce,Robert Whittaker,b7ad576b8ae115e6,Mike Rhodes,Robert Whittaker,e1147d3d2dabe1ce
ac9521250dc1a14c,bfcabf1ab823942f,f5431394fb284bb9,James Te Huna,a8e6a69796280f17,Nate Marquardt,Nate Marquardt,a8e6a69796280f17
ac9521250dc1a14c,a4759c52378f9d1a,ef7fa30364cbe7f2,Hatsu Hioki,07225ba28ae309b6,Charles Oliveira,Charles Oliveira,07225ba28ae309b6
ac9521250dc1a14c,7962611f2adbacc0,60029bcf496bd707,Soa Palelei,91ea901c458e95dd,Jared Rosholt,Soa Palelei,60029bcf496bd707
acff437707625fc7,a24121c70f773fe2,83fd97284f4bb4a4,Efrain Escudero,07225ba28ae309b6,Charles Oliveira,Charles Oliveira,07225ba28ae309b6
acff437707625fc7,a4bc92bfe82d0547,8f2939f5fd9cca1e,TJ Waldburger,8f3df4c579cfbb69,David Mitchell,TJ Waldburger,8f2939f5fd9cca1e
acff437707625fc7,2aeba1cc4004d0bc,282fa667ff9c51ed,Cole Miller,4f732e58ed907eff,Ross Pearson,Ross Pearson,4f732e58ed907eff
acff437707625fc7,108140213049e629,d1941565abf50b16,Jim Miller,75e5fec9f72910ef,Gleison Tibau,Jim Miller,d1941565abf50b16
acff437707625fc7,2f2ac4c08e763d38,679a9054e2815943,Tomasz Drwal,d2c55d1d2e67773b,David Branch,Tomasz Drwal,679a9054e2815943
acff437707625fc7,f1ffe3ba615ad7b9,210935fd21670f6d,Rich Attonito,0dba4df5f34d5ff0,Rafael Natal,Rafael Natal,0dba4df5f34d5ff0
acff437707625fc7,b972f998103731da,23459ee7e373b98f,Jared Hamman,b959e8c7fd8390d2,Kyle Kingsbury,Kyle Kingsbury,b959e8c7fd8390d2
acff437707625fc7,48db60440ead6f6d,a8e6a69796280f17,Nate Marquardt,8ddf9c51c5fdea75,Rousimar Palhares,Nate Marquardt,a8e6a69796280f17
acff437707625fc7,88ef809a0fde3900,3dc3022232b79c7a,Brian Foster,e86bc32f5997a8f7,Forrest Petz,Brian Foster,3dc3022232b79c7a
acff437707625fc7,25137d9cc8b47f57,5f04e3d58d9ce982,Yves Edwards,a0c139b34f11421a,John Gunderson,Yves Edwards,5f04e3d58d9ce982
ad044be25c94dcfd,6915d46b49999f60,887961364be5ceb3,King Green,d945aae53e3e54e6,Thiago Moises,King Green,887961364be5ceb3
ad044be25c94dcfd,09f5fb0bec3c948a,0d8011111be000b2,Sean Strickland,045f25b3a4c08e81,Jack Marshman,Sean Strickland,0d8011111be000b2
ad044be25c94dcfd,696ff200d98fa878,f9a20a17d712ef7c,Cole Williams,5f3805dda9661cba,Jason Witt,Jason Witt,5f3805dda9661cba
ad044be25c94dcfd,4e566bd7094b49da,0232cabbc30a2372,Adrian Yanez,f6e5972c9d16c40e,Victor Rodriguez,Adrian Yanez,0232cabbc30a2372
ad044be25c94dcfd,95beb5ec32718faf,feaf00f3373435d6,Chris Gruetzemacher,262a7d06203657e6,Alexander Hernandez,Alexander Hernandez,262a7d06203657e6
ad044be25c94dcfd,997dcf5fd2eb0f2f,3a46b268013afede,Kevin Holland,318572f6f74b760d,Charlie Ontiveros,Kevin Holland,3a46b268013afede
ad044be25c94dcfd,d763ad79532b27ff,068f8a189a47fea6,Maurice Greene,85073dbd1be65ed9,Greg Hardy,Greg Hardy,85073dbd1be65ed9
ad044be25c94dcfd,039c645e8f3ac00f,65578a75fa7900e3,Uriah Hall,1f454354805b6f75,Anderson Silva,Anderson Silva,1f454354805b6f75
ad044be25c94dcfd,83955de599b2d874,d9c6f19f958643e9,Bryce Mitchell,8fd808923cffff82,Andre Fili,Bryce Mitchell,d9c6f19f958643e9
ad044be25c94dcfd,783761d95060ffc4,e4277e87a789d687,Dustin Jacoby,ba1e6cb3d43f7430,Justin Ledet,Dustin Jacoby,e4277e87a789d687
ad044be25c94dcfd,7e6f12a95c14f9de,46e0d677f91bacc0,Miles Johns,0c258d1d8e16e5f1,Kevin Natividad,Miles Johns,46e0d677f91bacc0
ad047e3073a775f3,67948da92e6c9bdc,6506c1d34da9c013,Georges St-Pierre,86dfed7cc24a9fa7,Matt Serra,Georges St-Pierre,6506c1d34da9c013
ad047e3073a775f3,b675c94f20551631,52cae54377b433b7,Nate Quarry,c8136ab8aa32c974,Kalib Starnes,Nate Quarry,52cae54377b433b7
ad047e3073a775f3,96da5813683649f5,2be6596a9db33bf5,Jason MacDonald,dbaaf42313af90fa,Joe Doerksen,Joe Doerksen,dbaaf42313af90fa
ad047e3073a775f3,6ae2cd7feede5a33,d897897060f10a3a,Rich Franklin,622f015c81a9b13a,Travis Lutter,Rich Franklin,d897897060f10a3a
ad047e3073a775f3,df3b75809b7fe252,86f582852a5b240a,Mac Danzig,cf9d24e4bd0cf2ce,Mark Bocek,Mark Bocek,cf9d24e4bd0cf2ce
ad047e3073a775f3,8153c30fad5b2ad8,2b93ebd9f5417ad2,Michael Bisping,da97d6c97d09c030,Charles McCarthy,Michael Bisping,2b93ebd9f5417ad2
ad047e3073a775f3,920194911d727a38,a6fd2173d5e2d7f0,Jason Day,4130a743d9d22163,Alan Belcher,Alan Belcher,4130a743d9d22163
ad047e3073a775f3,be38ed9ccfe2ee03,fb1538b46877a695,Jonathan Goulet,9d4522df6fc49a47,Kuniyoshi Hironaka,Kuniyoshi Hironaka,9d4522df6fc49a47
ad047e3073a775f3,219bd976b8ca745d,7d21de9c6d7c98b2,Rich Clementi,501b07aec9b8fc2d,Sam Stout,Rich Clementi,7d21de9c6d7c98b2
ad047e3073a775f3,af178adff964d854,427b5953ac8e3a27,Demian Maia,06f36cf4bd97ec77,Ed Herman,Demian Maia,427b5953ac8e3a27
ad23903ef3af7406,df30514e0674d598,76e2870ffafbe38f,Movsar Evloev,cb696ebfb6598724,Aljamain Sterling,Movsar Evloev,76e2870ffafbe38f
ad23903ef3af7406,f706508c52f337a6,787bb1f087ccff8a,Ciryl Gane,279566840aa55bf2,Alexander Volkov,Ciryl Gane,787bb1f087ccff8a
ad23903ef3af7406,0f16d83859d608c7,3a8176e15b9887c1,Chris Weidman,cad24459b28592ca,Eryk Anders,Chris Weidman,3a8176e15b9887c1
ad23903ef3af7406,e761c5009c09b295,a0f0004aadf10b71,Alexandre Pantoja,d33da8a3d82bdb62,Kai Asakura,Alexandre Pantoja,a0f0004aadf10b71
ad23903ef3af7406,4914f7bd073c6359,6d4b63c767106d3a,Vicente Luque,40f3cb27fc7305a1,Themba Gorimbo,Vicente Luque,6d4b63c767106d3a
ad23903ef3af7406,7c0d0a28a8fba102,c6aee362c7a7d482,Randy Brown,f626118b6da0e020,Bryan Battle,Randy Brown,c6aee362c7a7d482
ad23903ef3af7406,d38029cf47e54cf7,7f6ed67d3ed3c036,Cody Durden,17e97649403ba428,Joshua Van,Joshua Van,17e97649403ba428
ad23903ef3af7406,1569186ee820ea87,01afe0916a40c7c5,Shavkat Rakhmonov,442c9011034ae1fd,Ian Machado Garry,Ian Machado Garry,442c9011034ae1fd
ad23903ef3af7406,0292b9c31c0089ac,d9c6f19f958643e9,Bryce Mitchell,242d36d241b43c12,Kron Gracie,Bryce Mitchell,d9c6f19f958643e9
ad23903ef3af7406,a5c57b0f49e9f61c,c58f51dedb310998,Michael Chiesa,b0d6a1d8ac3d563d,Max Griffin,Max Griffin,b0d6a1d8ac3d563d
ad23903ef3af7406,97caf8fca9d9603b,2e19380f34871c6a,Dominick Reyes,d4c9dcd330403612,Anthony Smith,Dominick Reyes,2e19380f34871c6a
ad23903ef3af7406,72b12a837290b327,c47df9303d318c67,Clay Guida,971246648e162f0d,Chase Hooper,Chase Hooper,971246648e162f0d
ad23903ef3af7406,eb94412f15c62650,8667caa0451d245b,Kennedy Nzechukwu,0c25d0a5e8cdbf19,Lukasz Brzeski,Kennedy Nzechukwu,8667caa0451d245b
ad23903ef3af7406,089388c9f00ce9c6,583ee11abddfc581,Nate Landwehr,e93b04e308913c2e,Dooho Choi,Dooho Choi,e93b04e308913c2e
ad32471f01e7b1a5,1733594124569598,5d7bdab5e03e3216,CB Dollaway,dbaaf42313af90fa,Joe Doerksen,CB Dollaway,5d7bdab5e03e3216
ad32471f01e7b1a5,5b986cd7289a0884,86dfed7cc24a9fa7,Matt Serra,91acd6910b802a9e,Chris Lytle,Chris Lytle,91acd6910b802a9e
ad32471f01e7b1a5,8e2e14693e04bf45,ccd1299e0345e0ce,Melvin Guillard,18968f97ad34f15c,Jeremy Stephens,Melvin Guillard,ccd1299e0345e0ce
ad32471f01e7b1a5,b2717e8f7e7a196f,ba280572acfba13f,Matt Mitrione,46baf0f57edfa4df,Joey Beltran,Matt Mitrione,ba280572acfba13f
ad32471f01e7b1a5,bd057764cb51f065,eef9b891edbd4604,Mark Hunt,008dc37cca279def,Sean McCorkle,Mark Hunt,eef9b891edbd4604
ad32471f01e7b1a5,7e3679992f2c6ff6,73e09f837f3b5ecc,Rogerio Nogueira,c0ab242c40decc55,Ryan Bader,Ryan Bader,c0ab242c40decc55
ad32471f01e7b1a5,301b145c186635de,1ff9589f9065a9ed,Frank Mir,c32fb8c0f6471a4d,Mirko Filipovic,Frank Mir,1ff9589f9065a9ed
ad32471f01e7b1a5,81b5e933186a685a,029880cdbf5ca089,Sean Sherk,e5c9de15bb58b1c6,Evan Dunham,Sean Sherk,029880cdbf5ca089
ad4e9055bf8cd04d,adc1038ed2e76391,8f6a18831a120817,James Krause,777dea713da2441d,Valmir Lazaro,James Krause,8f6a18831a120817
ad4e9055bf8cd04d,618b581f14a37e06,d81ac739417d7f53,Jake Ellenberger,dd37fd509af89f15,Josh Koscheck,Jake Ellenberger,d81ac739417d7f53
ad4e9055bf8cd04d,9f4bc2063685211c,cf65d56b0755ed3b,Alan Jouban,303a05a7aa3ff761,Richard Walsh,Alan Jouban,cf65d56b0755ed3b
ad4e9055bf8cd04d,ffea776913451b6d,22a92d7f62195791,Tony Ferguson,75e5fec9f72910ef,Gleison Tibau,Tony Ferguson,22a92d7f62195791
ad4e9055bf8cd04d,203b3098d892c3b1,e9213f53ddeca978,Dhiego Lima,4b47e71384a9522f,Tim Means,Tim Means,4b47e71384a9522f
ad4e9055bf8cd04d,31e62d34abc3a762,fc169c387b4b465d,Raquel Pennington,634e2fb70bde3fd5,Holly Holm,Raquel Pennington,fc169c387b4b465d
ad4e9055bf8cd04d,f3e1c02ce14bccfe,d3df1add9d9a7efb,Derrick Lewis,7e208569469c8bc8,Ruan Potts,Derrick Lewis,d3df1add9d9a7efb
ad4e9055bf8cd04d,e083c7ae1548e08a,8bdac25ce0bb874d,Ronda Rousey,3ecd936bd8814108,Cat Zingano,Ronda Rousey,8bdac25ce0bb874d
ad4e9055bf8cd04d,fe49ef11584415d0,179f1948dc234f1f,Mark Munoz,1c86754617d9813a,Roan Carneiro,Mark Munoz,179f1948dc234f1f
ad99fa5325519169,dbb0ca0198ac514a,64a50dad704d1d49,Edson Barboza,ee9ebceabfd16fa7,Kevin Lee,Kevin Lee,ee9ebceabfd16fa7
ad99fa5325519169,d2b5ce5548b71668,5331b25a60417ffb,Anthony Rocco Martin,65ddc8a9ac4e8531,Keita Nakamura,Anthony Rocco Martin,5331b25a60417ffb
ad99fa5325519169,dbed6292db8b0212,aec185309b4843d0,Siyar Bahadurzada,9ccf8371fd80d45d,Luan Chagas,Siyar Bahadurzada,aec185309b4843d0
ad99fa5325519169,bef2a2e68fb4dfa8,ce1e867808ef5fce,Justin Willis,01b352b6a9074d5c,Chase Sherman,Justin Willis,ce1e867808ef5fce
ad99fa5325519169,0f88658e787815c8,d1941565abf50b16,Jim Miller,193b9d1858bc4df3,Dan Hooker,Dan Hooker,193b9d1858bc4df3
ad99fa5325519169,6dd0874dec826397,cb696ebfb6598724,Aljamain Sterling,ec52462a1b41f714,Brett Johns,Aljamain Sterling,cb696ebfb6598724
ad99fa5325519169,6d8ce1abde550bc6,f2688492b9a525a3,Frankie Edgar,d247691a6c0e9034,Cub Swanson,Cub Swanson,d247691a6c0e9034
ad99fa5325519169,62aab95c866a9c5b,d2c55d1d2e67773b,David Branch,dea070ed4a2a8281,Thiago Santos,Thiago Santos,dea070ed4a2a8281
ad99fa5325519169,ef86720364837f68,4c7781da8c6cae93,Ryan LaFlare,a2b12c3f3d60ff69,Alex Garcia,Ryan LaFlare,4c7781da8c6cae93
ad99fa5325519169,a017d5806eaa6018,c03520b5c88ed6b4,Merab Dvalishvili,5987b2458f4b5290,Ricky Simon,Merab Dvalishvili,c03520b5c88ed6b4
ad99fa5325519169,a22add1024153ddb,5e4eec08896c9423,Corey Anderson,e51e5cb722bd47a8,Patrick Cummins,Corey Anderson,5e4eec08896c9423
ae58685caf8e4a0d,af59e32a5b3f6065,d897897060f10a3a,Rich Franklin,8f2d9ee27f206f1f,Evan Tanner,Rich Franklin,d897897060f10a3a
ae58685caf8e4a0d,00a5e033391bf8df,621a6c59f88a44fe,Matt Hughes,029880cdbf5ca089,Sean Sherk,Matt Hughes,621a6c59f88a44fe
aec273fcb765330d,b9e037a45f8850fb,b93c06d09d1c4ac0,Steven Peterson,11583163f45c7b31,Lucas Alexander,Steven Peterson,b93c06d09d1c4ac0
aec273fcb765330d,16bd47ba50891833,077e3ace32b72be9,CJ Vergara,31bb0772f21cabd8,Daniel Lacerda,CJ Vergara,077e3ace32b72be9
aec273fcb765330d,1c2d0db1c9eed052,634e2fb70bde3fd5,Holly Holm,3143bf892608139a,Yana Santos,Holly Holm,634e2fb70bde3fd5
aec273fcb765330d,c6cc6ae23cbf8a27,361d49960a196976,Daniel Pineda,7832f2f62f04178f,Tucker Lutz,Tucker Lutz,7832f2f62f04178f
aec273fcb765330d,2f382615155e32b9,c68c68efaa5ca6ef,Chidi Njokuani,6b7c7460855dbbb9,Albert Duraev,Chidi Njokuani,c68c68efaa5ca6ef
aec273fcb765330d,bce8ece2ff26b4d4,583ee11abddfc581,Nate Landwehr,305d73ede05e31ad,Austin Lingo,Nate Landwehr,583ee11abddfc581
aec273fcb765330d,33fa6793a7f984ac,7c7332319c14094c,Marlon Vera,65f09bacd3957381,Cory Sandhagen,Cory Sandhagen,65f09bacd3957381
aec273fcb765330d,9433730f95d52fc8,05fa626cb33d15b8,Andrea Lee,6a740daf1b279661,Maycee Barber,Maycee Barber,6a740daf1b279661
aec273fcb765330d,07e39fd5f4f23270,b27a1fcb56a3035a,Trevin Giles,9fe7af8b3fbe00a0,Preston Parsons,Trevin Giles,b27a1fcb56a3035a
aec273fcb765330d,6f6fec9c78244174,dc7927cd622676a7,Victor Altamirano,65cdf4ec31143d86,Vinicius Salvador,Victor Altamirano,dc7927cd622676a7
af1e5c64b8663aa0,dfe14e13aa727a0c,6bd02119599741a4,Pedro Munhoz,f2688492b9a525a3,Frankie Edgar,Frankie Edgar,f2688492b9a525a3
af1e5c64b8663aa0,5d9a3bfdcd28abb8,6370c1c1e12723d5,Marcin Prachnio,18b602842a24f7c5,Mike Rodriguez,Marcin Prachnio,6370c1c1e12723d5
af1e5c64b8663aa0,0ccc86f7d0e84c3e,f9d0cae37dabfafc,Ike Villanueva,c878270af633eb11,Jordan Wright,Jordan Wright,c878270af633eb11
af1e5c64b8663aa0,949619e1b1de9e5f,40d8b74488743800,Carlton Minus,4aa58269d0664b5b,Matthew Semelsberger,Matthew Semelsberger,4aa58269d0664b5b
af1e5c64b8663aa0,37a6fc5e69a7932d,a08ddd04eaffd81d,Mariya Agapova,122ac9b816d8b71c,Shana Dobson,Mariya Agapova,a08ddd04eaffd81d
af1e5c64b8663aa0,23e548f618dd0e5f,d2cd7a69cc55e7ed,Austin Hubbard,af65aa688d13eedf,Joe Solecki,Joe Solecki,af65aa688d13eedf
af1e5c64b8663aa0,0a3e48cdd97267f4,3df5493bb279226f,Amanda Lemos,43a59ce3bb40449e,Mizuki,Amanda Lemos,3df5493bb279226f
af1e5c64b8663aa0,cfa0dbc7534f3545,8a1f3b5c526cd6e6,Daniel Rodriguez,8be158ca1e5ea6a0,Dwight Grant,Daniel Rodriguez,8a1f3b5c526cd6e6
afdb76fbd86f6d11,635763ab6b5f0bf0,82e7929bf6c2b689,Diego Sanchez,30a09e43f15f1d75,Paulo Thiago,Diego Sanchez,82e7929bf6c2b689
afdb76fbd86f6d11,8787d56f59bfb4c3,89a407032911e27e,Brendan Schaub,270b89c00ef0c55c,Gabriel Gonzaga,Brendan Schaub,89a407032911e27e
afdb76fbd86f6d11,46c74829fb4c2dd5,523fa774700d7d3f,Court McGee,aae99701b21554e4,Ryan Jensen,Court McGee,523fa774700d7d3f
afdb76fbd86f6d11,704e1351a64581ed,9fa3bd637edd9aa2,Patrick Cote,4d44f37107f01b9b,Tom Lawlor,Tom Lawlor,4d44f37107f01b9b
afdb76fbd86f6d11,f7e5e9fdcbff28b3,eaea0fc7b76525a8,Mike Guymon,22edaf53ad59a967,Daniel Roberts,Daniel Roberts,22edaf53ad59a967
afdb76fbd86f6d11,f817a161eb72e685,6c2030e0a143a94b,Chris Camozzi,aed06011bf62237b,Dongi Yang,Dongi Yang,aed06011bf62237b
afdb76fbd86f6d11,95ca100d6bf829b2,501b07aec9b8fc2d,Sam Stout,9b74de674c355425,Paul Taylor,Paul Taylor,9b74de674c355425
afdb76fbd86f6d11,9c354bd6ea1bf25a,7691a80e6ca3e55b,Jon Madsen,d29b5c4f22c6357d,Gilbert Yvel,Jon Madsen,7691a80e6ca3e55b
afdb76fbd86f6d11,8f301d4eb8e97449,513c6f1715e547a8,Brock Lesnar,0ff11cc094e887bc,Cain Velasquez,Cain Velasquez,0ff11cc094e887bc
afdb76fbd86f6d11,ec618a1214d4b171,2f732dd9210d301f,Tito Ortiz,98b80a717b9bda17,Matt Hamill,Matt Hamill,98b80a717b9bda17
afdb76fbd86f6d11,1a0b90c661fd603e,fe435e440b5de0ff,Jake Shields,8b69839f3555a67b,Martin Kampmann,Martin Kampmann,8b69839f3555a67b
b0550072e5f0afa7,87126427cfcaee52,150ff4cc642270b9,Max Holloway,029eaff01e6bb8f0,Dustin Poirier,Max Holloway,150ff4cc642270b9
b0550072e5f0afa7,8da5849a6e7307bf,cc1a8b4b38b92c6d,Montel Jackson,d0e50a3d1b250708,Andre Soukhamthath,Montel Jackson,cc1a8b4b38b92c6d
b0550072e5f0afa7,79da0eacafb22f86,cc351e408bbb7d43,Brandon Davis,325ad0dd9126d3df,Randy Costa,Randy Costa,325ad0dd9126d3df
b0550072e5f0afa7,bf719cf83cab229b,b0d6a1d8ac3d563d,Max Griffin,7f0f171414d0a287,Zelim Imadaev,Max Griffin,b0d6a1d8ac3d563d
b0550072e5f0afa7,75e580d5ea37c519,f923e012414c883e,Lauren Mueller,5c126c6aac3ef364,Poliana Botelho,Poliana Botelho,5c126c6aac3ef364
b0550072e5f0afa7,23fd92555246d61e,f1928a52590c5532,Curtis Millender,b1b0729d27936f2f,Belal Muhammad,Belal Muhammad,b1b0729d27936f2f
b0550072e5f0afa7,7dc87736c304b3dd,cf65d56b0755ed3b,Alan Jouban,8be158ca1e5ea6a0,Dwight Grant,Alan Jouban,cf65d56b0755ed3b
b0550072e5f0afa7,2456c4550c26e5e8,98e946879ba20c0f,Boston Salmon,b4537562f88ac582,Khalid Taha,Khalid Taha,b4537562f88ac582
b0550072e5f0afa7,d22c19fd92426567,50db8711c70196cd,Ovince Saint Preux,1091d4d957141094,Nikita Krylov,Nikita Krylov,1091d4d957141094
b0550072e5f0afa7,c6b040021b4ceb0f,5aedf14771ca82d2,Wilson Reis,a0f0004aadf10b71,Alexandre Pantoja,Alexandre Pantoja,a0f0004aadf10b71
b0550072e5f0afa7,9bfda7c26578aaac,8c0580d4fff106c1,Kelvin Gastelum,1338e2c7480bdf9e,Israel Adesanya,Israel Adesanya,1338e2c7480bdf9e
b0550072e5f0afa7,e0d92694d8a2d38b,cad24459b28592ca,Eryk Anders,749f572d1d3161fb,Khalil Rountree Jr.,Khalil Rountree Jr.,749f572d1d3161fb
b0550072e5f0afa7,31b283a5559ad44d,4d8fa64202cee4c1,Jalin Turner,dccb63727f2f5f74,Matt Frevola,Jalin Turner,4d8fa64202cee4c1
b09890ba7ce1d1e2,81af3b60203d92df,ea7e5bc78d9de658,Makhmud Muradov,f797f0c57a83353e,Trevor Smith,Makhmud Muradov,ea7e5bc78d9de658
b09890ba7ce1d1e2,fa3f04be9344804b,d9c6f19f958643e9,Bryce Mitchell,5b8ba8f5512893b1,Matt Sayles,Bryce Mitchell,d9c6f19f958643e9
b09890ba7ce1d1e2,652a956adab8ad0e,7dda2cf308f24a02,Virna Jandiroba,19b7738321cfae42,Mallory Martin,Virna Jandiroba,7dda2cf308f24a02
b09890ba7ce1d1e2,a3f89ad71e1caa81,af65aa688d13eedf,Joe Solecki,eb29176b03dfa888,Matt Wiman,Joe Solecki,af65aa688d13eedf
b09890ba7ce1d1e2,b5365d22172e414b,d4691518d012b9e7,Aspen Ladd,3143bf892608139a,Yana Santos,Aspen Ladd,d4691518d012b9e7
b09890ba7ce1d1e2,57d04160f5438654,31ee470ef5dc8d7f,Thiago Alves,4b47e71384a9522f,Tim Means,Thiago Alves,31ee470ef5dc8d7f
b09890ba7ce1d1e2,e91f289f1b9f9519,b4ad3a06ee4d660c,Alistair Overeem,2cd428e9606856fd,Jairzinho Rozenstruik,Alistair Overeem,b4ad3a06ee4d660c
b09890ba7ce1d1e2,b9ff9ebe19ae6358,05339613bf8e9808,Rob Font,5987b2458f4b5290,Ricky Simon,Ricky Simon,5987b2458f4b5290
b09890ba7ce1d1e2,d9501c6985c1b38d,aa171d55d4b5208f,Billy Quarantillo,637bd06c32219f0b,Jacob Kilburn,Billy Quarantillo,aa171d55d4b5208f
b09890ba7ce1d1e2,bbc8e8a69e9bd106,ebc1f40e00e0c481,Stefan Struve,bd58d34e39b7b12a,Ben Rothwell,Ben Rothwell,bd58d34e39b7b12a
b0a6124751a56bc4,96b62bd56b252bab,a0f0004aadf10b71,Alexandre Pantoja,ab2b4ff41d6ebe0f,Alex Perez,Alexandre Pantoja,a0f0004aadf10b71
b0a6124751a56bc4,0366e183296fea07,f9ab66e67240db7b,Joselyne Edwards,a20f234df70f2182,Ji Yeon Kim,Joselyne Edwards,f9ab66e67240db7b
b0a6124751a56bc4,e492dc60d8e44866,c32aeb1a59e6272d,Michael Morales,a01a62132460a98d,Adam Fugitt,Michael Morales,c32aeb1a59e6272d
b0a6124751a56bc4,66f7bb31d24b3b36,2c010b26a3306969,Orion Cosce,9edf2c9082cc2cd8,Blood Diamond,Orion Cosce,2c010b26a3306969
b0a6124751a56bc4,52f87252af59e23b,d3df1add9d9a7efb,Derrick Lewis,f14cf73e51b29254,Sergei Pavlovich,Sergei Pavlovich,f14cf73e51b29254
b0a6124751a56bc4,058c2724dec1add1,d802174b0c0c1f4e,Magomed Ankalaev,d4c9dcd330403612,Anthony Smith,Magomed Ankalaev,d802174b0c0c1f4e
b0a6124751a56bc4,189b9af881b96de6,7cbf7c78d3b34218,Drakkar Klose,e132d47bd9efbbe0,Rafa Garcia,Drakkar Klose,7cbf7c78d3b34218
b0a6124751a56bc4,579b5770129b328a,cdb96af67d096b1e,Alex Morono,4aa58269d0664b5b,Matthew Semelsberger,Alex Morono,cdb96af67d096b1e
b0a6124751a56bc4,72c3e5eacde4f0e5,3253b16d38ae087d,Julianna Pena,80fa8218c99f9c58,Amanda Nunes,Amanda Nunes,80fa8218c99f9c58
b0a6124751a56bc4,1ed550f094ca7745,8c57c7b8c3bab0eb,Nicolae Negumereanu,260bd4cef10b033f,Ihor Potieria,Nicolae Negumereanu,8c57c7b8c3bab0eb
b0a6124751a56bc4,81a18de517a3336a,519e4fe37ce9ff75,Drew Dober,029afd138865d20a,Rafael Alves,Drew Dober,519e4fe37ce9ff75
b0a6124751a56bc4,5a1ce88ec1f75160,792be9a24df82ed6,Brandon Moreno,853eb0dd5c0e2149,Kai Kara-France,Kai Kara-France,853eb0dd5c0e2149
b12a1d19ee383b7c,de1acb6803ab3f14,8f765fd5775a8873,Rinat Fakhretdinov,9d19d9e4aa2662e8,Nicolas Dalby,Rinat Fakhretdinov,8f765fd5775a8873
b12a1d19ee383b7c,0ac2da3dbaf2fce2,6e344b71421103da,Magomed Gadzhiyasulov,49edd0d90f60fb7d,Brendson Ribeiro,Brendson Ribeiro,49edd0d90f60fb7d
b12a1d19ee383b7c,8db5cf5df713a7e9,a7897d200692ab64,Kyung Ho Kang,a54660deb6a8489c,Muin Gafurov,Muin Gafurov,a54660deb6a8489c
b12a1d19ee383b7c,9d5f562e0572058c,c21f26bbde777573,Johnny Walker,0845c81e37d3bcb3,Volkan Oezdemir,Volkan Oezdemir,0845c81e37d3bcb3
b12a1d19ee383b7c,8bd5f20f49434c65,8d11d9c13e2ccdf7,Muhammad Naimov,9256f591b30c073e,Felipe Lima,Muhammad Naimov,8d11d9c13e2ccdf7
b12a1d19ee383b7c,774fb0c0c1c2bc6a,b7b84ccd221be298,Nasrat Haqparast,7026eca45f65377b,Jared Gordon,Nasrat Haqparast,b7b84ccd221be298
b12a1d19ee383b7c,fbbf5391ea25521b,06734ca9d88dec3a,Shara Magomedov,6d48a2df51749d91,Antonio Trocoli,Shara Magomedov,06734ca9d88dec3a
b12a1d19ee383b7c,c0d6feef69ccb330,86bace9e4ad85542,Xiao Long,117a06469813e4ef,ChangHo Lee,Xiao Long,86bace9e4ad85542
b12a1d19ee383b7c,eba46dbf9cdd83c0,e1147d3d2dabe1ce,Robert Whittaker,b07aed698fba8624,Ikram Aliskerov,Robert Whittaker,e1147d3d2dabe1ce
b12a1d19ee383b7c,cd3bb8a2824fbf22,f14cf73e51b29254,Sergei Pavlovich,279566840aa55bf2,Alexander Volkov,Alexander Volkov,279566840aa55bf2
b12a1d19ee383b7c,8ddd53a7ed3754d5,8c0580d4fff106c1,Kelvin Gastelum,8a1f3b5c526cd6e6,Daniel Rodriguez,Kelvin Gastelum,8c0580d4fff106c1
b1605ea39fba6af6,1caec47dc08613a7,232c582f29f8f65e,Gegard Mousasi,05560764359161e4,Constantinos Philippou,Gegard Mousasi,232c582f29f8f65e
b1605ea39fba6af6,7d60cb78ea70fae0,f2688492b9a525a3,Frankie Edgar,78114b7199cef90c,Urijah Faber,Urijah Faber,78114b7199cef90c
b1605ea39fba6af6,4702ef17c48bf1d1,40ff198adda94b9f,Mark Eddiva,938ad489fb7a1f31,Levan Makashvili,Levan Makashvili,938ad489fb7a1f31
b1605ea39fba6af6,14a40f30e0cb22c9,203c957eac95dd87,Hyun Gyu Lim,84b3e7d38f2d2ec5,Neil Magny,Neil Magny,84b3e7d38f2d2ec5
b1605ea39fba6af6,97c302628f231da3,7b310409440c9102,Zhang Lipeng,633a45d131192ffe,Kajan Johnson,Kajan Johnson,633a45d131192ffe
b1605ea39fba6af6,3b463d688d598a72,179f1948dc234f1f,Mark Munoz,172c2135e70f87b7,Luke Barnatt,Mark Munoz,179f1948dc234f1f
b1605ea39fba6af6,00684df5ed23e6ca,e64b96c07d7ce999,Li Jingliang,e9213f53ddeca978,Dhiego Lima,Li Jingliang,e64b96c07d7ce999
b1605ea39fba6af6,80551dceed42e7ab,2c1170b825f58e57,Guangyou Ning,b9c03e7a4557e542,Royston Wee,Royston Wee,b9c03e7a4557e542
b1605ea39fba6af6,1e176413438fabd5,9a2d3567abc02e34,Tae Hyun Bang,53ec9cb470e1a4ea,Jon Tuck,Tae Hyun Bang,9a2d3567abc02e34
b16a7e6a627e9789,f047e3605f8852d8,82a5152216251682,Dan Ige,cf946e03ba2e7666,Kevin Aguilar,Dan Ige,82a5152216251682
b16a7e6a627e9789,6e9cf53cd87e1b7e,b4c6c904a9ffc5e8,Ashley Yoder,a851c35f58199231,Syuri Kondo,Ashley Yoder,b4c6c904a9ffc5e8
b16a7e6a627e9789,b1da312483a974b3,3a46b268013afede,Kevin Holland,77d7295d1b22c694,Alessio Di Chirico,Kevin Holland,3a46b268013afede
b16a7e6a627e9789,ab4862ea4cbd0750,eb29176b03dfa888,Matt Wiman,2844b047183a1adb,Luis Pena,Luis Pena,2844b047183a1adb
b16a7e6a627e9789,13129c1f044fdd47,05fa626cb33d15b8,Andrea Lee,80d8aed0ca9b00f3,Montana De La Rosa,Montana De La Rosa,80d8aed0ca9b00f3
b16a7e6a627e9789,e4559c3cce6edec1,a9d6e047ce48ab63,Allen Crowder,2cd428e9606856fd,Jairzinho Rozenstruik,Jairzinho Rozenstruik,2cd428e9606856fd
b16a7e6a627e9789,8f1b727757a60c07,5f6f049d54728e88,Andre Ewell,bbc9ab95fa766493,Anderson Dos Santos,Andre Ewell,5f6f049d54728e88
b16a7e6a627e9789,4096b302747d47b3,a331233f597090a5,Bryan Barberena,c6aee362c7a7d482,Randy Brown,Randy Brown,c6aee362c7a7d482
b16a7e6a627e9789,f81f8cfe30e0a1e9,483a953b18d73bb3,Deron Winn,b9664eae2ac75262,Eric Spicely,Deron Winn,483a953b18d73bb3
b16a7e6a627e9789,aec1339028f3416c,b6452706b373eea1,Renato Moicano,c451d67c09c55418,Chan Sung Jung,Renato Moicano,b6452706b373eea1
b16a7e6a627e9789,fa98e2b8dceca9bb,6551c64fbcd1a467,Ariane da Silva,51018a31ddf31eb2,Molly McCann,Molly McCann,51018a31ddf31eb2
b23388ff8ac6637b,a71764d5da04e3bc,0a1942069c9ad6b6,Jack Hermansson,327d5f279895110d,Roman Dolidze,Jack Hermansson,0a1942069c9ad6b6
b23388ff8ac6637b,5a8f7afc5ea69537,1a31ef98efce7a79,Matheus Nicolau,67c1d46f4ed16f9e,Matt Schnell,Matheus Nicolau,1a31ef98efce7a79
b23388ff8ac6637b,a419e6df765aa755,4a28cb716c19157a,Stephen Thompson,3a46b268013afede,Kevin Holland,Stephen Thompson,4a28cb716c19157a
b23388ff8ac6637b,7fbf09533c59e43f,d8da10db80131bec,Niko Price,8e382b585a92affe,Phil Rowe,Phil Rowe,8e382b585a92affe
b23388ff8ac6637b,be977e524ef56aa4,92a9aa9c93192871,Darren Elkins,87c0b1c696ddfb43,Jonathan Pearce,Jonathan Pearce,87c0b1c696ddfb43
b23388ff8ac6637b,972e17c1b98fca06,c62fbc117d57b943,Tai Tuivasa,f14cf73e51b29254,Sergei Pavlovich,Sergei Pavlovich,f14cf73e51b29254
b23388ff8ac6637b,7bd6969c4ed979f9,c47df9303d318c67,Clay Guida,df1eb4354d18a906,Scott Holtzman,Clay Guida,c47df9303d318c67
b23388ff8ac6637b,0c9faf26efe2cdcc,f0feeb2192937424,Angela Hill,02f8fedc18cbd26c,Emily Ducote,Emily Ducote,02f8fedc18cbd26c
b23388ff8ac6637b,92c1d9a6d313cb0c,511e82663651438d,Michael Johnson,32c355b04fc57f3a,Marc Diakiese,Marc Diakiese,32c355b04fc57f3a
b23388ff8ac6637b,30abc50a2e71c576,a29db9cd4f9ccea5,Natan Levy,cda1099995b46cc2,Genaro Valdez,Natan Levy,a29db9cd4f9ccea5
b23388ff8ac6637b,f17813d03fcd8e7a,a331233f597090a5,Bryan Barberena,6a2f7c151031653d,Rafael Dos Anjos,Rafael Dos Anjos,6a2f7c151031653d
b23388ff8ac6637b,ca0f0a35a1fcb453,cad24459b28592ca,Eryk Anders,d6c0cdd7e467c440,Kyle Daukaus,Kyle Daukaus,d6c0cdd7e467c440
b23388ff8ac6637b,2cec230248d7eb97,40cb680ae1cd331f,Yazmin Jauregui,efc67b07eed39794,Istela Nunes,Yazmin Jauregui,40cb680ae1cd331f
b23388ff8ac6637b,1114cd1515cf3b8f,2804ce8dadab5770,Marcelo Rojo,5d495dec23d7c68e,Francis Marshall,Francis Marshall,5d495dec23d7c68e
b23fca14c7b79935,9166d2f99369c06b,acff437707625fc7,Yushin Okami,7a703c565ccaa18f,Jacare Souza,Yushin Okami,acff437707625fc7
b23fca14c7b79935,bbcb7b5ca439bebb,80eacd4da0617c57,Joseph Benavidez,b102c26727306ab6,Jussier Formiga,Joseph Benavidez,80eacd4da0617c57
b23fca14c7b79935,8456a02bd3621837,7ff97850e8c32bda,Glover Teixeira,c0ab242c40decc55,Ryan Bader,Glover Teixeira,7ff97850e8c32bda
b23fca14c7b79935,5aeac72404dd7c6d,a8283a4f415e1eb9,Francisco Trinaldo,a3be148af5c7b088,Piotr Hallmann,Francisco Trinaldo,a8283a4f415e1eb9
b23fca14c7b79935,5df777be98ea09de,71002dbc1743b9a7,Felipe Arantes,6c7020b859c7a3ce,Edimilson Souza,Edimilson Souza,6c7020b859c7a3ce
b23fca14c7b79935,95d86cec2a7124b3,0fb1e2694a39a02f,Yuri Villefort,ab850a77a0fa487d,Sean Spencer,Sean Spencer,ab850a77a0fa487d
b26d3e3746fb4024,57961c6adebfb13d,83b00f7597e5ac83,Juan Adams,e13abac8089a801a,Justin Tafa,Justin Tafa,e13abac8089a801a
b26d3e3746fb4024,11f7bac5037a184c,b27a1fcb56a3035a,Trevin Giles,8f6a18831a120817,James Krause,James Krause,8f6a18831a120817
b26d3e3746fb4024,326b843cb2b7fd94,5f6f049d54728e88,Andre Ewell,f2477cf43c4975cc,Jonathan Martinez,Jonathan Martinez,f2477cf43c4975cc
b26d3e3746fb4024,d3f44fedc561d2d5,46e0d677f91bacc0,Miles Johns,bc711b6dd95c1af6,Mario Bautista,Mario Bautista,bc711b6dd95c1af6
b26d3e3746fb4024,ed499508be1e5532,cdb96af67d096b1e,Alex Morono,2558ae2e5671e318,Khaos Williams,Alex Morono,cdb96af67d096b1e
b26d3e3746fb4024,fae99a4089f8abb0,07f72a2a7591b409,Jon Jones,2e19380f34871c6a,Dominick Reyes,Jon Jones,07f72a2a7591b409
b26d3e3746fb4024,be822403f364fff3,cbd3e590a85b18c5,Mirsad Bektic,82a5152216251682,Dan Ige,Dan Ige,82a5152216251682
b26d3e3746fb4024,cb56e868deaddac4,729d4bd5a6cd0a97,Lauren Murphy,05fa626cb33d15b8,Andrea Lee,Lauren Murphy,729d4bd5a6cd0a97
b26d3e3746fb4024,05cceae674c81b86,132deb59abae64b1,Valentina Shevchenko,e872e9a9a902c045,Katlyn Cerminara,Valentina Shevchenko,132deb59abae64b1
b26d3e3746fb4024,a6441acec6718f03,305d73ede05e31ad,Austin Lingo,52c2ae6d2f2d2613,Youssef Zalal,Youssef Zalal,52c2ae6d2f2d2613
b26d3e3746fb4024,cefb47bcc04f540e,d3df1add9d9a7efb,Derrick Lewis,e9a3aeb207578eea,Ilir Latifi,Derrick Lewis,d3df1add9d9a7efb
b2e3aca4cd363477,e7b3ca036835b7c2,bc7d1ad49fcb2d08,Jaqueline Amorim,9673a497a9da119a,Polyana Viana,Jaqueline Amorim,bc7d1ad49fcb2d08
b2e3aca4cd363477,6f3cb7ce84185dd3,45f0cc9d18f35137,Chris Gutierrez,5fa2974cbd18e05c,John Castaneda,Chris Gutierrez,45f0cc9d18f35137
b2e3aca4cd363477,97770b38df67b276,d9a56ecb6e94f02e,Evan Elder,b2a78df161bd67f9,Gauge Young,Evan Elder,d9a56ecb6e94f02e
b2e3aca4cd363477,9bbd45774fb4a6eb,595db60957de51d3,Michel Pereira,36b8f265bcd1b7a4,Abus Magomedov,Michel Pereira,595db60957de51d3
b2e3aca4cd363477,fbf83609dc96f32e,c6aee362c7a7d482,Randy Brown,9d19d9e4aa2662e8,Nicolas Dalby,Randy Brown,c6aee362c7a7d482
b2e3aca4cd363477,a526a72ade275f46,d4c9dcd330403612,Anthony Smith,8a65fd9ba31fd3f7,Zhang Mingyang,Zhang Mingyang,8a65fd9ba31fd3f7
b2e3aca4cd363477,62fbdd4f0bcd3c2a,b07aed698fba8624,Ikram Aliskerov,886264a0c9f4ea5e,Andre Muniz,Andre Muniz,886264a0c9f4ea5e
b2e3aca4cd363477,d8d22dcc1f6912e7,67c1d46f4ed16f9e,Matt Schnell,09e62c450e754913,Jimmy Flick,Matt Schnell,67c1d46f4ed16f9e
b2e3aca4cd363477,633f4b5ec767769d,442c9011034ae1fd,Ian Machado Garry,7ee0fd831c0fe7c3,Carlos Prates,Ian Machado Garry,442c9011034ae1fd
b2e3aca4cd363477,7fd6770fe2d4f258,af9efbfd63d39734,Chelsea Chandler,f9ab66e67240db7b,Joselyne Edwards,Joselyne Edwards,f9ab66e67240db7b
b2e3aca4cd363477,7d51649373d42571,da22387a0407a2dc,Da'Mon Blackshear,1897b7b913736a7c,Alatengheili,Da'Mon Blackshear,da22387a0407a2dc
b2e3aca4cd363477,23201d09a78d446d,0e46690e55a8df75,Timmy Cuamba,15ea371202eb25e1,Roberto Romero,Timmy Cuamba,0e46690e55a8df75
b2e3aca4cd363477,c2c20a04a78d9143,2e45d08b3f2f02c8,Malcolm Wellmaker,3c8a5200436e19f3,Cameron Saaiman,Cameron Saaiman,3c8a5200436e19f3
b2e3aca4cd363477,4072abf0b0c179f2,9560ff14eb3129f7,Giga Chikadze,ffe9703408fb5964,David Onama,Giga Chikadze,9560ff14eb3129f7
b361180739bed4b0,44a79a250fdd61cd,d43a048a880efdff,Chris Leben,9583662df31d943f,Luigi Fioravanti,Chris Leben,d43a048a880efdff
b361180739bed4b0,fa193b3d07c0ed9b,48d1f690b763934c,Chael Sonnen,f5ff7bcdcfeba3ad,Trevor Prangley,Chael Sonnen,48d1f690b763934c
b361180739bed4b0,d066287b31c871a6,d1a1314976c50bef,Josh Neer,79899ecf62020f6d,Joe Stevenson,Joe Stevenson,79899ecf62020f6d
b361180739bed4b0,eeb77732d7c3389a,6f018c039b4d5d80,Jon Fitch,6da99156486ed6c2,Joshua Burkman,Jon Fitch,6f018c039b4d5d80
b361180739bed4b0,d39ce3ecd3fbdadf,c6a33ff198aaaeeb,Stephan Bonnar,b9d0fd83bb8a147a,Keith Jardine,Stephan Bonnar,c6a33ff198aaaeeb
b3b6e80b7d5f8f0d,ff2e4b411f695017,d7c3816669784109,Karolina Kowalkiewicz,b4880ef2f838d4e1,Silvana Gomez Juarez,Karolina Kowalkiewicz,d7c3816669784109
b3b6e80b7d5f8f0d,09afa6ce4747a1a2,f2688492b9a525a3,Frankie Edgar,45f0cc9d18f35137,Chris Gutierrez,Chris Gutierrez,45f0cc9d18f35137
b3b6e80b7d5f8f0d,4bf3010fdeea9d93,029eaff01e6bb8f0,Dustin Poirier,4b93a88f3b1de35b,Michael Chandler,Dustin Poirier,029eaff01e6bb8f0
b3b6e80b7d5f8f0d,85b5d59f8eea976a,d910665038efc639,Carla Esparza,1ebe20ebbfa15e29,Zhang Weili,Zhang Weili,1ebe20ebbfa15e29
b3b6e80b7d5f8f0d,bee95769a221af9a,1291edf2d566a71a,Julio Arce,cc1a8b4b38b92c6d,Montel Jackson,Montel Jackson,cc1a8b4b38b92c6d
b3b6e80b7d5f8f0d,65ce9335b93d9c57,5f61780fe5e9b6d0,Andre Petroski,4dcfb28c011c11b2,Wellington Turman,Andre Petroski,5f61780fe5e9b6d0
b3b6e80b7d5f8f0d,04f32bb0c0d3a8cc,1338e2c7480bdf9e,Israel Adesanya,e5549c82bfb5582d,Alex Pereira,Israel Adesanya,1338e2c7480bdf9e
b3b6e80b7d5f8f0d,6f22afbc5f8e0bd3,2e19380f34871c6a,Dominick Reyes,a67f5afa8d6a1b80,Ryan Spann,Dominick Reyes,2e19380f34871c6a
b3b6e80b7d5f8f0d,1f922cfe6178e830,37ed1ab2f8b819f4,Brad Riddell,b6452706b373eea1,Renato Moicano,Renato Moicano,b6452706b373eea1
b3b6e80b7d5f8f0d,77c78d0a71b10692,193b9d1858bc4df3,Dan Hooker,d747eb273a40a920,Claudio Puelles,Claudio Puelles,d747eb273a40a920
b3b6e80b7d5f8f0d,7f93b2f38497caec,5bf31a46becc1204,Michael Trizano,a68575214ecad140,SeungWoo Choi,Michael Trizano,5bf31a46becc1204
b3b6e80b7d5f8f0d,40707ddc9fdea500,dccb63727f2f5f74,Matt Frevola,ee18ff42063174df,Ottman Azaitar,Matt Frevola,dccb63727f2f5f74
b3b6e80b7d5f8f0d,db026ff6eee4d174,9014c02eff8b3d62,Carlos Ulberg,8c57c7b8c3bab0eb,Nicolae Negumereanu,Carlos Ulberg,9014c02eff8b3d62
b3b6e80b7d5f8f0d,93da91272d4a7ce3,669970f7feba8ecd,Erin Blanchfield,51018a31ddf31eb2,Molly McCann,Erin Blanchfield,669970f7feba8ecd
b3fb8d2293e17a59,6066dc40bb3ce8db,7aa3d6964eff4877,Alex Caceres,4638cc6479cc0afe,Masio Fullen,Alex Caceres,7aa3d6964eff4877
b3fb8d2293e17a59,15f48dd8cf8ae455,8f0d576beba1cfcd,Matt Dwyer,c6aee362c7a7d482,Randy Brown,Randy Brown,c6aee362c7a7d482
b3fb8d2293e17a59,7bb335510a749419,0dba4df5f34d5ff0,Rafael Natal,8d9586726252dbf7,Kevin Casey,Rafael Natal,0dba4df5f34d5ff0
b3fb8d2293e17a59,d2591df4fa9cc44e,ed9d8ee3a4239b1c,Sage Northcutt,a331233f597090a5,Bryan Barberena,Sage Northcutt,ed9d8ee3a4239b1c
b3fb8d2293e17a59,fa5244817650f401,f53c1f4ceeed8c08,Dustin Ortiz,5aedf14771ca82d2,Wilson Reis,Dustin Ortiz,f53c1f4ceeed8c08
b3fb8d2293e17a59,6c1dba8a3ba4f42e,ad3f53c454cbbead,Josh Barnett,bd58d34e39b7b12a,Ben Rothwell,Ben Rothwell,bd58d34e39b7b12a
b3fb8d2293e17a59,4ce0a62cdad7bf32,2f95a3c6d58b2aad,Iuri Alcantara,9c907996820d2d69,Jimmie Rivera,Jimmie Rivera,9c907996820d2d69
b3fb8d2293e17a59,4c7390e4d169f6ff,365fee2da473b177,Anthony Johnson,c0ab242c40decc55,Ryan Bader,Ryan Bader,c0ab242c40decc55
b3fb8d2293e17a59,6eb4b84c4b10854a,6c7e25571490aa3b,George Sullivan,d06f8869449ba7bd,Alexander Yakovlev,Alexander Yakovlev,d06f8869449ba7bd
b3fb8d2293e17a59,44c6d87116bb3a10,0749d968e932df53,Tarec Saffiedine,d81ac739417d7f53,Jake Ellenberger,Jake Ellenberger,d81ac739417d7f53
b3fb8d2293e17a59,b810951e39a0af1b,55ee431411ccf07a,Olivier Aubin-Mercier,f53d4f21d1b5f2dc,Diego Ferreira,Diego Ferreira,f53d4f21d1b5f2dc
b45d6b73f4ca4467,c3939438ae7934df,08e908ed6d18d6a0,Myles Jury,b5b684eac99ae0a3,Chad Mendes,Chad Mendes,b5b684eac99ae0a3
b45d6b73f4ca4467,67018331e90a9949,92a9aa9c93192871,Darren Elkins,e1248941344b3288,Alexander Volkanovski,Alexander Volkanovski,e1248941344b3288
b45d6b73f4ca4467,786296db3c4749f1,6f242453c91a5af0,Dennis Bermudez,814ff3018127e8fc,Ricky Glenn,Dennis Bermudez,6f242453c91a5af0
b45d6b73f4ca4467,a3dd2249d046cf9d,c6aee362c7a7d482,Randy Brown,d8da10db80131bec,Niko Price,Randy Brown,c6aee362c7a7d482
b45d6b73f4ca4467,543de77637ad2a20,ed9d8ee3a4239b1c,Sage Northcutt,47cd337b86b1af92,Zak Ottow,Sage Northcutt,ed9d8ee3a4239b1c
b45d6b73f4ca4467,66ba984cc547e31a,a7151778b3381036,Kurt Holobaugh,b9f28e7045fdfce7,Raoni Barcelos,Raoni Barcelos,b9f28e7045fdfce7
b45d6b73f4ca4467,691c0d2f30e4de5a,3ecd936bd8814108,Cat Zingano,c7d297714d9ab1a4,Marion Reneau,Cat Zingano,3ecd936bd8814108
b45d6b73f4ca4467,35ebaf80f8730b14,63def5a5662a6917,Junior Dos Santos,1788eee370f077b7,Blagoy Ivanov,Junior Dos Santos,63def5a5662a6917
b45d6b73f4ca4467,c1677875a80c2584,f57dd0bfa8c17813,Mark De La Rosa,ac5a7400da3a9a41,Elias Garcia,Mark De La Rosa,f57dd0bfa8c17813
b45d6b73f4ca4467,48d21357134ca51a,9fa568ad2bf2cb0b,Justin Scoggins,0fd5f4b838e890cc,Said Nurmagomedov,Said Nurmagomedov,0fd5f4b838e890cc
b45d6b73f4ca4467,cda0d9b5ce9b9c12,51a0c09cbe9b8472,Liz Carmouche,8e1f36476ef02a6a,Jennifer Maia,Liz Carmouche,51a0c09cbe9b8472
b45d6b73f4ca4467,7fe2b6a9fc4748fa,8f382b3baa954d2a,Jessica Aguilar,411539901068522f,Jodie Esquibel,Jessica Aguilar,8f382b3baa954d2a
b45d6b73f4ca4467,b25eacaca1499e30,fc9a9559a05f2704,Eddie Wineland,80daefbed11ce998,Alejandro Perez,Alejandro Perez,80daefbed11ce998
b4ad3a06ee4d660c,ab14dbff9d2ae41a,d3df1add9d9a7efb,Derrick Lewis,3236bf606fe9fa5b,Travis Browne,Derrick Lewis,d3df1add9d9a7efb
b4ad3a06ee4d660c,a5d24caed8afbeef,0941df56f6ac954b,Johny Hendricks,db1f2ed63b54b9a7,Hector Lombard,Johny Hendricks,0941df56f6ac954b
b4ad3a06ee4d660c,16e28dd989ee1dea,34f88592c0ab7a54,Elias Theodorou,dbc17725b887860a,Cezar Ferreira,Elias Theodorou,34f88592c0ab7a54
b4ad3a06ee4d660c,112e6a0ddce893e6,b8aef0faf4ce9b31,Sam Sicilia,da816417a579a0bd,Gavin Tucker,Gavin Tucker,da816417a579a0bd
b4ad3a06ee4d660c,c1d86f1e6d41cd03,6ac9bc2953c47345,Gerald Meerschaert,b59037262c8fe060,Ryan Janes,Gerald Meerschaert,6ac9bc2953c47345
b4ad3a06ee4d660c,ad9ecef413a5b48f,24656ef4d605c96f,Aiemann Zahabi,f9081770e28ea2e1,Reginaldo Vieira,Aiemann Zahabi,24656ef4d605c96f
b4ad3a06ee4d660c,e59aabdfba9d6c45,045f25b3a4c08e81,Jack Marshman,dea070ed4a2a8281,Thiago Santos,Thiago Santos,dea070ed4a2a8281
b4ad3a06ee4d660c,9c256e94c6b584b6,7be74a12d7352df2,Sara McMann,016a8d958883167c,Gina Mazany,Sara McMann,7be74a12d7352df2
b4ad3a06ee4d660c,1db121859d2fcda8,49858bf46dabf6fb,Nordine Taleb,6d1bffff14897645,Santiago Ponzinibbio,Santiago Ponzinibbio,6d1bffff14897645
b4ad3a06ee4d660c,e4c4c54a10e06973,d910665038efc639,Carla Esparza,4a57ebb14315b251,Randa Markos,Carla Esparza,d910665038efc639
b4bc2e3353a770b5,c9c5b2507c6be9e3,5f04e3d58d9ce982,Yves Edwards,a566371ba2ad7152,Josh Thomson,Yves Edwards,5f04e3d58d9ce982
b4bc2e3353a770b5,977e56ada4acc596,0aa92558424ced9e,Randy Couture,0ee783aa00e468f0,Vitor Belfort,Randy Couture,0aa92558424ced9e
b4bc2e3353a770b5,719f21fdb310fcfb,d512d9f204059f57,Joe Riggs,dbaaf42313af90fa,Joe Doerksen,Joe Riggs,d512d9f204059f57
b4bc2e3353a770b5,6996eb7755709945,349aaa3da11eb587,Karo Parisyan,f57a8a52ca401ed9,Nick Diaz,Karo Parisyan,349aaa3da11eb587
b5882371e2a3900d,5ff8463edf8155c0,207773daeb4afa7b,Devonte Smith,98a6b2361045898f,Dong Hyun Ma,Devonte Smith,207773daeb4afa7b
b5882371e2a3900d,aa71cf96ba4e5a36,f9b200db02b488d9,Lando Vannata,72e5e5a6edfa8223,Marcos Mariano,Lando Vannata,f9b200db02b488d9
b5882371e2a3900d,4eb91cfc892a108e,1338e2c7480bdf9e,Israel Adesanya,1f454354805b6f75,Anderson Silva,Anderson Silva,1f454354805b6f75
b5882371e2a3900d,e4862c4f20117cb8,70e1f8a821b72c8b,Jimmy Crute,d156513a19acf856,Sam Alvey,Jimmy Crute,70e1f8a821b72c8b
b5882371e2a3900d,fd1854062406d287,80d8aed0ca9b00f3,Montana De La Rosa,6e7506127408aa9e,Nadia Kassem,Montana De La Rosa,80d8aed0ca9b00f3
b5882371e2a3900d,51db35a3cf225bda,853eb0dd5c0e2149,Kai Kara-France,82b4e942781b1046,Raulian Paiva,Kai Kara-France,853eb0dd5c0e2149
b5882371e2a3900d,b247a1900cfae052,88cd34d836b4ebcd,Teruto Ishihara,a7897d200692ab64,Kyung Ho Kang,Kyung Ho Kang,a7897d200692ab64
b5882371e2a3900d,49f7186e1e3cf6c8,4cd8b03aee1d0138,Shane Young,bf0e700106d00e55,Austin Arnett,Austin Arnett,bf0e700106d00e55
b5882371e2a3900d,11c0ef97497303ef,8fc9ae9c7527dfcb,Callan Potter,4d8fa64202cee4c1,Jalin Turner,Jalin Turner,4d8fa64202cee4c1
b5882371e2a3900d,069e3e704cbf6337,94527830000ab715,Rani Yahya,5987b2458f4b5290,Ricky Simon,Ricky Simon,5987b2458f4b5290
b5882371e2a3900d,8e43d61ca6f2d904,2296125b6c362355,Wulijiburen,f2477cf43c4975cc,Jonathan Martinez,Jonathan Martinez,f2477cf43c4975cc
b5abaa65f87938eb,a27a355f52883f3e,4682bc59d5f55145,Sean Woodson,047a91d3d9c79b05,Collin Anglin,Sean Woodson,4682bc59d5f55145
b5abaa65f87938eb,81bb4d9b214adf4b,8667caa0451d245b,Kennedy Nzechukwu,74f9448b97bf8bec,Da Woon Jung,Kennedy Nzechukwu,8667caa0451d245b
b5abaa65f87938eb,e6ce8360ef43891c,39d91e95949de3d9,Felicia Spencer,8cb78f3a6c2a08f7,Leah Letson,Felicia Spencer,39d91e95949de3d9
b5abaa65f87938eb,8636b67096df4b27,82d4c957649faf9b,Miguel Baeza,2558ae2e5671e318,Khaos Williams,Khaos Williams,2558ae2e5671e318
b5abaa65f87938eb,c0518d213b67e754,98215d037be5bcb7,Cynthia Calvillo,05fa626cb33d15b8,Andrea Lee,Cynthia Calvillo,98215d037be5bcb7
b5abaa65f87938eb,2c21abbc28e3876a,32c355b04fc57f3a,Marc Diakiese,029afd138865d20a,Rafael Alves,Marc Diakiese,32c355b04fc57f3a
b5abaa65f87938eb,1013cdbb6c9a4a2e,bd58d34e39b7b12a,Ben Rothwell,ab943cd2c3c17825,Marcos Rogerio de Lima,Ben Rothwell,bd58d34e39b7b12a
b5abaa65f87938eb,73c97d5c314f1270,efb96bf3e9ada36f,Song Yadong,1291edf2d566a71a,Julio Arce,Song Yadong,efb96bf3e9ada36f
b5abaa65f87938eb,0273dbd5dedbdbe0,d945aae53e3e54e6,Thiago Moises,58bbef3770bb2dfc,Joel Alvarez,Joel Alvarez,58bbef3770bb2dfc
b5abaa65f87938eb,66eee2320e900a8a,5f179af5fffeb9f6,Cortney Casey,eebc23626e38f5dc,Liana Jojua,Cortney Casey,5f179af5fffeb9f6
b5abaa65f87938eb,147e984aa34e3028,150ff4cc642270b9,Max Holloway,cbf5e6f231b55443,Yair Rodriguez,Max Holloway,150ff4cc642270b9
b5ea750025697880,3a2bd4fe6f08bc17,8f2939f5fd9cca1e,TJ Waldburger,e57fdbea1b828202,Jake Hecht,TJ Waldburger,8f2939f5fd9cca1e
b5ea750025697880,b42d4c3c701945bf,31ee470ef5dc8d7f,Thiago Alves,8b69839f3555a67b,Martin Kampmann,Thiago Alves,31ee470ef5dc8d7f
b5ea750025697880,33f0817701e49bf1,f5431394fb284bb9,James Te Huna,11f8860028b68fcf,Aaron Rosa,James Te Huna,f5431394fb284bb9
b5ea750025697880,54b7b3378e394070,282fa667ff9c51ed,Cole Miller,d188a3b817860ec6,Steven Siler,Steven Siler,d188a3b817860ec6
b5ea750025697880,a00b98f41c05ae6c,7339d340aa2889cb,Kyle Noke,8a70ceb3edbe757b,Andrew Craig,Kyle Noke,7339d340aa2889cb
b5ea750025697880,60f53ad3f114da6e,51b1e2fd9872005b,Mackens Semerzier,361d49960a196976,Daniel Pineda,Daniel Pineda,361d49960a196976
b5ea750025697880,01e5e4099f03f20e,523fa774700d7d3f,Court McGee,05560764359161e4,Constantinos Philippou,Constantinos Philippou,05560764359161e4
b5ea750025697880,6ba485fc7b8f38ee,dcdd511ff757f15c,Oli Thompson,ca2efc9d7d523c43,Shawn Jordan,Shawn Jordan,ca2efc9d7d523c43
b6c6d1731ff00eeb,947ea1122c04ba18,9ada30894bf04e19,David Dvorak,32ab52e5de93092d,Steve Erceg,Steve Erceg,32ab52e5de93092d
b6c6d1731ff00eeb,1676c64a94be0557,d7e40dca3ae125be,Diana Belbita,37d752ec41ed84bb,Maria Oliveira,Maria Oliveira,37d752ec41ed84bb
b6c6d1731ff00eeb,47a5d4bb68352055,f29a6350c69f4a33,Miranda Maverick,a9e260472d321361,Jasmine Jasudavicius,Jasmine Jasudavicius,a9e260472d321361
b6c6d1731ff00eeb,40e8bf8ce508c436,07225ba28ae309b6,Charles Oliveira,08af939f41b5a57b,Beneil Dariush,Charles Oliveira,07225ba28ae309b6
b6c6d1731ff00eeb,7ee8b91d7f80f8a7,31f8081c7600da93,Kyle Nelson,5095b0920a3602aa,Blake Bilder,Blake Bilder,5095b0920a3602aa
b6c6d1731ff00eeb,e9d5ffcacf7d8757,dd6103dd7127db1d,Mike Malott,a01a62132460a98d,Adam Fugitt,Mike Malott,dd6103dd7127db1d
b6c6d1731ff00eeb,69bc7ca8ce831731,80fa8218c99f9c58,Amanda Nunes,578ef12674df1e6a,Irene Aldana,Amanda Nunes,80fa8218c99f9c58
b6c6d1731ff00eeb,5311298f79414125,8e9eb3fc86db0f7d,Marc-Andre Barriault,cad24459b28592ca,Eryk Anders,Eryk Anders,cad24459b28592ca
b6c6d1731ff00eeb,e24b65cd8721349a,24656ef4d605c96f,Aiemann Zahabi,7d420039bbfe7c1a,Aoriqileng,Aiemann Zahabi,24656ef4d605c96f
b6c6d1731ff00eeb,46c67efd68a0b15d,82a5152216251682,Dan Ige,583ee11abddfc581,Nate Landwehr,Dan Ige,82a5152216251682
b71667c778b6d9e5,d4e98b827e3d6918,511e82663651438d,Michael Johnson,08af939f41b5a57b,Beneil Dariush,Beneil Dariush,08af939f41b5a57b
b71667c778b6d9e5,92f27d13fc502d33,f53c1f4ceeed8c08,Dustin Ortiz,6ded9184b2284645,Willie Gates,Dustin Ortiz,f53c1f4ceeed8c08
b71667c778b6d9e5,b0c2442c5a7c509a,dfae5da5676e4194,Chris Dempsey,cd01f0b768a32475,Jonathan Wilson,Jonathan Wilson,cd01f0b768a32475
b71667c778b6d9e5,bd6d144f5c0b6cab,7be74a12d7352df2,Sara McMann,80fa8218c99f9c58,Amanda Nunes,Amanda Nunes,80fa8218c99f9c58
b71667c778b6d9e5,e2535e0753954514,a4de54ea806fb525,Ray Borg,c169545ab0825f44,Geane Herrera,Ray Borg,a4de54ea806fb525
b71667c778b6d9e5,664e56d8a98e2b49,65578a75fa7900e3,Uriah Hall,04b39f4e8eb59d7c,Oluwale Bamgbose,Uriah Hall,65578a75fa7900e3
b71667c778b6d9e5,9d72aaaf34e5b512,91ea901c458e95dd,Jared Rosholt,cc900af167fbedfd,Timothy Johnson,Jared Rosholt,91ea901c458e95dd
b71667c778b6d9e5,2ef16a5ff3710c92,7ff97850e8c32bda,Glover Teixeira,50db8711c70196cd,Ovince Saint Preux,Glover Teixeira,7ff97850e8c32bda
b71667c778b6d9e5,00dcad4611fc63fe,6c2030e0a143a94b,Chris Camozzi,6809c31286b08d97,Tom Watson,Chris Camozzi,6c2030e0a143a94b
b71667c778b6d9e5,9900550cc697eef2,b1a3e0aca758b322,Derek Brunson,d156513a19acf856,Sam Alvey,Derek Brunson,b1a3e0aca758b322
b732b326c362fb62,4cc8bef7c487cf9d,5df17b3620145578,Cole Escovedo,2c99576fefe53c7c,Renan Barao,Renan Barao,2c99576fefe53c7c
b732b326c362fb62,556952a9520d0ae0,d0314416a7f26527,Michael McDonald,b2e3aca4cd363477,Chris Cariaso,Michael McDonald,d0314416a7f26527
b732b326c362fb62,6299412d7bbfbce6,75e5fec9f72910ef,Gleison Tibau,15b1b21cd743d652,Rafaello Oliveira,Gleison Tibau,75e5fec9f72910ef
b732b326c362fb62,b0cfaf01a155985b,33b2f68ef95252e0,Miguel Torres,8a304bfd6bf04a57,Demetrious Johnson,Demetrious Johnson,8a304bfd6bf04a57
b732b326c362fb62,3d1a835c15fd8cb2,234f3767ff0e5701,Kendall Grove,c80095f6092271a7,Tim Boetsch,Tim Boetsch,c80095f6092271a7
b732b326c362fb62,727c8004faed648d,ebc1f40e00e0c481,Stefan Struve,3236bf606fe9fa5b,Travis Browne,Stefan Struve,ebc1f40e00e0c481
b732b326c362fb62,6617170d3659b175,579fcdfcabd23a7b,Brian Stann,f8dc544e7077d014,Jorge Santiago,Brian Stann,579fcdfcabd23a7b
b732b326c362fb62,c553753c64379c39,1ff9589f9065a9ed,Frank Mir,3f7c14c7eca7195d,Roy Nelson,Frank Mir,1ff9589f9065a9ed
b732b326c362fb62,9cf91ae875d886df,ffc088e64fab57e9,Quinton Jackson,98b80a717b9bda17,Matt Hamill,Quinton Jackson,ffc088e64fab57e9
b732b326c362fb62,7956ae951020ce8c,31ee470ef5dc8d7f,Thiago Alves,5b5307450405abf0,Rick Story,Thiago Alves,31ee470ef5dc8d7f
b757c73f443d4fca,2baa02e0df86b566,202b0467521c9d6f,Viktor Pesta,369e1ce458ef50a6,Ruslan Magomedov,Ruslan Magomedov,369e1ce458ef50a6
b757c73f443d4fca,e886e22d31bc96c1,1fcfc3709fe58151,Peter Sobotta,9310418684bc896f,Pawel Pawlak,Peter Sobotta,1fcfc3709fe58151
b757c73f443d4fca,47bdfab3cdcdddfd,b6c4451cb13c9303,Andy Ogle,4a1329cc8eb0928a,Maximo Blanco,Maximo Blanco,4a1329cc8eb0928a
b757c73f443d4fca,5b6405eeb6757637,0e21976afc92e4d1,Magnus Cedenblad,4e06913c91da5200,Krzysztof Jotko,Krzysztof Jotko,4e06913c91da5200
b757c73f443d4fca,3618e0e165190576,172c2135e70f87b7,Luke Barnatt,0d8011111be000b2,Sean Strickland,Sean Strickland,0d8011111be000b2
b757c73f443d4fca,042fee3d05e105fa,2816ced060a21be3,Nick Hein,519e4fe37ce9ff75,Drew Dober,Drew Dober,519e4fe37ce9ff75
b757c73f443d4fca,0ecbb881c74a63f5,3591d0d5d382a381,Francis Carmont,5d7bdab5e03e3216,CB Dollaway,Francis Carmont,3591d0d5d382a381
b757c73f443d4fca,2133f8798f089140,8bb6f4479685bbcc,Vaughan Lee,2f95a3c6d58b2aad,Iuri Alcantara,Iuri Alcantara,2f95a3c6d58b2aad
b757c73f443d4fca,5d7c91acbcddda2f,179f1948dc234f1f,Mark Munoz,232c582f29f8f65e,Gegard Mousasi,Gegard Mousasi,232c582f29f8f65e
b8e2f10efb6eca85,74099d470e8d2765,1e719d4b676dc19a,Brunno Ferreira,3eeec2f53cebdf12,Jackson McVey,Brunno Ferreira,1e719d4b676dc19a
b8e2f10efb6eca85,37bc72d5d211b189,a01a62132460a98d,Adam Fugitt,e803242fb2e41112,Islam Dulatov,Islam Dulatov,e803242fb2e41112
b8e2f10efb6eca85,798652dbea086910,70e1f8a821b72c8b,Jimmy Crute,6370c1c1e12723d5,Marcin Prachnio,Jimmy Crute,70e1f8a821b72c8b
b8e2f10efb6eca85,a602c68147b752b2,f1ab6f37492c630a,Carli Judice,fc0a4053eb8a3a59,Nicolle Caliari,Carli Judice,f1ab6f37492c630a
b8e2f10efb6eca85,d7507e2741fd4d05,150ff4cc642270b9,Max Holloway,029eaff01e6bb8f0,Dustin Poirier,Max Holloway,150ff4cc642270b9
b8e2f10efb6eca85,5dde61734080ac4a,3a46b268013afede,Kevin Holland,8a1f3b5c526cd6e6,Daniel Rodriguez,Kevin Holland,3a46b268013afede
b8e2f10efb6eca85,d2cb92fdf6a497e9,60425d07ef4b91a7,Kyler Phillips,18d01f7f8338ae72,Vinicius Oliveira,Vinicius Oliveira,18d01f7f8338ae72
b8e2f10efb6eca85,acc961fd5cf5c62e,82a5152216251682,Dan Ige,98a58c26c5b1ed17,Patricio Freire,Dan Ige,82a5152216251682
b8e2f10efb6eca85,182ee320edb1b5ed,a67f5afa8d6a1b80,Ryan Spann,0c25d0a5e8cdbf19,Lukasz Brzeski,Ryan Spann,a67f5afa8d6a1b80
b8e2f10efb6eca85,8e1feda9141602f1,7acbb0972e75281a,Marvin Vettori,2f181c0467965b98,Brendan Allen,Brendan Allen,2f181c0467965b98
b8e2f10efb6eca85,72e477b41f44e358,2f815ed5f8278ba6,Ateba Gautier,0cd0456d6029cec2,Robert Valentin,Ateba Gautier,2f815ed5f8278ba6
b8e2f10efb6eca85,a95b03e9b5a91e47,511e82663651438d,Michael Johnson,4148802ae4a50768,Daniel Zellhuber,Daniel Zellhuber,4148802ae4a50768
b8e2f10efb6eca85,23c963be9de38205,2e5c2aa8e4ab9d82,Paulo Costa,9d83f6da776ff7d6,Roman Kopylov,Paulo Costa,2e5c2aa8e4ab9d82
b8e2f10efb6eca85,df2ed8b509fbdbdc,3920d0cc288f9b0d,Francisco Prado,0f1efce7d2571d10,Nikolay Veretennikov,Francisco Prado,3920d0cc288f9b0d
b9415726dc3ec526,8ea12c7360fa0f6b,798e48f9e7f6ba22,Carlos Hernandez,2526be54e6a0e62a,Denys Bondar,Carlos Hernandez,798e48f9e7f6ba22
b9415726dc3ec526,76fd6919d828d5c2,b8bbdeff718dbb7d,Pat Sabatini,710f0f8c5d5c9d41,Lucas Almeida,Pat Sabatini,b8bbdeff718dbb7d
b9415726dc3ec526,8794031c523bf534,56f7d7ee06be4aab,Zac Pauga,476fe566d2df676e,Modestas Bukauskas,Modestas Bukauskas,476fe566d2df676e
b9415726dc3ec526,7ba54a10f28c9496,a7897d200692ab64,Kyung Ho Kang,7debc13b36343605,Cristian Quinonez,Kyung Ho Kang,a7897d200692ab64
b9415726dc3ec526,5d9b84493f1ed114,369ea36e450ae62a,Armen Petrosyan,a93f94c923c3a9cb,Christian Leroy Duncan,Christian Leroy Duncan,a93f94c923c3a9cb
b9415726dc3ec526,98458778348ea5d7,2e7878927067fdca,Manuel Torres,37f560436d745c18,Nikolas Motta,Manuel Torres,2e7878927067fdca
b9415726dc3ec526,870672b1b443311e,9d19d9e4aa2662e8,Nicolas Dalby,447f9858ae78f921,Muslim Salikhov,Muslim Salikhov,447f9858ae78f921
b9415726dc3ec526,175d9e1ac0725145,7acbb0972e75281a,Marvin Vettori,13a0275fa13c4d26,Jared Cannonier,Marvin Vettori,7acbb0972e75281a
b9415726dc3ec526,6c2199524d762b11,eae48ff31db420c2,Arman Tsarukyan,ae7fe94f117f98cf,Joaquim Silva,Arman Tsarukyan,eae48ff31db420c2
b9415726dc3ec526,bc1be168c064f028,09e62c450e754913,Jimmy Flick,3fa97913cfd205d3,Alessandro Costa,Alessandro Costa,3fa97913cfd205d3
b9415726dc3ec526,9cfb84817a43b63c,59c438c81fbf3ece,Tereza Bleda,a6eb54ae17a551be,Gabriella Fernandes,Tereza Bleda,59c438c81fbf3ece
b9532d815060de7f,b977ffcc6428046f,399afbabc02376b5,Tom Aspinall,e2f6b2769aaedd6c,Serghei Spivac,Tom Aspinall,399afbabc02376b5
b9532d815060de7f,14f2bb86fd888e91,b1a3e0aca758b322,Derek Brunson,9ce6d5a03af801b7,Darren Till,Derek Brunson,b1a3e0aca758b322
b9532d815060de7f,a7c38d4d66abf923,ce632027bf2a871b,Dalcha Lungiambula,8e9eb3fc86db0f7d,Marc-Andre Barriault,Marc-Andre Barriault,8e9eb3fc86db0f7d
b9532d815060de7f,06c0c7dda5a5909d,51018a31ddf31eb2,Molly McCann,a20f234df70f2182,Ji Yeon Kim,Molly McCann,51018a31ddf31eb2
b9532d815060de7f,4fc128b1bdf088b1,b8a85389d115e35a,Jack Shore,1a54231796e24a3f,Liudvik Sholinian,Jack Shore,b8a85389d115e35a
b9532d815060de7f,8fc238e84c4624a7,7826923b47f8d72a,Paddy Pimblett,2f1a257d6777096d,Luigi Vendramini,Paddy Pimblett,7826923b47f8d72a
b9532d815060de7f,ad81be01a461c936,476fe566d2df676e,Modestas Bukauskas,749f572d1d3161fb,Khalil Rountree Jr.,Khalil Rountree Jr.,749f572d1d3161fb
b9532d815060de7f,f09912e9d8eaa968,cdb96af67d096b1e,Alex Morono,3bb2dc8e87b10a46,David Zawada,Alex Morono,cdb96af67d096b1e
b9532d815060de7f,3f76035e52e8819b,902ec2cc48c8ae8a,Julian Erosa,f1d64ae34e088832,Charles Jourdain,Charles Jourdain,f1d64ae34e088832
b9e871af730f826c,10b19bb48aadc6bd,a7f4d0902bb64092,James Irvin,0541480fbf719d86,Houston Alexander,James Irvin,a7f4d0902bb64092
b9e871af730f826c,dbe6c361530958bc,98b80a717b9bda17,Matt Hamill,c80095f6092271a7,Tim Boetsch,Matt Hamill,98b80a717b9bda17
b9e871af730f826c,089dd2e0cc6395fa,8355922d564b152c,Nate Diaz,aa1952ec0b3dd8e1,Kurt Pellegrino,Nate Diaz,8355922d564b152c
b9e871af730f826c,362f78f23304c6f4,cb139171ed1b69fe,Kenny Florian,3bad7ef643840f67,Joe Lauzon,Kenny Florian,cb139171ed1b69fe
b9e871af730f826c,78f46acac9223859,31ee470ef5dc8d7f,Thiago Alves,349aaa3da11eb587,Karo Parisyan,Thiago Alves,31ee470ef5dc8d7f
b9e871af730f826c,190c61d5a67018b5,7d96bc577e5178b2,Gray Maynard,f2688492b9a525a3,Frankie Edgar,Frankie Edgar,f2688492b9a525a3
b9e871af730f826c,30aa9b4d266eb622,365fee2da473b177,Anthony Johnson,1411c630ba711b64,Tommy Speer,Anthony Johnson,365fee2da473b177
bad28b7b34f334de,73726e32d26c17ee,eb29176b03dfa888,Matt Wiman,9f842be1a5337be6,Michihiro Omigawa,Matt Wiman,eb29176b03dfa888
bad28b7b34f334de,344e6898a381648f,6f018c039b4d5d80,Jon Fitch,82e7929bf6c2b689,Diego Sanchez,Jon Fitch,6f018c039b4d5d80
bad28b7b34f334de,6773055965441b18,fcffee71cff5530e,Forrest Griffin,140745cbbcb023ac,Mauricio Rua,Mauricio Rua,140745cbbcb023ac
bad28b7b34f334de,669e3927b38a36fb,20205040232ed0f3,Tyson Griffin,8a59d346dc976a10,Thiago Tavares,Tyson Griffin,20205040232ed0f3
bad28b7b34f334de,4a7d39ebc9dce5db,7d21de9c6d7c98b2,Rich Clementi,365fee2da473b177,Anthony Johnson,Anthony Johnson,365fee2da473b177
bad28b7b34f334de,068e118edac9e057,b9d0fd83bb8a147a,Keith Jardine,a390eb8a9b2df298,Chuck Liddell,Chuck Liddell,a390eb8a9b2df298
bad28b7b34f334de,90fb826944c46000,f7a7f7118d4b01b6,Lyoto Machida,b034747dc1d15491,Kazuhiro Nakamura,Lyoto Machida,f7a7f7118d4b01b6
baf942f4bcb09894,71900a1af85710a9,86dfed7cc24a9fa7,Matt Serra,91acd6910b802a9e,Chris Lytle,Chris Lytle,91acd6910b802a9e
baf942f4bcb09894,f8e3b306cf3e6d95,8b69839f3555a67b,Martin Kampmann,cfb65863d5099327,Thales Leites,Thales Leites,cfb65863d5099327
baf942f4bcb09894,36895d9bbf5abc51,3410cf010558dc8b,Scott Smith,0359313549d230a1,Pete Sell,Pete Sell,0359313549d230a1
baf942f4bcb09894,c00a49eadfb592f0,622f015c81a9b13a,Travis Lutter,9fa3bd637edd9aa2,Patrick Cote,Patrick Cote,9fa3bd637edd9aa2
bba678d312590087,0dade757305afebd,5f04e3d58d9ce982,Yves Edwards,7d21de9c6d7c98b2,Rich Clementi,Yves Edwards,5f04e3d58d9ce982
bba678d312590087,795c682c30d66c19,0e041d43a47d2e4b,Matt Lindland,1652f3213655b935,Phil Baroni,Matt Lindland,0e041d43a47d2e4b
bbb15f301e4a490a,e22d5aab3d099c7c,8a1f3b5c526cd6e6,Daniel Rodriguez,9d19d9e4aa2662e8,Nicolas Dalby,Daniel Rodriguez,8a1f3b5c526cd6e6
bbb15f301e4a490a,08ef2ed7393efd24,e872e9a9a902c045,Katlyn Cerminara,98215d037be5bcb7,Cynthia Calvillo,Katlyn Cerminara,e872e9a9a902c045
bbb15f301e4a490a,2b13651b97f57b6c,f2b6fdb20675b11c,Mike Perry,4b47e71384a9522f,Tim Means,Tim Means,4b47e71384a9522f
bbb15f301e4a490a,3c098e2946b4c824,aa72b0f831d0bfe5,Deiveson Figueiredo,ab2b4ff41d6ebe0f,Alex Perez,Deiveson Figueiredo,aa72b0f831d0bfe5
bbb15f301e4a490a,6c1b38dd918793ff,b9437600497350f3,Joaquin Buckley,c878270af633eb11,Jordan Wright,Joaquin Buckley,b9437600497350f3
bbb15f301e4a490a,a485281be8e9d2e2,d7338bcb141abd2c,Antonina Shevchenko,6551c64fbcd1a467,Ariane da Silva,Ariane da Silva,6551c64fbcd1a467
bbb15f301e4a490a,c93eebe24aa0299d,132deb59abae64b1,Valentina Shevchenko,8e1f36476ef02a6a,Jennifer Maia,Valentina Shevchenko,132deb59abae64b1
bbb15f301e4a490a,90eb22b9eb6ed2a8,d6c0cdd7e467c440,Kyle Daukaus,71505842fb6455c3,Dustin Stoltzfus,Kyle Daukaus,d6c0cdd7e467c440
bbb15f301e4a490a,8d5ea3bf3be7cb91,792be9a24df82ed6,Brandon Moreno,6e15f63b6c2e2c15,Brandon Royval,Brandon Moreno,792be9a24df82ed6
bbb15f301e4a490a,1671723154d8e324,140745cbbcb023ac,Mauricio Rua,eabf206b162b3b83,Paul Craig,Mauricio Rua,140745cbbcb023ac
bbb15f301e4a490a,91afc389191d41fb,afe8d5b39ff7fca2,Louis Cosce,a6c20202c701e5ca,Sasha Palatnikov,Louis Cosce,afe8d5b39ff7fca2
bbb15f301e4a490a,a02764f92a84dd36,cf65d56b0755ed3b,Alan Jouban,c730a0be691dc081,Jared Gooden,Alan Jouban,cf65d56b0755ed3b
bc7cf284c1c2f16e,2230a5dbc0907859,48e093ea1f43a053,Takeya Mizugaki,cb696ebfb6598724,Aljamain Sterling,Aljamain Sterling,cb696ebfb6598724
bc7cf284c1c2f16e,5965800d88e0677c,f7a7f7118d4b01b6,Lyoto Machida,00e11b5c8b7bfeeb,Luke Rockhold,Lyoto Machida,f7a7f7118d4b01b6
bc7cf284c1c2f16e,6b92396d42918366,5e4eec08896c9423,Corey Anderson,fcd448a2fe1a23cc,Gian Villante,Corey Anderson,5e4eec08896c9423
bc7cf284c1c2f16e,bd246b9789f88e1c,6c7e25571490aa3b,George Sullivan,4b47e71384a9522f,Tim Means,Tim Means,4b47e71384a9522f
bc7cf284c1c2f16e,2bcb878e9d02b8f7,d1941565abf50b16,Jim Miller,08af939f41b5a57b,Beneil Dariush,Beneil Dariush,08af939f41b5a57b
bc7cf284c1c2f16e,4785bf265d05d85f,c2e3e67b5911bfb7,Diego Brandao,893d51aaf024eddd,Jimy Hettes,Jimy Hettes,893d51aaf024eddd
bc7cf284c1c2f16e,642a8cc1195c5198,8cad40a75e5c97f5,Eddie Gordon,dfae5da5676e4194,Chris Dempsey,Eddie Gordon,8cad40a75e5c97f5
bc7cf284c1c2f16e,f22d193f3ab42bc5,d247691a6c0e9034,Cub Swanson,150ff4cc642270b9,Max Holloway,Max Holloway,150ff4cc642270b9
bc7cf284c1c2f16e,c19f394f3c237789,50db8711c70196cd,Ovince Saint Preux,e51e5cb722bd47a8,Patrick Cummins,Ovince Saint Preux,50db8711c70196cd
bc7cf284c1c2f16e,e2b4130c7b1ff8bc,b6850671a008bf9a,Felice Herrig,4d5197f331c47290,Paige VanZant,Paige VanZant,4d5197f331c47290
bc7cf284c1c2f16e,f4717203e762d780,7a703c565ccaa18f,Jacare Souza,6c2030e0a143a94b,Chris Camozzi,Jacare Souza,7a703c565ccaa18f
bc7f7f0ba3db74d2,7d4e11c2a9485320,a331233f597090a5,Bryan Barberena,a36556bb1565e32d,Joe Proctor,Bryan Barberena,a331233f597090a5
bc7f7f0ba3db74d2,c0c587cb52de929b,c742287ed86a09bc,Jessica Penne,b76c6268dc1d3c05,Danielle Taylor,Danielle Taylor,b76c6268dc1d3c05
bc7f7f0ba3db74d2,41385f4e63682b5b,3bad7ef643840f67,Joe Lauzon,31a13532e724ca2b,Stevie Ray,Stevie Ray,31a13532e724ca2b
bc7f7f0ba3db74d2,8b97cd609c7152b7,99506df1af6c8b3b,John Dodson,fc9a9559a05f2704,Eddie Wineland,John Dodson,99506df1af6c8b3b
bc7f7f0ba3db74d2,319f3fad278368e6,f53c1f4ceeed8c08,Dustin Ortiz,792be9a24df82ed6,Brandon Moreno,Brandon Moreno,792be9a24df82ed6
bc7f7f0ba3db74d2,2d6182d1d398ed6a,cfb65863d5099327,Thales Leites,d156513a19acf856,Sam Alvey,Thales Leites,cfb65863d5099327
bc7f7f0ba3db74d2,53c96668bf850809,50db8711c70196cd,Ovince Saint Preux,ab943cd2c3c17825,Marcos Rogerio de Lima,Marcos Rogerio de Lima,ab943cd2c3c17825
bc7f7f0ba3db74d2,2310fbcb6fdf3b47,59279a7c978f7da0,Al Iaquinta,82e7929bf6c2b689,Diego Sanchez,Diego Sanchez,82e7929bf6c2b689
bc7f7f0ba3db74d2,b29ed164b3014a42,d247691a6c0e9034,Cub Swanson,02f2a9702ba3d167,Artem Lobov,Cub Swanson,d247691a6c0e9034
bc7f7f0ba3db74d2,6ccfbe3a7c5aa55e,449c890bd90f3374,Hector Sandoval,67c1d46f4ed16f9e,Matt Schnell,Matt Schnell,67c1d46f4ed16f9e
bc7f7f0ba3db74d2,3905e5dc489811d6,d81ac739417d7f53,Jake Ellenberger,f2b6fdb20675b11c,Mike Perry,Jake Ellenberger,d81ac739417d7f53
bcd124bcd3d5be46,10a1947cb3feabc1,4c2d90e335e6df19,Alexis Davis,51a0c09cbe9b8472,Liz Carmouche,Liz Carmouche,51a0c09cbe9b8472
bcd124bcd3d5be46,bc84680df666c96d,544d7460b3e44393,Albert Morales,773f7feacf96153e,Benito Lopez,Benito Lopez,773f7feacf96153e
bcd124bcd3d5be46,fbce8f52689bce87,96428b9e9bd048ea,Luke Sanders,d0e50a3d1b250708,Andre Soukhamthath,Andre Soukhamthath,d0e50a3d1b250708
bcd124bcd3d5be46,6fe21a4cb2d839fd,df1eb4354d18a906,Scott Holtzman,18e8b7070228e728,Darrell Horcher,Scott Holtzman,df1eb4354d18a906
bcd124bcd3d5be46,c9e19742c4146bff,cad24459b28592ca,Eryk Anders,2ac4628c08ec5125,Markus Perez,Eryk Anders,cad24459b28592ca
bcd124bcd3d5be46,1d166488129030d0,d247691a6c0e9034,Cub Swanson,def8166ff24bd237,Brian Ortega,Cub Swanson,d247691a6c0e9034
bcd124bcd3d5be46,1aaa1a9ceecd6063,fea79f9bc8c68769,Marlon Moraes,cb696ebfb6598724,Aljamain Sterling,Aljamain Sterling,cb696ebfb6598724
bcd124bcd3d5be46,0a444f30cae13d8f,bb1a2cdad6ff34db,Jason Knight,436f970c9ea9169c,Gabriel Benitez,Jason Knight,bb1a2cdad6ff34db
bcd124bcd3d5be46,061081f46950fdb0,2a4200ead401a9ce,Carls John De Tomas,ab2b4ff41d6ebe0f,Alex Perez,Alex Perez,ab2b4ff41d6ebe0f
bcd124bcd3d5be46,ab853176cfe20b01,9ba2226646046b63,Frankie Saenz,c03520b5c88ed6b4,Merab Dvalishvili,Merab Dvalishvili,c03520b5c88ed6b4
bcd124bcd3d5be46,1ed266bed8005bbe,80daefbed11ce998,Alejandro Perez,2f95a3c6d58b2aad,Iuri Alcantara,Iuri Alcantara,2f95a3c6d58b2aad
bcd124bcd3d5be46,7a57289563f9d974,fae67903c4fe636b,Antonio Braga Neto,b27a1fcb56a3035a,Trevin Giles,Trevin Giles,b27a1fcb56a3035a
bcd124bcd3d5be46,f9536ea60551b840,feaf00f3373435d6,Chris Gruetzemacher,0052de90691d4a93,Davi Ramos,Davi Ramos,0052de90691d4a93
bd4389b71fdc0ce2,5e1370a92ce8abb0,80eacd4da0617c57,Joseph Benavidez,056c493bbd76a918,Henry Cejudo,Joseph Benavidez,80eacd4da0617c57
bd4389b71fdc0ce2,c5d48ca7c22f857e,98a6b2361045898f,Dong Hyun Ma,494b0bfdbac74502,Brendan O'Reilly,Dong Hyun Ma,98a6b2361045898f
bd4389b71fdc0ce2,fe132ef2ab8ae9d2,30ea504870f8597b,Josh Stansbury,cc7040fe76f0ef91,Devin Clark,Devin Clark,cc7040fe76f0ef91
bd4389b71fdc0ce2,019983faebec6d64,7d96bc577e5178b2,Gray Maynard,8866c6f509c19089,Ryan Hall,Gray Maynard,7d96bc577e5178b2
bd4389b71fdc0ce2,163fbb2185730846,28c55b4087a6f136,Elvis Mutapcic,d4c9dcd330403612,Anthony Smith,Anthony Smith,d4c9dcd330403612
bd4389b71fdc0ce2,9cad47cdd6351e50,cd13728ae1151f46,Ion Cutelaba,13a0275fa13c4d26,Jared Cannonier,Jared Cannonier,13a0275fa13c4d26
bd4389b71fdc0ce2,5ae45d20a60dc109,05b43e0ead3df345,Kailin Curran,882d62561063a927,Jamie Moyle,Jamie Moyle,882d62561063a927
bd4389b71fdc0ce2,36830f6eb3c847f5,792be9a24df82ed6,Brandon Moreno,20999e27ddd94bda,Ryan Benoit,Brandon Moreno,792be9a24df82ed6
bd4389b71fdc0ce2,63b35df1276b3d64,05339613bf8e9808,Rob Font,67c1d46f4ed16f9e,Matt Schnell,Rob Font,05339613bf8e9808
bd4389b71fdc0ce2,02822c35ffef5a50,8a304bfd6bf04a57,Demetrious Johnson,c96d9178c9ed9e62,Tim Elliott,Demetrious Johnson,8a304bfd6bf04a57
bd4389b71fdc0ce2,a716172939767cab,7be74a12d7352df2,Sara McMann,4c2d90e335e6df19,Alexis Davis,Sara McMann,7be74a12d7352df2
bd4389b71fdc0ce2,27ff7028ec8c2161,d81ac739417d7f53,Jake Ellenberger,47b9e0e7703a4868,Jorge Masvidal,Jake Ellenberger,d81ac739417d7f53
bd85ca0bb4f26cfc,14e53999507c76a7,0d8011111be000b2,Sean Strickland,0d7b51c9d2649a6e,Dricus Du Plessis,Dricus Du Plessis,0d7b51c9d2649a6e
bd85ca0bb4f26cfc,1a7cd191f0cf160c,040a74bb0a465c54,Arnold Allen,76e2870ffafbe38f,Movsar Evloev,Movsar Evloev,76e2870ffafbe38f
bd85ca0bb4f26cfc,a10e2d5416972b9c,f998f5c102250d6e,Yohan Lainesse,8b6e5dc2ba1edbe7,Sam Patterson,Sam Patterson,8b6e5dc2ba1edbe7
bd85ca0bb4f26cfc,670e4754d8d3d172,7b433309b0fd12aa,Brad Katona,1effd880e1f1bb30,Garrett Armfield,Garrett Armfield,1effd880e1f1bb30
bd85ca0bb4f26cfc,331ddc1141e934d1,f1d64ae34e088832,Charles Jourdain,4682bc59d5f55145,Sean Woodson,Sean Woodson,4682bc59d5f55145
bd85ca0bb4f26cfc,43d90683078fcee5,1a2bf44edb8055b6,Serhiy Sidey,c5ccd878231c5407,Ramon Taveras,Serhiy Sidey,1a2bf44edb8055b6
bd85ca0bb4f26cfc,ba5005d1116fa45f,5442f1bc4b47eaf3,Chris Curtis,8e9eb3fc86db0f7d,Marc-Andre Barriault,Chris Curtis,5442f1bc4b47eaf3
bd85ca0bb4f26cfc,97817609ed46baa0,84b3e7d38f2d2ec5,Neil Magny,dd6103dd7127db1d,Mike Malott,Neil Magny,84b3e7d38f2d2ec5
bd85ca0bb4f26cfc,7736eb6bd5c1ff4a,a9e260472d321361,Jasmine Jasudavicius,b1e5bcaad32a3cac,Priscila Cachoeira,Jasmine Jasudavicius,a9e260472d321361
bd85ca0bb4f26cfc,dff2685afd98ed9e,38c7f72747f4f712,Gillian Robertson,9673a497a9da119a,Polyana Viana,Gillian Robertson,38c7f72747f4f712
bd85ca0bb4f26cfc,faf15b752fb8924c,fc169c387b4b465d,Raquel Pennington,cc8c623cca88f54f,Mayra Bueno Silva,Raquel Pennington,fc169c387b4b465d
bd85ca0bb4f26cfc,ab105e5a56b5ee90,dee294e9717012c2,Malcolm Gordon,09e62c450e754913,Jimmy Flick,Malcolm Gordon,dee294e9717012c2
bda04c573563cc2e,2e9ad55f2e2f7c56,d0aaedcf7ccd0b45,Chris Daukaus,ac40f7e3cbecdda4,Parker Porter,Chris Daukaus,d0aaedcf7ccd0b45
bda04c573563cc2e,dc24c4759651c6ad,63def5a5662a6917,Junior Dos Santos,2cd428e9606856fd,Jairzinho Rozenstruik,Junior Dos Santos,63def5a5662a6917
bda04c573563cc2e,7200343d2e957cf3,b50a426a33da0012,Sean O'Malley,7c7332319c14094c,Marlon Vera,Sean O'Malley,b50a426a33da0012
bda04c573563cc2e,0d9e9127c62811f9,4f140403000158b5,Herbert Burns,361d49960a196976,Daniel Pineda,Daniel Pineda,361d49960a196976
bda04c573563cc2e,5081319e58f9759f,b6850671a008bf9a,Felice Herrig,7dda2cf308f24a02,Virna Jandiroba,Virna Jandiroba,7dda2cf308f24a02
bda04c573563cc2e,86deadaab9905a03,eee0ef3e2b14816b,Kai Kamaka,1a08b01fdabb6ae2,Tony Kelley,Kai Kamaka,eee0ef3e2b14816b
bda04c573563cc2e,57939328c1214107,99506df1af6c8b3b,John Dodson,c03520b5c88ed6b4,Merab Dvalishvili,Merab Dvalishvili,c03520b5c88ed6b4
bda04c573563cc2e,054794810817c1cc,d1941565abf50b16,Jim Miller,c77a953488e5607d,Vinc Pichel,Jim Miller,d1941565abf50b16
bda04c573563cc2e,3bdacc82209b33f5,d28dee5c705991df,Stipe Miocic,d967f0128c323de6,Daniel Cormier,Stipe Miocic,d28dee5c705991df
bda04c573563cc2e,3e4b8bd71e8bceb2,d31cbcdd7d69536d,TJ Brown,0de720c0f1d4ab9c,Danny Chavez,TJ Brown,d31cbcdd7d69536d
bda04c573563cc2e,745bdd823161da89,b4c6c904a9ffc5e8,Ashley Yoder,dab8cfbb6b1db10a,Livinha Souza,Ashley Yoder,b4c6c904a9ffc5e8
be5aab761c40ef35,a554a72bb0377213,751de04455cfaac0,Calvin Kattar,040a74bb0a465c54,Arnold Allen,Arnold Allen,040a74bb0a465c54
be5aab761c40ef35,98b7dd0ddc52cffb,e4277e87a789d687,Dustin Jacoby,749f572d1d3161fb,Khalil Rountree Jr.,Khalil Rountree Jr.,749f572d1d3161fb
be5aab761c40ef35,f32d918ee06cb83b,547afe1017e72dbe,Phil Hawes,327d5f279895110d,Roman Dolidze,Roman Dolidze,327d5f279895110d
be5aab761c40ef35,bf59d9f8bd9536f3,4b47e71384a9522f,Tim Means,b0d6a1d8ac3d563d,Max Griffin,Tim Means,4b47e71384a9522f
be5aab761c40ef35,5b6bdaf89e493674,fc08099550072fe4,Waldo Cortes-Acosta,2b68d9f125d07b42,Jared Vanderaa,Waldo Cortes-Acosta,fc08099550072fe4
be5aab761c40ef35,5dcba156bd13e0c3,3738e68d2261e60f,Andrei Arlovski,ab943cd2c3c17825,Marcos Rogerio de Lima,Marcos Rogerio de Lima,ab943cd2c3c17825
be5aab761c40ef35,6a7db3750822d7be,ca43de99b07b6b40,Josh Fremd,147e70aa6cc48cfc,Tresean Gore,Josh Fremd,ca43de99b07b6b40
be5aab761c40ef35,44abbf6b947be6de,7f6ed67d3ed3c036,Cody Durden,b15862fcd6ded451,Carlos Mota,Cody Durden,7f6ed67d3ed3c036
be5aab761c40ef35,86dff1593d8b9a1f,971246648e162f0d,Chase Hooper,97cf1a2c7c5e7889,Steve Garcia,Steve Garcia,97cf1a2c7c5e7889
be5aab761c40ef35,fdb9d29cf0edc16a,5ec591b78349ba7e,Christian Rodriguez,69888118d968ba52,Joshua Weems,Christian Rodriguez,5ec591b78349ba7e
be5aab761c40ef35,d6d141afdd31c3f1,8d20d76af3f213ce,Joseph Holmes,285ae0b4a68221f4,JunYong Park,JunYong Park,285ae0b4a68221f4
be8ad887e4d674b0,70afe9e0d2422252,f0feeb2192937424,Angela Hill,d25240135aee03e5,Tabatha Ricci,Tabatha Ricci,d25240135aee03e5
be8ad887e4d674b0,5c5523a6bf83e44f,0cd0456d6029cec2,Robert Valentin,d5bab53a1a603aac,Ryan Loder,Ryan Loder,d5bab53a1a603aac
be8ad887e4d674b0,ae50a1a655b1a8f6,84b3e7d38f2d2ec5,Neil Magny,c32aeb1a59e6272d,Michael Morales,Michael Morales,c32aeb1a59e6272d
be8ad887e4d674b0,bad06a5380d762b8,7facc9c45d792985,Kaan Ofli,480779d7f9a424d3,Mairon Santos,Mairon Santos,480779d7f9a424d3
be8ad887e4d674b0,ba8eda6993922ba0,19c591115a58982c,Viacheslav Borshchev,93b2b7caa457cbea,James Llontop,James Llontop,93b2b7caa457cbea
be8ad887e4d674b0,903d588b30a471e8,e3964ece586e0635,Jacqueline Cavalcanti,68d35296f566792b,Josiane Nunes,Jacqueline Cavalcanti,e3964ece586e0635
be8ad887e4d674b0,2cbd53e43d3f606b,4144798612ef96e5,Edmen Shahbazyan,6ac9bc2953c47345,Gerald Meerschaert,Edmen Shahbazyan,4144798612ef96e5
be8ad887e4d674b0,d2caa1ddb9de7481,23dec7c47cb418f8,Zachary Reese,baa9be02c3e3e038,Jose Daniel Medina,Zachary Reese,23dec7c47cb418f8
be8ad887e4d674b0,15805ae1eea3343e,13a0275fa13c4d26,Jared Cannonier,4126a78111c0855a,Caio Borralho,Caio Borralho,4126a78111c0855a
be8ad887e4d674b0,d4127baf74b0e791,2997e7fe3c9d3d4a,Wang Cong,9dedfdd91070ddd8,Victoria Leonardo,Wang Cong,2997e7fe3c9d3d4a
be8ad887e4d674b0,560f1e26c2a6690a,c4d039123e62f6a9,Dennis Buzukja,5d495dec23d7c68e,Francis Marshall,Francis Marshall,5d495dec23d7c68e
bf12aca029bfcc47,13858ffdaaef5671,ccd1299e0345e0ce,Melvin Guillard,5f87a5c00b3d17ed,Dennis Siver,Melvin Guillard,ccd1299e0345e0ce
bf12aca029bfcc47,6760e48a36571feb,9fa3bd637edd9aa2,Patrick Cote,91186547a7f3f758,Ricardo Almeida,Ricardo Almeida,91186547a7f3f758
bf12aca029bfcc47,bbe3d2a2ad8d204e,270b89c00ef0c55c,Gabriel Gonzaga,75f871836d41f90f,Justin McCully,Gabriel Gonzaga,270b89c00ef0c55c
bf12aca029bfcc47,ae674ec42bd0a979,fcffee71cff5530e,Forrest Griffin,ffc088e64fab57e9,Quinton Jackson,Quinton Jackson,ffc088e64fab57e9
bf12aca029bfcc47,51b0cc51799e7d5d,79899ecf62020f6d,Joe Stevenson,75e5fec9f72910ef,Gleison Tibau,Joe Stevenson,79899ecf62020f6d
bf12aca029bfcc47,61f0ceb980c1ae81,20205040232ed0f3,Tyson Griffin,04643fd03d9159cc,Marcus Aurelio,Tyson Griffin,20205040232ed0f3
bf12aca029bfcc47,bcefcb29bec709d6,231926533134ec1f,Justin Buchholz,abbc737317f66b81,Corey Hill,Justin Buchholz,231926533134ec1f
bf12aca029bfcc47,66f0238fac31130f,282fa667ff9c51ed,Cole Miller,04d5718ed2661e8c,Jorge Gurgel,Cole Miller,282fa667ff9c51ed
bf12aca029bfcc47,ac82d28aaa5faaf0,dd37fd509af89f15,Josh Koscheck,91acd6910b802a9e,Chris Lytle,Josh Koscheck,dd37fd509af89f15
bfc2fc38a0e20211,7f35ce1469dab556,82e7929bf6c2b689,Diego Sanchez,28f3c2258a1d8874,John Hathaway,Diego Sanchez,82e7929bf6c2b689
bfc2fc38a0e20211,094a77eecd56a27a,bda04c573563cc2e,Todd Duffee,353de740bb6c7e75,Mike Russow,Todd Duffee,bda04c573563cc2e
bfc2fc38a0e20211,f89589236dc3cbd7,2b93ebd9f5417ad2,Michael Bisping,d0c29452d3272603,Dan Miller,Michael Bisping,2b93ebd9f5417ad2
bfc2fc38a0e20211,3046c0d0208a65f1,ffc088e64fab57e9,Quinton Jackson,ee779c43a8926d52,Rashad Evans,Quinton Jackson,ffc088e64fab57e9
bfc2fc38a0e20211,26025a42e011229f,497ba5b12a4bfc47,Jason Brilz,73e09f837f3b5ecc,Rogerio Nogueira,Rogerio Nogueira,73e09f837f3b5ecc
bfc2fc38a0e20211,96f51af6a93b94c6,2650e2f846a30f64,Amir Sadollah,9bcf8603ceb25680,Dong Hyun Kim,Dong Hyun Kim,9bcf8603ceb25680
bfc2fc38a0e20211,5000a0bde6213fd9,947eccadb72f4f6f,Jesse Forbes,aae99701b21554e4,Ryan Jensen,Ryan Jensen,aae99701b21554e4
bfc2fc38a0e20211,8ba089858a7d647b,24b033b3daf1c9df,Luiz Cane,43563a32c3f10e95,Cyrille Diabate,Luiz Cane,24b033b3daf1c9df
bfe95ec546692b13,1d892fec31dc7ad7,122ac9b816d8b71c,Shana Dobson,04835018f90b118c,Casey O'Neill,Casey O'Neill,04835018f90b118c
bfe95ec546692b13,a4814d682954e8ab,b9706f80d005036c,Ketlen Vieira,3143bf892608139a,Yana Santos,Ketlen Vieira,b9706f80d005036c
bfe95ec546692b13,b12bc15f384ecc42,fa6796c55d6c5440,Curtis Blaydes,d3df1add9d9a7efb,Derrick Lewis,Curtis Blaydes,fa6796c55d6c5440
bfe95ec546692b13,82243207b4dfce87,40093d1d2d78394e,Charles Rosa,34e516ab361afb1c,Darrick Minner,Darrick Minner,34e516ab361afb1c
bfe95ec546692b13,05ceb8b2f93993a6,547afe1017e72dbe,Phil Hawes,881bf86d4cba8578,Nassourdine Imavov,Nassourdine Imavov,881bf86d4cba8578
bfe95ec546692b13,e175c1a0bff30187,583ee11abddfc581,Nate Landwehr,902ec2cc48c8ae8a,Julian Erosa,Nate Landwehr,583ee11abddfc581
bfe95ec546692b13,8f7328fe18806fb0,98c23cb6da5b3352,Aleksei Oleinik,d0aaedcf7ccd0b45,Chris Daukaus,Chris Daukaus,d0aaedcf7ccd0b45
bfe95ec546692b13,c3b6aa47e7532a7b,e2f6b2769aaedd6c,Serghei Spivac,2b68d9f125d07b42,Jared Vanderaa,Serghei Spivac,e2f6b2769aaedd6c
bfe95ec546692b13,931fd51ab69fb443,7026eca45f65377b,Jared Gordon,0de720c0f1d4ab9c,Danny Chavez,Jared Gordon,7026eca45f65377b
bfe95ec546692b13,15b1c7ddc4415fdd,3738e68d2261e60f,Andrei Arlovski,399afbabc02376b5,Tom Aspinall,Tom Aspinall,399afbabc02376b5
bfe95ec546692b13,990c2378caec68d4,fc9a9559a05f2704,Eddie Wineland,5fa2974cbd18e05c,John Castaneda,John Castaneda,5fa2974cbd18e05c
bfe95ec546692b13,b9cd4910f0ecff45,24656ef4d605c96f,Aiemann Zahabi,dc3b9cf7641b7ab6,Drako Rodriguez,Aiemann Zahabi,24656ef4d605c96f
c0231720fe516994,794b63b4c1e1e789,34e552520a934063,Brad Scott,06827d70c53ff0d9,Scott Askham,Scott Askham,06827d70c53ff0d9
c0231720fe516994,7e6f91cbf8e93210,fd55393021a8c255,Gunnar Nelson,cf65d56b0755ed3b,Alan Jouban,Gunnar Nelson,fd55393021a8c255
c0231720fe516994,f99ee57f75b20b69,470fedbc8563ac47,Daniel Omielanczuk,cc900af167fbedfd,Timothy Johnson,Daniel Omielanczuk,470fedbc8563ac47
c0231720fe516994,55f727e00553035d,654ae722109a0d31,Joe Duffy,e25bcbcdaf6537a1,Reza Madadi,Reza Madadi,e25bcbcdaf6537a1
c0231720fe516994,00be3852000f8fe9,1e1dbd1cc5a7469e,Jimi Manuwa,5e4eec08896c9423,Corey Anderson,Corey Anderson,5e4eec08896c9423
c0231720fe516994,c365a488a8de3c89,a17ad5a5048e8c3f,Darren Stewart,b69f24c500d783e7,Francimar Barroso,Darren Stewart,a17ad5a5048e8c3f
c0231720fe516994,1e5c66d12761d4fe,c945adc22c2bfe8f,Brad Pickett,7c7332319c14094c,Marlon Vera,Marlon Vera,7c7332319c14094c
c0231720fe516994,88ce808e4e604180,f1fac969a1d70b08,Leon Edwards,6d4b63c767106d3a,Vicente Luque,Leon Edwards,f1fac969a1d70b08
c0231720fe516994,eee7f546c126ee8b,32c355b04fc57f3a,Marc Diakiese,8f4eeaf7a0df7c1a,Teemu Packalen,Marc Diakiese,32c355b04fc57f3a
c0231720fe516994,7ec86f2af631344f,040a74bb0a465c54,Arnold Allen,87a1dc546b1c5caf,Makwan Amirkhani,Arnold Allen,040a74bb0a465c54
c0231720fe516994,0bb419537705fb04,2eeaefbfc7f9fcff,Lina Lansberg,3cf66c62d9069f43,Lucie Pudilova,Lucie Pudilova,3cf66c62d9069f43
c0342805a1948cbb,d6f6ac29008509db,9e8f6c728eb01124,Justin Gaethje,6256b2b1562cb8e1,James Vick,Justin Gaethje,9e8f6c728eb01124
c0342805a1948cbb,047d6739aa1d5c1e,519e4fe37ce9ff75,Drew Dober,53ec9cb470e1a4ea,Jon Tuck,Drew Dober,519e4fe37ce9ff75
c0342805a1948cbb,67e1ec8ee2db3423,9e50097a89442158,Mickey Gall,6c7e25571490aa3b,George Sullivan,Mickey Gall,9e50097a89442158
c0342805a1948cbb,3e0090669d51415f,65f09bacd3957381,Cory Sandhagen,2f95a3c6d58b2aad,Iuri Alcantara,Cory Sandhagen,65f09bacd3957381
c0342805a1948cbb,5e3779f7c1c39679,fccf811c1e8b01c7,Andrew Sanchez,2ac4628c08ec5125,Markus Perez,Andrew Sanchez,fccf811c1e8b01c7
c0342805a1948cbb,aa91cb7567d6c48a,d81ac739417d7f53,Jake Ellenberger,a331233f597090a5,Bryan Barberena,Jake Ellenberger,d81ac739417d7f53
c0342805a1948cbb,62fecd327391557e,8f6a18831a120817,James Krause,d317a5e2b3f88c5f,Warlley Alves,James Krause,8f6a18831a120817
c0342805a1948cbb,3b701c0a0525341b,cad24459b28592ca,Eryk Anders,990bd63726a577f8,Tim Williams,Eryk Anders,cad24459b28592ca
c0342805a1948cbb,48a9d2a3967d13a4,511e82663651438d,Michael Johnson,8fd808923cffff82,Andre Fili,Michael Johnson,511e82663651438d
c0342805a1948cbb,7fe1486a2c33bf91,92437c6775b3f7d1,John Moraga,aa72b0f831d0bfe5,Deiveson Figueiredo,Deiveson Figueiredo,aa72b0f831d0bfe5
c0342805a1948cbb,f20e742e6b0c0b3b,5f179af5fffeb9f6,Cortney Casey,f0feeb2192937424,Angela Hill,Angela Hill,f0feeb2192937424
c0342805a1948cbb,5362ea7c63432cf9,94527830000ab715,Rani Yahya,96428b9e9bd048ea,Luke Sanders,Rani Yahya,94527830000ab715
c046100aea0dba9a,8ce926b4d38a55a0,7be14eaed4c74856,Brian Kelleher,cc1a8b4b38b92c6d,Montel Jackson,Montel Jackson,cc1a8b4b38b92c6d
c046100aea0dba9a,3f5a623cf360c494,f1928a52590c5532,Curtis Millender,aec185309b4843d0,Siyar Bahadurzada,Curtis Millender,f1928a52590c5532
c046100aea0dba9a,3278e45b30f7dd33,634bb0de2eb043b4,Cristiane Justino,80fa8218c99f9c58,Amanda Nunes,Amanda Nunes,80fa8218c99f9c58
c046100aea0dba9a,9ee818e10dcf3b45,e9a3aeb207578eea,Ilir Latifi,5e4eec08896c9423,Corey Anderson,Corey Anderson,5e4eec08896c9423
c046100aea0dba9a,1ca41d3b11d88b36,f9f07bb5a43535ed,Carlos Condit,c58f51dedb310998,Michael Chiesa,Carlos Condit,f9f07bb5a43535ed
c046100aea0dba9a,b0e16dd491bc4fea,3ecd936bd8814108,Cat Zingano,a0e75f4a13eb73f1,Megan Anderson,Cat Zingano,3ecd936bd8814108
c046100aea0dba9a,498e7b0800af226c,3a314d9fa7c6825d,Douglas Silva de Andrade,d661ce4da776fc20,Petr Yan,Petr Yan,d661ce4da776fc20
c046100aea0dba9a,bd7a8c6c74655afc,73c7cfa551289285,BJ Penn,8866c6f509c19089,Ryan Hall,Ryan Hall,8866c6f509c19089
c046100aea0dba9a,61bf6748cf85eb84,329e403448756217,Nathaniel Wood,5f6f049d54728e88,Andre Ewell,Nathaniel Wood,329e403448756217
c046100aea0dba9a,a5ea53104392fa9f,b5b684eac99ae0a3,Chad Mendes,e1248941344b3288,Alexander Volkanovski,Alexander Volkanovski,e1248941344b3288
c046100aea0dba9a,ceaae1db8ccde29c,07f72a2a7591b409,Jon Jones,3c6976f8182d9527,Alexander Gustafsson,Jon Jones,07f72a2a7591b409
c046100aea0dba9a,4de25b19c4dedb14,65578a75fa7900e3,Uriah Hall,899923ff6ab13917,Bevon Lewis,Uriah Hall,65578a75fa7900e3
c0c1bc0766df4c00,966bf043577f8b6a,519e4fe37ce9ff75,Drew Dober,edd02825c29028fe,Marco Polo Reyes,Drew Dober,519e4fe37ce9ff75
c0c1bc0766df4c00,2b01da1699f0305f,37c5366d18ed6c05,Roosevelt Roberts,c77a953488e5607d,Vinc Pichel,Vinc Pichel,c77a953488e5607d
c0c1bc0766df4c00,4e71dbef18157288,8d03ce87ca14e778,Francis Ngannou,63def5a5662a6917,Junior Dos Santos,Junior Dos Santos,63def5a5662a6917
c0c1bc0766df4c00,c770192a9f3261cd,a495f599e787614f,Alonzo Menifield,eabf206b162b3b83,Paul Craig,Alonzo Menifield,a495f599e787614f
c0c1bc0766df4c00,8f5d5dd10a167cc0,1ae8f3c723aacff4,Ricardo Ramos,78f485f851891d68,Journey Newson,Ricardo Ramos,1ae8f3c723aacff4
c0c1bc0766df4c00,c0982b3919cc74f0,cad24459b28592ca,Eryk Anders,acb36c908d415c4a,Vinicius Moreira,Eryk Anders,cad24459b28592ca
c0c1bc0766df4c00,e460bf4db340ca9e,b3d21b2610dcfaeb,Emily Whitmire,beecb672a279223e,Amanda Ribas,Amanda Ribas,beecb672a279223e
c0c1bc0766df4c00,9ba051e0f5674108,068f8a189a47fea6,Maurice Greene,c482c8605455a213,Junior Albini,Maurice Greene,068f8a189a47fea6
c0c1bc0766df4c00,3f8c6e31ebbe54bc,7026eca45f65377b,Jared Gordon,66e98b3bb5fc5250,Dan Moret,Jared Gordon,7026eca45f65377b
c0c1bc0766df4c00,5fcf65d4de66c970,427b5953ac8e3a27,Demian Maia,5331b25a60417ffb,Anthony Rocco Martin,Demian Maia,427b5953ac8e3a27
c0c1bc0766df4c00,7ce7075951c9aa31,ce632027bf2a871b,Dalcha Lungiambula,3f7dab21b6c971bc,Dequan Townsend,Dalcha Lungiambula,ce632027bf2a871b
c0c1bc0766df4c00,2418af6da44fd361,b102c26727306ab6,Jussier Formiga,80eacd4da0617c57,Joseph Benavidez,Joseph Benavidez,80eacd4da0617c57
c0ed7b208197e8de,46cfb41b00cb5ad8,d247691a6c0e9034,Cub Swanson,18968f97ad34f15c,Jeremy Stephens,Cub Swanson,d247691a6c0e9034
c0ed7b208197e8de,2c8d1f5bb73a812b,3974fa35c917af1d,Ricardo Lamas,ed209f6618c82e41,Hacran Dias,Ricardo Lamas,3974fa35c917af1d
c0ed7b208197e8de,12bf24fa110513d0,dbc17725b887860a,Cezar Ferreira,8a70ceb3edbe757b,Andrew Craig,Cezar Ferreira,dbc17725b887860a
c0ed7b208197e8de,0dab467898de22c6,8c0580d4fff106c1,Kelvin Gastelum,8b5f9ea38184ded3,Nicholas Musoke,Kelvin Gastelum,8c0580d4fff106c1
c0ed7b208197e8de,612333aaff795989,98c23cb6da5b3352,Aleksei Oleinik,c727c7d31c50c4cf,Anthony Hamilton,Aleksei Oleinik,98c23cb6da5b3352
c0ed7b208197e8de,47cabf79c3340581,0c9c0a43d3f3f49d,Marcelo Guimaraes,993d385f5a475375,Andy Enz,Marcelo Guimaraes,0c9c0a43d3f3f49d
c0ed7b208197e8de,9afda67fdb4d7c07,8e8e4487c621aa1c,Joe Ellenberger,c06a9b48d4132c8e,James Moontasri,Joe Ellenberger,8e8e4487c621aa1c
c0ed7b208197e8de,4eae10815ebe78e3,ffc3e6daaa6da0b7,Johnny Bedford,700a674c042b7a96,Cody Gibson,Johnny Bedford,ffc3e6daaa6da0b7
c0ed7b208197e8de,7d26a6b4b6845e1b,92b62174c175ce19,Clint Hester,fae67903c4fe636b,Antonio Braga Neto,Clint Hester,92b62174c175ce19
c0ed7b208197e8de,cbf36e02c68e7719,2e25c1d983c26311,Colton Smith,f53d4f21d1b5f2dc,Diego Ferreira,Diego Ferreira,f53d4f21d1b5f2dc
c11036da9162cb5f,836e9bc5c1f6acd3,da7f113b5ea39c43,Mohammed Usman,764d39074a352e33,Thomas Petersen,Thomas Petersen,764d39074a352e33
c11036da9162cb5f,120ec60ad18cf6c5,97cf1a2c7c5e7889,Steve Garcia,a68575214ecad140,SeungWoo Choi,Steve Garcia,97cf1a2c7c5e7889
c11036da9162cb5f,4a00db8aeff200a2,3df5493bb279226f,Amanda Lemos,7dda2cf308f24a02,Virna Jandiroba,Virna Jandiroba,7dda2cf308f24a02
c11036da9162cb5f,94541dd979e0b4bd,7f6ed67d3ed3c036,Cody Durden,294aa73dbf37d281,Bruno Silva,Cody Durden,7f6ed67d3ed3c036
c11036da9162cb5f,ec8bc554a0646638,e93b04e308913c2e,Dooho Choi,9abc648e76c4493a,Bill Algeo,Dooho Choi,e93b04e308913c2e
c11036da9162cb5f,9eaa33f874bbb999,a7151778b3381036,Kurt Holobaugh,ca36633b80be4a78,Kaynan Kruschewsky,Kaynan Kruschewsky,ca36633b80be4a78
c11036da9162cb5f,6e6567a98ea78891,d008d785f6347dc2,JeongYeong Lee,41cc71cbf210e0fe,Hyder Amil,Hyder Amil,41cc71cbf210e0fe
c11036da9162cb5f,e655774643881e6c,f29a6350c69f4a33,Miranda Maverick,27b388f0aab49780,Dione Barbosa,Miranda Maverick,f29a6350c69f4a33
c11036da9162cb5f,c3ef9edf73626521,528b071cf3da7c56,Luana Carolina,3cf66c62d9069f43,Lucie Pudilova,Luana Carolina,528b071cf3da7c56
c11036da9162cb5f,b3f1253d0a991791,8c169fbe1ac33637,Loik Radzhabov,cfc3e7bb44685289,Trey Ogden,Trey Ogden,cfc3e7bb44685289
c11036da9162cb5f,40c18c6d64463809,7be14eaed4c74856,Brian Kelleher,700a674c042b7a96,Cody Gibson,Cody Gibson,700a674c042b7a96
c1684f00c626f4c0,9f60dd19c5705d45,86dfed7cc24a9fa7,Matt Serra,6506c1d34da9c013,Georges St-Pierre,Georges St-Pierre,6506c1d34da9c013
c1684f00c626f4c0,fc4e42a55ba285f6,dd37fd509af89f15,Josh Koscheck,82e7929bf6c2b689,Diego Sanchez,Diego Sanchez,82e7929bf6c2b689
c1684f00c626f4c0,cb93f5f9d09b29f1,acff437707625fc7,Yushin Okami,9fe85152f351e737,Mike Swick,Yushin Okami,acff437707625fc7
c1684f00c626f4c0,33b9285aec39e37f,234f3767ff0e5701,Kendall Grove,4130a743d9d22163,Alan Belcher,Alan Belcher,4130a743d9d22163
c1684f00c626f4c0,e7fdbd5c65798a5c,daf1b84aebd6602b,Roger Huerta,917e53fa0adea0d3,Leonard Garcia,Roger Huerta,daf1b84aebd6602b
c1684f00c626f4c0,54cf1ffbc6e7a9fd,cfb65863d5099327,Thales Leites,0359313549d230a1,Pete Sell,Thales Leites,cfb65863d5099327
c32eab6c2119e989,0f369d09416b9e34,ebef46976554f975,Jordan Griffin,52c2ae6d2f2d2613,Youssef Zalal,Youssef Zalal,52c2ae6d2f2d2613
c32eab6c2119e989,75570ea2da94a4fb,53c943c873cffe90,Philipe Lins,04c8b08b16a5b99e,Tanner Boser,Philipe Lins,53c943c873cffe90
c32eab6c2119e989,67ed3ad521ef619c,8abac218746e04ca,Takashi Sato,5f3805dda9661cba,Jason Witt,Jason Witt,5f3805dda9661cba
c32eab6c2119e989,f2d9814936a6eb35,f2b6fdb20675b11c,Mike Perry,9e50097a89442158,Mickey Gall,Mike Perry,f2b6fdb20675b11c
c32eab6c2119e989,cfd47fddbb705f26,2f181c0467965b98,Brendan Allen,d6c0cdd7e467c440,Kyle Daukaus,Brendan Allen,2f181c0467965b98
c32eab6c2119e989,1b8d366ac0f110f3,4100c7a09497ad41,Kay Hansen,d05cb1e8d1b885d8,Jinh Yu Frey,Kay Hansen,4100c7a09497ad41
c32eab6c2119e989,9025e3c6b6d71253,2844b047183a1adb,Luis Pena,78e501478a36a018,Khama Worthy,Luis Pena,2844b047183a1adb
c32eab6c2119e989,9ce56acac775d386,fcd448a2fe1a23cc,Gian Villante,068f8a189a47fea6,Maurice Greene,Gian Villante,fcd448a2fe1a23cc
c32eab6c2119e989,f8dd1e75978a3957,029eaff01e6bb8f0,Dustin Poirier,193b9d1858bc4df3,Dan Hooker,Dustin Poirier,029eaff01e6bb8f0
c32eab6c2119e989,8a8fea2c10512434,4682bc59d5f55145,Sean Woodson,902ec2cc48c8ae8a,Julian Erosa,Sean Woodson,4682bc59d5f55145
c36e1f4fa755ffb4,2efbcd870f1f7bc7,b1a3e0aca758b322,Derek Brunson,3a46b268013afede,Kevin Holland,Derek Brunson,b1a3e0aca758b322
c36e1f4fa755ffb4,afc86d1076c4c3a9,0232cabbc30a2372,Adrian Yanez,93b62c5f2ba18e51,Gustavo Lopez,Adrian Yanez,0232cabbc30a2372
c36e1f4fa755ffb4,68cf99b6551dc3b3,b27a1fcb56a3035a,Trevin Giles,327d5f279895110d,Roman Dolidze,Roman Dolidze,327d5f279895110d
c36e1f4fa755ffb4,dd7f3f91ea6067d4,4959f10a62f3fec3,Cheyanne Vlismas,1235b31de15d0c6e,Montserrat Conejo Ruiz,Cheyanne Vlismas,4959f10a62f3fec3
c36e1f4fa755ffb4,edac9fd482177a64,32490e80ddab1e5a,Song Kenan,b0d6a1d8ac3d563d,Max Griffin,Max Griffin,b0d6a1d8ac3d563d
c36e1f4fa755ffb4,b8a0047c927faa75,cc1a8b4b38b92c6d,Montel Jackson,8c39367b53eadf8a,Jesse Strader,Montel Jackson,cc1a8b4b38b92c6d
c36e1f4fa755ffb4,9e45cc594a5a2506,c62fbc117d57b943,Tai Tuivasa,f703250471acaf96,Harry Hunsucker,Tai Tuivasa,c62fbc117d57b943
c36e1f4fa755ffb4,55bf7f19a132e0fc,294aa73dbf37d281,Bruno Silva,0b362247806341e5,JP Buys,Bruno Silva,294aa73dbf37d281
c36e1f4fa755ffb4,a043e279434d5c8c,9c65736747ca92ec,Leonardo Santos,99bd51917728c25d,Grant Dawson,Grant Dawson,99bd51917728c25d
c36e1f4fa755ffb4,dcfbbebc0aee6ded,c7d297714d9ab1a4,Marion Reneau,9cdd2da1a9104a0b,Macy Chiasson,Macy Chiasson,9cdd2da1a9104a0b
c398235fcaf8d71d,2f414494f2b6f426,91dac5e69e28d5b5,Pannie Kianzad,9cdd2da1a9104a0b,Macy Chiasson,Pannie Kianzad,91dac5e69e28d5b5
c398235fcaf8d71d,537b3cef39d2d573,d945aae53e3e54e6,Thiago Moises,e99eb0ef25885de5,Mitch Ramirez,Thiago Moises,d945aae53e3e54e6
c398235fcaf8d71d,f1cbd73e7be64d28,68b8ebdfce9dbb61,Charalampos Grigoriou,c7c39e2fb70248b3,Chad Anheliger,Chad Anheliger,c7c39e2fb70248b3
c398235fcaf8d71d,711ec0545552455b,68d35296f566792b,Josiane Nunes,af9efbfd63d39734,Chelsea Chandler,Josiane Nunes,68d35296f566792b
c398235fcaf8d71d,451df53c13185584,65adf3856c4d9256,Jafel Filho,6d68c1afe954f121,Ode Osbourne,Jafel Filho,65adf3856c4d9256
c398235fcaf8d71d,66873dde4077bd5d,bc7d1ad49fcb2d08,Jaqueline Amorim,3351aa64aa83c4d9,Cory McKenna,Jaqueline Amorim,bc7d1ad49fcb2d08
c398235fcaf8d71d,569e0ba18701c305,6ac9bc2953c47345,Gerald Meerschaert,a331233f597090a5,Bryan Barberena,Gerald Meerschaert,6ac9bc2953c47345
c398235fcaf8d71d,4f20f3ada1489823,a29db9cd4f9ccea5,Natan Levy,fb3e61720be4690c,Mike Davis,Mike Davis,fb3e61720be4690c
c398235fcaf8d71d,acc7392d48cc09a0,5ec591b78349ba7e,Christian Rodriguez,a57cb948c4c70a47,Isaac Dulgarian,Christian Rodriguez,5ec591b78349ba7e
c398235fcaf8d71d,35f9beb94b4ef9e2,50db8711c70196cd,Ovince Saint Preux,8667caa0451d245b,Kennedy Nzechukwu,Kennedy Nzechukwu,8667caa0451d245b
c398235fcaf8d71d,c26f27667c230391,6751eacd16bd59bc,Josh Culibao,d964a59c48381cb6,Danny Silva,Josh Culibao,6751eacd16bd59bc
c398235fcaf8d71d,8bc0c220f7dcefa7,c62fbc117d57b943,Tai Tuivasa,c9cf753cfdf77fc2,Marcin Tybura,Marcin Tybura,c9cf753cfdf77fc2
c3c23c99477c041b,e0df5f84686586a1,ee779c43a8926d52,Rashad Evans,902ab9197b83d0db,Phil Davis,Phil Davis,902ab9197b83d0db
c3c23c99477c041b,ba75be28158d424c,427b5953ac8e3a27,Demian Maia,3a8176e15b9887c1,Chris Weidman,Chris Weidman,3a8176e15b9887c1
c3c23c99477c041b,81c5c897717a1ef6,48d1f690b763934c,Chael Sonnen,2b93ebd9f5417ad2,Michael Bisping,Michael Bisping,2b93ebd9f5417ad2
c3c23c99477c041b,e8a167bb84082832,511e82663651438d,Michael Johnson,75e0d3cc2262b732,Shane Roller,Michael Johnson,511e82663651438d
c3c23c99477c041b,ca263e46051261e2,d247691a6c0e9034,Cub Swanson,3c0437fbeda06962,George Roop,Cub Swanson,d247691a6c0e9034
c3c23c99477c041b,fd230ba169b3f2b6,46baf0f57edfa4df,Joey Beltran,e6c5908910cc26e4,Lavar Johnson,Lavar Johnson,e6c5908910cc26e4
c3c23c99477c041b,7a37fd92b26d15c8,6c2030e0a143a94b,Chris Camozzi,e4277e87a789d687,Dustin Jacoby,Dustin Jacoby,e4277e87a789d687
c3c23c99477c041b,e7861d4e2b29193f,e5c9de15bb58b1c6,Evan Dunham,6fb1ba67bef41b37,Nik Lentz,Nik Lentz,6fb1ba67bef41b37
c3c38c86f5ab9b5c,47f9c14a7dca1ad7,eebc23626e38f5dc,Liana Jojua,f29a6350c69f4a33,Miranda Maverick,Miranda Maverick,f29a6350c69f4a33
c3c38c86f5ab9b5c,de2069fea664c4b7,329e403448756217,Nathaniel Wood,e7bba7ce4d6c7b07,Casey Kenney,Nathaniel Wood,329e403448756217
c3c38c86f5ab9b5c,5b062be91c65fb73,57b10fca4f9c9a7a,Alex Oliveira,01afe0916a40c7c5,Shavkat Rakhmonov,Shavkat Rakhmonov,01afe0916a40c7c5
c3c38c86f5ab9b5c,6eaa4981d0335c8a,ebc1f40e00e0c481,Stefan Struve,c62fbc117d57b943,Tai Tuivasa,Stefan Struve,ebc1f40e00e0c481
c3c38c86f5ab9b5c,eedcb6c5d163e581,d802174b0c0c1f4e,Magomed Ankalaev,cd13728ae1151f46,Ion Cutelaba,Magomed Ankalaev,d802174b0c0c1f4e
c3c38c86f5ab9b5c,e8ef17c0babcfca5,729d4bd5a6cd0a97,Lauren Murphy,f300763147320d12,Liliya Shakirova,Lauren Murphy,729d4bd5a6cd0a97
c3c38c86f5ab9b5c,51108eabae8391ca,e1147d3d2dabe1ce,Robert Whittaker,13a0275fa13c4d26,Jared Cannonier,Robert Whittaker,e1147d3d2dabe1ce
c3c38c86f5ab9b5c,a2620cbef573a837,d4270315cbcf2569,Jacob Malkoun,547afe1017e72dbe,Phil Hawes,Jacob Malkoun,d4270315cbcf2569
c3c38c86f5ab9b5c,ccfe7b0d29c5440c,279566840aa55bf2,Alexander Volkov,03f982ca3735070c,Walt Harris,Alexander Volkov,279566840aa55bf2
c3c38c86f5ab9b5c,59eea37af7efb06c,032cc3922d871c7f,Khabib Nurmagomedov,9e8f6c728eb01124,Justin Gaethje,Khabib Nurmagomedov,032cc3922d871c7f
c3c38c86f5ab9b5c,2279d909f6e3e552,58bbef3770bb2dfc,Joel Alvarez,d06f8869449ba7bd,Alexander Yakovlev,Joel Alvarez,58bbef3770bb2dfc
c4b6099f0d25f75e,f1423b63d81c88ea,219a254e15d60135,Tim Hague,658c3465581ae46b,Pat Barry,Pat Barry,658c3465581ae46b
c4b6099f0d25f75e,15750dc75b7426f3,f7a7f7118d4b01b6,Lyoto Machida,ee779c43a8926d52,Rashad Evans,Lyoto Machida,f7a7f7118d4b01b6
c4b6099f0d25f75e,eb23f3574b656624,f2688492b9a525a3,Frankie Edgar,029880cdbf5ca089,Sean Sherk,Sean Sherk,029880cdbf5ca089
c4b6099f0d25f75e,d1e144ce44599f3a,621a6c59f88a44fe,Matt Hughes,86dfed7cc24a9fa7,Matt Serra,Matt Hughes,621a6c59f88a44fe
c4b6099f0d25f75e,1e87e0e4da55c92f,48d1f690b763934c,Chael Sonnen,d0c29452d3272603,Dan Miller,Chael Sonnen,48d1f690b763934c
c4b6099f0d25f75e,b4bf090eb5c57903,a6959da32f0e6b5d,Kyle Bradley,64360e618823a8e4,Phillipe Nover,Kyle Bradley,a6959da32f0e6b5d
c4b6099f0d25f75e,b9be472f456cac79,5eedbf1e9601be35,Brock Larson,f5990c11974d8e9c,Mike Pyle,Mike Pyle,f5990c11974d8e9c
c50ea21fe9ef478d,e9dfc2f009a77a8d,49d2a08964c5eb11,Nursulton Ruziboev,9508cc6184cb2450,Eric McConico,Nursulton Ruziboev,49d2a08964c5eb11
c50ea21fe9ef478d,08763e87e10b9709,cd13728ae1151f46,Ion Cutelaba,6e8f1bcdda94ff45,Ibo Aslan,Ibo Aslan,6e8f1bcdda94ff45
c50ea21fe9ef478d,b959e2c1d16ff832,056c493bbd76a918,Henry Cejudo,efb96bf3e9ada36f,Song Yadong,Song Yadong,efb96bf3e9ada36f
c50ea21fe9ef478d,c0d8a231d2f1d1af,a495f599e787614f,Alonzo Menifield,6add18754930182b,Julius Walker,Julius Walker,6add18754930182b
c50ea21fe9ef478d,3ded9bfdfb75f39b,8fd808923cffff82,Andre Fili,20bccc9bb4ceb23e,Melquizael Costa,Melquizael Costa,20bccc9bb4ceb23e
c50ea21fe9ef478d,0cdca4c22b8d3ab5,2f181c0467965b98,Brendan Allen,093e1f5bb73850be,Anthony Hernandez,Anthony Hernandez,093e1f5bb73850be
c50ea21fe9ef478d,8ef7723b6a8b45e1,52ef95b5860fb28c,Jean Silva,a52bc1e62cf0b7c6,Melsik Baghdasaryan,Jean Silva,52ef95b5860fb28c
c50ea21fe9ef478d,615f7f894bafad82,0f1efce7d2571d10,Nikolay Veretennikov,32c3ee378671a5d9,Austin Vanderford,Austin Vanderford,32c3ee378671a5d9
c50ea21fe9ef478d,bc6d70ab959dce70,5987b2458f4b5290,Ricky Simon,bbab3baf66128ae2,Javid Basharat,Ricky Simon,5987b2458f4b5290
c50ea21fe9ef478d,19c8092496e94b85,05339613bf8e9808,Rob Font,ffd3224638c01b57,Jean Matsumoto,Rob Font,05339613bf8e9808
c50ea21fe9ef478d,e011819e721c4a2a,841695e02c99a521,Mansur Abdul-Malik,7eaa5e31c2dd86aa,Nick Klein,Mansur Abdul-Malik,841695e02c99a521
c50ea21fe9ef478d,b6475543ab6d20c9,476fe566d2df676e,Modestas Bukauskas,09a4447655fd4b7b,Rafael Cerqueira,Modestas Bukauskas,476fe566d2df676e
c61f66d8c3fd5f07,6cd107e2f5886b25,0aa92558424ced9e,Randy Couture,2f732dd9210d301f,Tito Ortiz,Randy Couture,0aa92558424ced9e
c61f66d8c3fd5f07,10976fbb37d41c43,e0ec3c3b6b611f7e,Hermes Franca,eb1723480fa2f96c,Caol Uno,Hermes Franca,e0ec3c3b6b611f7e
c61f66d8c3fd5f07,ac6fd4c78f0e3198,cb46dface0e28a2c,Jorge Rivera,22e47b53e4ceb27c,David Loiseau,Jorge Rivera,cb46dface0e28a2c
c61f66d8c3fd5f07,fdb4ea9783c4452a,3738e68d2261e60f,Andrei Arlovski,ccdd90bd1fc7dab6,Vladimir Matyushenko,Andrei Arlovski,3738e68d2261e60f
c670aa48827d6be6,d5a0e8c67ed8abe0,029880cdbf5ca089,Sean Sherk,20205040232ed0f3,Tyson Griffin,Sean Sherk,029880cdbf5ca089
c670aa48827d6be6,27868eac1d141498,7d96bc577e5178b2,Gray Maynard,7d21de9c6d7c98b2,Rich Clementi,Gray Maynard,7d96bc577e5178b2
c670aa48827d6be6,64da1f4774624b72,31ee470ef5dc8d7f,Thiago Alves,dd37fd509af89f15,Josh Koscheck,Thiago Alves,31ee470ef5dc8d7f
c670aa48827d6be6,2281dea0c5903a2f,1f454354805b6f75,Anderson Silva,9fa3bd637edd9aa2,Patrick Cote,Anderson Silva,1f454354805b6f75
c670aa48827d6be6,80fd1902547e0744,f34312c2ccfa0e00,Spencer Fisher,9f1641c08cf8fbe2,Shannon Gugerty,Shannon Gugerty,9f1641c08cf8fbe2
c670aa48827d6be6,3feb2a8de9cf37da,cfb65863d5099327,Thales Leites,1fd4fbdcc67de844,Drew McFedries,Thales Leites,cfb65863d5099327
c670aa48827d6be6,cfbeeffd65101ae1,0359313549d230a1,Pete Sell,6da99156486ed6c2,Joshua Burkman,Joshua Burkman,6da99156486ed6c2
c670aa48827d6be6,854c64fe481e65ee,e0ec3c3b6b611f7e,Hermes Franca,04643fd03d9159cc,Marcus Aurelio,Hermes Franca,e0ec3c3b6b611f7e
c670aa48827d6be6,af4cbb9072814a86,63def5a5662a6917,Junior Dos Santos,492b202d2064e7a9,Fabricio Werdum,Junior Dos Santos,63def5a5662a6917
c6a33ff198aaaeeb,b0958ed411ae9675,e5c9de15bb58b1c6,Evan Dunham,04643fd03d9159cc,Marcus Aurelio,Evan Dunham,e5c9de15bb58b1c6
c6a33ff198aaaeeb,fd292c2a587bb2f5,179f1948dc234f1f,Mark Munoz,f8fe2053d73d7bcf,Nick Catone,Mark Munoz,179f1948dc234f1f
c6a33ff198aaaeeb,fa0d393a452c0809,bda04c573563cc2e,Todd Duffee,219a254e15d60135,Tim Hague,Todd Duffee,bda04c573563cc2e
c6a33ff198aaaeeb,6ae10aa4c6dc986d,353de740bb6c7e75,Mike Russow,75f871836d41f90f,Justin McCully,Mike Russow,353de740bb6c7e75
c6a33ff198aaaeeb,2711e57bbef4d928,d5f820c11a121050,Aaron Simpson,06f36cf4bd97ec77,Ed Herman,Aaron Simpson,d5f820c11a121050
c6a33ff198aaaeeb,4d3297af1b7889ba,270b89c00ef0c55c,Gabriel Gonzaga,df05aa15b2d66f57,Chris Tuchscherer,Gabriel Gonzaga,270b89c00ef0c55c
c6a33ff198aaaeeb,3445246f8e3eba24,a8e6a69796280f17,Nate Marquardt,427b5953ac8e3a27,Demian Maia,Demian Maia,427b5953ac8e3a27
c6a33ff198aaaeeb,2a23f787fff1d837,ee9d73f4fee9cbdd,Antonio Rodrigo Nogueira,0aa92558424ced9e,Randy Couture,Antonio Rodrigo Nogueira,ee9d73f4fee9cbdd
c6a33ff198aaaeeb,6d32a829217cf2fa,fa315e6c77eee106,Brandon Vera,59583ff832fe9d68,Krzysztof Soszynski,Brandon Vera,fa315e6c77eee106
c6a33ff198aaaeeb,39f07708af6ecfc7,2924886ee9c4c527,Thiago Silva,b9d0fd83bb8a147a,Keith Jardine,Thiago Silva,2924886ee9c4c527
c6becb722706c7d8,d0dc419dc7acb7e2,4f732e58ed907eff,Ross Pearson,a8283a4f415e1eb9,Francisco Trinaldo,Francisco Trinaldo,a8283a4f415e1eb9
c6becb722706c7d8,c4938baf92d2dc31,c849740a3ff51931,TJ Dillashaw,10f3ba6cd2f44a97,Dominick Cruz,Dominick Cruz,10f3ba6cd2f44a97
c6becb722706c7d8,3ce6f9eb59a1e149,cbb682f5fcc44bfc,Anthony Pettis,33a331684283900f,Eddie Alvarez,Anthony Pettis,cbb682f5fcc44bfc
c6becb722706c7d8,f8ad660497e49187,c80095f6092271a7,Tim Boetsch,06f36cf4bd97ec77,Ed Herman,Tim Boetsch,c80095f6092271a7
c6becb722706c7d8,762de3b0b32ba937,3236bf606fe9fa5b,Travis Browne,ba280572acfba13f,Matt Mitrione,Matt Mitrione,ba280572acfba13f
c6becb722706c7d8,cdf048ec9b917cfa,4a1329cc8eb0928a,Maximo Blanco,96428b9e9bd048ea,Luke Sanders,Luke Sanders,96428b9e9bd048ea
c6becb722706c7d8,2e0493171c4ee80f,e9a3aeb207578eea,Ilir Latifi,cb52f9490c2dc069,Sean O'Connell,Ilir Latifi,e9a3aeb207578eea
c6becb722706c7d8,18cdc16fc7ab7ce1,05339613bf8e9808,Rob Font,0778f94eb5d588a5,Joey Gomez,Rob Font,05339613bf8e9808
c6becb722706c7d8,52abce3a11b43b1d,e5010b1b94ca5755,Paul Felder,5f99b2bafb10305f,Daron Cruickshank,Paul Felder,e5010b1b94ca5755
c6becb722706c7d8,5afd44d1e567d2e8,40093d1d2d78394e,Charles Rosa,c5af5750e8bae4f0,Kyle Bochniak,Charles Rosa,40093d1d2d78394e
c6becb722706c7d8,649b2db3709b07fe,b69f24c500d783e7,Francimar Barroso,28c55b4087a6f136,Elvis Mutapcic,Francimar Barroso,b69f24c500d783e7
c6becb722706c7d8,a7adbceeff234b61,9fa3bd637edd9aa2,Patrick Cote,484acc7b0f856ce9,Ben Saunders,Patrick Cote,9fa3bd637edd9aa2
c6da1c24fe473418,6463a48c9347a9f3,4417980b3e798abf,Reuben Duran,f95381efb3051d81,Hugo Viana,Hugo Viana,f95381efb3051d81
c6da1c24fe473418,e88c59ad88e9dc27,029eaff01e6bb8f0,Dustin Poirier,b0a6124751a56bc4,Jonathan Brookins,Dustin Poirier,029eaff01e6bb8f0
c6da1c24fe473418,12d17a837caeae63,c77a953488e5607d,Vinc Pichel,9b7694d064a8a0ad,Rustam Khabilov,Rustam Khabilov,9b7694d064a8a0ad
c6da1c24fe473418,b43c83505edcd8fa,edad57b3dddf2168,Jared Papazian,c96d9178c9ed9e62,Tim Elliott,Tim Elliott,c96d9178c9ed9e62
c6da1c24fe473418,1d20bba4aca5f81a,f5990c11974d8e9c,Mike Pyle,19a8cce18a1cef9e,James Head,Mike Pyle,f5990c11974d8e9c
c6da1c24fe473418,99c12cc04b4261bf,2e25c1d983c26311,Colton Smith,3c921b1a30fdcbdd,Mike Ricci,Mike Ricci,3c921b1a30fdcbdd
c6da1c24fe473418,5bcc7204a43cf34e,3f7c14c7eca7195d,Roy Nelson,ba280572acfba13f,Matt Mitrione,Matt Mitrione,ba280572acfba13f
c6da1c24fe473418,6b83234360b3ca62,8f2939f5fd9cca1e,TJ Waldburger,f8fe2053d73d7bcf,Nick Catone,TJ Waldburger,8f2939f5fd9cca1e
c6e6926a81adcd00,bab948352454f302,d43a048a880efdff,Chris Leben,b1a3e0aca758b322,Derek Brunson,Derek Brunson,b1a3e0aca758b322
c6e6926a81adcd00,526790a5b3c4b5a2,c80095f6092271a7,Tim Boetsch,05560764359161e4,Constantinos Philippou,Constantinos Philippou,05560764359161e4
c6e6926a81adcd00,23cdc3ef525ba8e4,acff437707625fc7,Yushin Okami,4130a743d9d22163,Alan Belcher,Yushin Okami,acff437707625fc7
c6e6926a81adcd00,fc9ec3a01d0129b6,b2e3aca4cd363477,Chris Cariaso,92437c6775b3f7d1,John Moraga,John Moraga,92437c6775b3f7d1
c6e6926a81adcd00,a551d93167533459,917e53fa0adea0d3,Leonard Garcia,150ff4cc642270b9,Max Holloway,Max Holloway,150ff4cc642270b9
c6e6926a81adcd00,85f67de8e9dc5689,511e82663651438d,Michael Johnson,08e908ed6d18d6a0,Myles Jury,Myles Jury,08e908ed6d18d6a0
c6e6926a81adcd00,5d7a720a2e2f4749,d1941565abf50b16,Jim Miller,3bad7ef643840f67,Joe Lauzon,Jim Miller,d1941565abf50b16
c6e6926a81adcd00,5a65ffe3842ce2f2,c945adc22c2bfe8f,Brad Pickett,fc9a9559a05f2704,Eddie Wineland,Eddie Wineland,fc9a9559a05f2704
c6e6926a81adcd00,84500d5c1aba97a2,6ef65b6a152e49d5,Philip De Fries,bda04c573563cc2e,Todd Duffee,Todd Duffee,bda04c573563cc2e
c6e6926a81adcd00,02a373f6503b3530,63def5a5662a6917,Junior Dos Santos,0ff11cc094e887bc,Cain Velasquez,Cain Velasquez,0ff11cc094e887bc
c6e6926a81adcd00,0d4927585d0480fc,ccd1299e0345e0ce,Melvin Guillard,a54fc2d6fc224dc3,Jamie Varner,Melvin Guillard,ccd1299e0345e0ce
c75b99887c8c3f5a,970c2beda72908c6,44260175069b6276,Jens Pulver,8a8a84b743ae7699,Dennis Hallman,Dennis Hallman,8a8a84b743ae7699
c75b99887c8c3f5a,ea64af61ed03453f,2f732dd9210d301f,Tito Ortiz,ccdd90bd1fc7dab6,Vladimir Matyushenko,Vladimir Matyushenko,ccdd90bd1fc7dab6
c75b99887c8c3f5a,3b63f4fb24694d74,86dfed7cc24a9fa7,Matt Serra,5f04e3d58d9ce982,Yves Edwards,Yves Edwards,5f04e3d58d9ce982
c7ac79839e86ce33,d99b2abf50e9a03e,91dac5e69e28d5b5,Pannie Kianzad,9cdd2da1a9104a0b,Macy Chiasson,Pannie Kianzad,91dac5e69e28d5b5
c7ac79839e86ce33,d2ef04d5f384c05a,37c5366d18ed6c05,Roosevelt Roberts,18e8b7070228e728,Darrell Horcher,Roosevelt Roberts,37c5366d18ed6c05
c7ac79839e86ce33,0d077813b6164fe1,6a2f7c151031653d,Rafael Dos Anjos,f1b2aa7853d1ed6e,Kamaru Usman,Kamaru Usman,f1b2aa7853d1ed6e
c7ac79839e86ce33,5b2835ac76f05993,a17ad5a5048e8c3f,Darren Stewart,4144798612ef96e5,Edmen Shahbazyan,Edmen Shahbazyan,4144798612ef96e5
c7ac79839e86ce33,4e6bbc5832e55f64,814ff3018127e8fc,Ricky Glenn,cf946e03ba2e7666,Kevin Aguilar,Ricky Glenn,814ff3018127e8fc
c7ac79839e86ce33,6abf4f61a1e11d34,a78a87d8c2bbb1cb,Julija Stoliarenko,8cb78f3a6c2a08f7,Leah Letson,Leah Letson,8cb78f3a6c2a08f7
c7ac79839e86ce33,c2fd3d874f558408,a20f234df70f2182,Ji Yeon Kim,d7338bcb141abd2c,Antonina Shevchenko,Antonina Shevchenko,d7338bcb141abd2c
c7ac79839e86ce33,1785c7fb722d3007,80eacd4da0617c57,Joseph Benavidez,ab2b4ff41d6ebe0f,Alex Perez,Joseph Benavidez,80eacd4da0617c57
c7ac79839e86ce33,cc73c73e6e3412d4,ccf5dc41417e9daf,Juan Espino,78863e4a28204a6b,Justin Frazier,Juan Espino,ccf5dc41417e9daf
c7ac79839e86ce33,aa7d691fc6385acb,6bd02119599741a4,Pedro Munhoz,5ef0088c1b19beeb,Bryan Caraway,Pedro Munhoz,6bd02119599741a4
c7ac79839e86ce33,c7df07266a9597d9,4b47e71384a9522f,Tim Means,9b1e3fb4f8cbd5b7,Ricky Rainey,Tim Means,4b47e71384a9522f
c7ac79839e86ce33,e3f31cdd33b4ca92,b9f28e7045fdfce7,Raoni Barcelos,45f0cc9d18f35137,Chris Gutierrez,Raoni Barcelos,b9f28e7045fdfce7
c7e9d15cfce52f1d,2dfda46cbc17bc99,d897897060f10a3a,Rich Franklin,52cae54377b433b7,Nate Quarry,Rich Franklin,d897897060f10a3a
c7e9d15cfce52f1d,8062a7852a8b1560,621a6c59f88a44fe,Matt Hughes,d512d9f204059f57,Joe Riggs,Matt Hughes,621a6c59f88a44fe
c7e9d15cfce52f1d,388df822e50b04f8,6506c1d34da9c013,Georges St-Pierre,029880cdbf5ca089,Sean Sherk,Georges St-Pierre,6506c1d34da9c013
c7e9d15cfce52f1d,5f9d5ebe5ec28753,8d26912cd2aeb366,Jeremy Horn,f5ff7bcdcfeba3ad,Trevor Prangley,Jeremy Horn,8d26912cd2aeb366
c80095f6092271a7,e74e3c2a96fa9c55,aa1952ec0b3dd8e1,Kurt Pellegrino,7abe471b61725980,Fabricio Camoes,Kurt Pellegrino,aa1952ec0b3dd8e1
c80095f6092271a7,0ae251dd5c0b5304,8355922d564b152c,Nate Diaz,23a16ebe733e3041,Rory Markham,Nate Diaz,8355922d564b152c
c80095f6092271a7,2059fd17f2ff4e4a,d023ae89a2a4a41e,Matthew Riddle,9c669abd35b2522f,Greg Soto,Matthew Riddle,d023ae89a2a4a41e
c80095f6092271a7,4be101dd6883d9bb,b9415726dc3ec526,Rodney Wallace,23459ee7e373b98f,Jared Hamman,Jared Hamman,23459ee7e373b98f
c80095f6092271a7,103b36a1b9d98102,91186547a7f3f758,Ricardo Almeida,31123249b0bbf52e,Matt Brown,Matt Brown,31123249b0bbf52e
c80095f6092271a7,5755a68d39867abc,1ff9589f9065a9ed,Frank Mir,68dd7b3783c19f9c,Shane Carwin,Shane Carwin,68dd7b3783c19f9c
c80095f6092271a7,d89e004e3992c5a4,484acc7b0f856ce9,Ben Saunders,6f018c039b4d5d80,Jon Fitch,Jon Fitch,6f018c039b4d5d80
c80095f6092271a7,d0e4876ab954d27d,6506c1d34da9c013,Georges St-Pierre,473ce3aa581251a2,Dan Hardy,Georges St-Pierre,6506c1d34da9c013
c80095f6092271a7,3b8e793ed8151a51,d1941565abf50b16,Jim Miller,cf9d24e4bd0cf2ce,Mark Bocek,Jim Miller,d1941565abf50b16
c80095f6092271a7,828776734a528b62,8ddf9c51c5fdea75,Rousimar Palhares,679a9054e2815943,Tomasz Drwal,Tomasz Drwal,679a9054e2815943
c8a49ff2acb6f3c5,eb76a5b76a68e4c4,cdb96af67d096b1e,Alex Morono,b9437600497350f3,Joaquin Buckley,Joaquin Buckley,b9437600497350f3
c8a49ff2acb6f3c5,cc4fcfede19bc196,80d8aed0ca9b00f3,Montana De La Rosa,6fd953151d981979,JJ Aldrich,JJ Aldrich,6fd953151d981979
c8a49ff2acb6f3c5,1aa4c2fa5ffaff00,99bd51917728c25d,Grant Dawson,887961364be5ceb3,King Green,Grant Dawson,99bd51917728c25d
c8a49ff2acb6f3c5,e966de63c8e6b1d5,c1085e1701b13eca,Joe Pyfer,eae431e70064e046,Abdul Razak Alhassan,Joe Pyfer,c1085e1701b13eca
c8a49ff2acb6f3c5,b6a6ba08898f3b6a,d7c3816669784109,Karolina Kowalkiewicz,d7e40dca3ae125be,Diana Belbita,Karolina Kowalkiewicz,d7c3816669784109
c8a49ff2acb6f3c5,5ee83e03aaff5fa1,2c483cf443f38ece,Vanessa Demopoulos,e0b0cf71e0d69dd0,Kanako Murata,Kanako Murata,e0b0cf71e0d69dd0
c8a49ff2acb6f3c5,b638646fb297228d,262a7d06203657e6,Alexander Hernandez,9abc648e76c4493a,Bill Algeo,Alexander Hernandez,262a7d06203657e6
c8a49ff2acb6f3c5,eb7b0a6f06dbdb4f,6e9f40c706f91f32,Nate Maness,48812daf291a4e23,Mateus Mendonca,Nate Maness,6e9f40c706f91f32
c8a49ff2acb6f3c5,68095e551ff6bbfd,519e4fe37ce9ff75,Drew Dober,814ff3018127e8fc,Ricky Glenn,Drew Dober,519e4fe37ce9ff75
c8a49ff2acb6f3c5,df146b0592259e5d,7d420039bbfe7c1a,Aoriqileng,f6bcbd91b114ff58,Johnny Munoz,Aoriqileng,7d420039bbfe7c1a
c912f676692c353a,c300085cc08357b5,f0feeb2192937424,Angela Hill,411539901068522f,Jodie Esquibel,Angela Hill,f0feeb2192937424
c912f676692c353a,c68e57c19c82d500,85073dbd1be65ed9,Greg Hardy,75afb06215a07341,Dmitrii Smoliakov,Greg Hardy,85073dbd1be65ed9
c912f676692c353a,3286d8406eff5c85,57b10fca4f9c9a7a,Alex Oliveira,f2b6fdb20675b11c,Mike Perry,Mike Perry,f2b6fdb20675b11c
c912f676692c353a,721d870849de4a57,37c5366d18ed6c05,Roosevelt Roberts,e7f51d9f9e9259e7,Thomas Gifford,Roosevelt Roberts,37c5366d18ed6c05
c912f676692c353a,bcb697c4317f0997,c268b2cfebccf652,John Lineker,65f09bacd3957381,Cory Sandhagen,Cory Sandhagen,65f09bacd3957381
c912f676692c353a,f0ca713121289d24,7a703c565ccaa18f,Jacare Souza,0a1942069c9ad6b6,Jack Hermansson,Jack Hermansson,0a1942069c9ad6b6
c912f676692c353a,3256d907f58af95e,3738e68d2261e60f,Andrei Arlovski,441eacbe20e0e80b,Augusto Sakai,Andrei Arlovski,3738e68d2261e60f
c912f676692c353a,80e68a6453e15ab9,484acc7b0f856ce9,Ben Saunders,8abac218746e04ca,Takashi Sato,Ben Saunders,484acc7b0f856ce9
c912f676692c353a,f08ccad48500eb2b,d910665038efc639,Carla Esparza,7dda2cf308f24a02,Virna Jandiroba,Virna Jandiroba,7dda2cf308f24a02
c912f676692c353a,c2bcdcc472228768,23024fdfc966410a,Gilbert Burns,fb3e61720be4690c,Mike Davis,Mike Davis,fb3e61720be4690c
c912f676692c353a,7c13de66ce543d84,523fa774700d7d3f,Court McGee,e9213f53ddeca978,Dhiego Lima,Court McGee,523fa774700d7d3f
c912f676692c353a,3b6c18a966a2cea4,d1941565abf50b16,Jim Miller,e45cfa47f504033a,Jason Gonzalez,Jim Miller,d1941565abf50b16
c912f676692c353a,bda97d9a44a89d52,7ff97850e8c32bda,Glover Teixeira,cd13728ae1151f46,Ion Cutelaba,Glover Teixeira,7ff97850e8c32bda
c933d423ebdbbbdb,b1b66441acc5e8df,621a6c59f88a44fe,Matt Hughes,d2d37e8eeb3abc8d,Frank Trigg,Matt Hughes,621a6c59f88a44fe
c933d423ebdbbbdb,36dbc3cee586e53d,0e041d43a47d2e4b,Matt Lindland,622f015c81a9b13a,Travis Lutter,Matt Lindland,0e041d43a47d2e4b
c933d423ebdbbbdb,026e64f70e319e00,dbaaf42313af90fa,Joe Doerksen,9fa3bd637edd9aa2,Patrick Cote,Patrick Cote,9fa3bd637edd9aa2
c933d423ebdbbbdb,2ae8623ef4156105,a390eb8a9b2df298,Chuck Liddell,0aa92558424ced9e,Randy Couture,Chuck Liddell,a390eb8a9b2df298
c945adc22c2bfe8f,b3c7a5a97978d156,4b47e71384a9522f,Tim Means,33efaf2d0941cfcf,Andre Fialho,Tim Means,4b47e71384a9522f
c945adc22c2bfe8f,0732e6b6eb0a607d,4f3064faf17aa711,Tamires Vidal,60193e707634e560,Montserrat Rendon,Montserrat Rendon,60193e707634e560
c945adc22c2bfe8f,1496969c1497dc85,d4270315cbcf2569,Jacob Malkoun,f14f644d41ade29f,Cody Brundage,Jacob Malkoun,d4270315cbcf2569
c945adc22c2bfe8f,bf647be41de365e4,f626118b6da0e020,Bryan Battle,725b1abc9a39d873,AJ Fletcher,Bryan Battle,f626118b6da0e020
c945adc22c2bfe8f,23a604f460289271,c814b4c899793af6,Rafael Fiziev,72db2a14ffa73ece,Mateusz Gamrot,Mateusz Gamrot,72db2a14ffa73ece
c945adc22c2bfe8f,d8335b728604b222,cd2c4d30c6e13b47,Marina Rodriguez,eb04b9d31e938edb,Michelle Waterson-Gomez,Marina Rodriguez,cd2c4d30c6e13b47
c945adc22c2bfe8f,da1b37edb8ccd3e6,d9c6f19f958643e9,Bryce Mitchell,82a5152216251682,Dan Ige,Bryce Mitchell,d9c6f19f958643e9
c945adc22c2bfe8f,49ede01b061cfae3,da7f113b5ea39c43,Mohammed Usman,92fa1401b7927da3,Jake Collier,Mohammed Usman,da7f113b5ea39c43
c945adc22c2bfe8f,adb411b0f418ce33,43a59ce3bb40449e,Mizuki,26e3f3928b1891d9,Hannah Goldy,Mizuki,43a59ce3bb40449e
c945adc22c2bfe8f,6e1bf1b163b3aeab,1ae8f3c723aacff4,Ricardo Ramos,f1d64ae34e088832,Charles Jourdain,Ricardo Ramos,1ae8f3c723aacff4
c95fbc085e17a532,9b9ef12603e820ec,113df4fde64735c6,Davey Grant,0232cabbc30a2372,Adrian Yanez,Adrian Yanez,0232cabbc30a2372
c95fbc085e17a532,50bf4bb2f8d9aba4,c58f51dedb310998,Michael Chiesa,45f7cb591c3ab00b,Sean Brady,Sean Brady,45f7cb591c3ab00b
c95fbc085e17a532,1cd8f5a107f64e39,94527830000ab715,Rani Yahya,a7897d200692ab64,Kyung Ho Kang,Rani Yahya,94527830000ab715
c95fbc085e17a532,fd60e75303622e5e,e132d47bd9efbbe0,Rafa Garcia,a29db9cd4f9ccea5,Natan Levy,Rafa Garcia,e132d47bd9efbbe0
c95fbc085e17a532,450534f9fb9b13cd,4e30e4250cb08b61,Loma Lookboonmee,8e5d953bdb9ae5e7,Loopy Godinez,Loopy Godinez,8e5d953bdb9ae5e7
c95fbc085e17a532,f592f168f3b8b807,b8bbdeff718dbb7d,Pat Sabatini,7832f2f62f04178f,Tucker Lutz,Pat Sabatini,b8bbdeff718dbb7d
c95fbc085e17a532,84c68c4c387d2e32,7f6ed67d3ed3c036,Cody Durden,7d420039bbfe7c1a,Aoriqileng,Cody Durden,7f6ed67d3ed3c036
c95fbc085e17a532,1ff89e2a9cc2f2d2,0a73acff6325c1e2,Shayilan Nuerdanbieke,bd5403efbaa445c0,Sean Soriano,Shayilan Nuerdanbieke,0a73acff6325c1e2
c95fbc085e17a532,8dd086e2e70144fd,a3a542074109b347,Luana Pinheiro,e94085e821bd81de,Sam Hughes,Sam Hughes,e94085e821bd81de
c95fbc085e17a532,18f19b1422e8154b,b9706f80d005036c,Ketlen Vieira,b96619b3acd7d9da,Miesha Tate,Ketlen Vieira,b9706f80d005036c
c95fbc085e17a532,bb15c0a2911043bd,12f91bfa8f1f723b,Joanne Wood,f7467152fd9f18a2,Taila Santos,Taila Santos,f7467152fd9f18a2
c9885b1b7c7055a0,3352c65f3f6d9b2a,6b453bc35a823c3f,Jack Della Maddalena,f4d92416da98804b,Bassil Hafez,Jack Della Maddalena,6b453bc35a823c3f
c9885b1b7c7055a0,8362b372adb2f302,7832f2f62f04178f,Tucker Lutz,a52bc1e62cf0b7c6,Melsik Baghdasaryan,Melsik Baghdasaryan,a52bc1e62cf0b7c6
c9885b1b7c7055a0,6adfe44b110c1510,6b7c7460855dbbb9,Albert Duraev,285ae0b4a68221f4,JunYong Park,JunYong Park,285ae0b4a68221f4
c9885b1b7c7055a0,eb30c9c975e15436,6c9b66b43663f2f7,Viktoriia Dudakova,efc67b07eed39794,Istela Nunes,Viktoriia Dudakova,6c9b66b43663f2f7
c9885b1b7c7055a0,b4cc389bb4af3707,305d73ede05e31ad,Austin Lingo,20bccc9bb4ceb23e,Melquizael Costa,Melquizael Costa,20bccc9bb4ceb23e
c9885b1b7c7055a0,3624f4ae9c1d703e,d9a56ecb6e94f02e,Evan Elder,cda1099995b46cc2,Genaro Valdez,Evan Elder,d9a56ecb6e94f02e
c9885b1b7c7055a0,dae80502466c8726,6e00cfffd54653c4,Tyson Nam,7f1bf0c255ec8756,Azat Maksum,Tyson Nam,6e00cfffd54653c4
c9885b1b7c7055a0,57785c9be5b4526d,f8f1ec513bcfef43,Alexander Munoz,914a897455693650,Carl Deaton,Alexander Munoz,f8f1ec513bcfef43
c9885b1b7c7055a0,cae7de0873e03947,fc6e681bf6658faf,Ashlee Evans-Smith,06e4245d16fc5315,Ailin Perez,Ailin Perez,06e4245d16fc5315
c9885b1b7c7055a0,81b7a6aa147bd912,d3f5d33d61cd00c9,Norma Dumont,af9efbfd63d39734,Chelsea Chandler,Norma Dumont,d3f5d33d61cd00c9
c9885b1b7c7055a0,b52dccbe69864d2a,ee18ff42063174df,Ottman Azaitar,3920d0cc288f9b0d,Francisco Prado,Francisco Prado,3920d0cc288f9b0d
c9885b1b7c7055a0,e4620f3fa451a3a4,ff62013d2fce6d13,Nazim Sadykhov,809bd1a871491508,Terrance McKinney,Nazim Sadykhov,ff62013d2fce6d13
ca936c67687789e9,a3cd6a65aaa9f104,4d8fa64202cee4c1,Jalin Turner,e4a47b07044ddd72,Ignacio Bahamondes,Ignacio Bahamondes,e4a47b07044ddd72
ca936c67687789e9,96c2f85b46e98e91,312f7d7b2b2f7de4,Djorden Santos,6967153c7edb4d87,Ozzy Diaz,Djorden Santos,312f7d7b2b2f7de4
ca936c67687789e9,79f1c9f97d83ec83,3df5493bb279226f,Amanda Lemos,abcf2cc6efc42031,Iasmin Lucindo,Amanda Lemos,3df5493bb279226f
ca936c67687789e9,a2f31cf3a28a7730,9e8f6c728eb01124,Justin Gaethje,c814b4c899793af6,Rafael Fiziev,Justin Gaethje,9e8f6c728eb01124
ca936c67687789e9,231968c02cdfe65e,887961364be5ceb3,King Green,9c393e836a852f30,Mauricio Ruffy,Mauricio Ruffy,9c393e836a852f30
ca936c67687789e9,af3e43049bc86fe9,17e97649403ba428,Joshua Van,2f43a3e82661fa99,Rei Tsuruya,Joshua Van,17e97649403ba428
ca936c67687789e9,e61cb905f6152183,1e719d4b676dc19a,Brunno Ferreira,369ea36e450ae62a,Armen Petrosyan,Brunno Ferreira,1e719d4b676dc19a
ca936c67687789e9,cab4937435d081d0,cdb96af67d096b1e,Alex Morono,28d421729451c8ca,Carlos Leal,Alex Morono,cdb96af67d096b1e
ca936c67687789e9,19fe7177254802d1,480779d7f9a424d3,Mairon Santos,5d495dec23d7c68e,Francis Marshall,Mairon Santos,480779d7f9a424d3
ca936c67687789e9,9e05fe95a4fc63bc,e5549c82bfb5582d,Alex Pereira,d802174b0c0c1f4e,Magomed Ankalaev,Magomed Ankalaev,d802174b0c0c1f4e
caced97768818230,344bfe9c1ff511bb,a845f0735bc67405,Jake Matthews,fcce75a25c14a804,Bojan Velickovic,Jake Matthews,a845f0735bc67405
caced97768818230,2060e8172f820d80,907e60fd13407e1e,Bec Rawlings,6c8072b61c276e67,Jessica-Rose Clark,Jessica-Rose Clark,6c8072b61c276e67
caced97768818230,569e2c02f7699c0d,34f88592c0ab7a54,Elias Theodorou,bdcbb976816fd256,Daniel Kelly,Elias Theodorou,34f88592c0ab7a54
caced97768818230,b90a5b9061ec54a5,20999e27ddd94bda,Ryan Benoit,e9bc5748e6a76bb6,Ashkan Mokhtarian,Ryan Benoit,20999e27ddd94bda
caced97768818230,097bc98e15722998,e1248941344b3288,Alexander Volkanovski,4cd8b03aee1d0138,Shane Young,Alexander Volkanovski,e1248941344b3288
caced97768818230,823797bc6d532b52,d024ed963e8bf7ea,Damien Brown,764342d39cdaa54a,Frank Camacho,Frank Camacho,764342d39cdaa54a
caced97768818230,23b6ffc0223f8cce,26b63bc5c0c1f65d,Alex Chambers,6e7506127408aa9e,Nadia Kassem,Nadia Kassem,6e7506127408aa9e
caced97768818230,51ec53f442d2cc9b,c727c7d31c50c4cf,Anthony Hamilton,efa1f6b42c86793c,Adam Wieczorek,Adam Wieczorek,efa1f6b42c86793c
caced97768818230,c06eaf92bdfde8e6,ec664422b22d9787,Jenel Lausa,a0c64f272b65d441,Eric Shelton,Eric Shelton,a0c64f272b65d441
caced97768818230,6971094300073d47,d1528ac5675558b1,Rashad Coulter,c62fbc117d57b943,Tai Tuivasa,Tai Tuivasa,c62fbc117d57b943
caced97768818230,5ebe8d3849273776,4b47e71384a9522f,Tim Means,b1b0729d27936f2f,Belal Muhammad,Belal Muhammad,b1b0729d27936f2f
caced97768818230,4b0aa5c67e69ce74,492b202d2064e7a9,Fabricio Werdum,c9cf753cfdf77fc2,Marcin Tybura,Marcin Tybura,c9cf753cfdf77fc2
caced97768818230,fd2c018aade60a14,6fb1ba67bef41b37,Nik Lentz,b6e6c3b1dcaae0a1,Will Brooks,Nik Lentz,6fb1ba67bef41b37
cb6783c39c01d896,fcf3b0d21df10f56,d897897060f10a3a,Rich Franklin,a1f6999fe57236e0,Wanderlei Silva,Rich Franklin,d897897060f10a3a
cb6783c39c01d896,cfacff39c9f3b2f9,f34312c2ccfa0e00,Spencer Fisher,eb1723480fa2f96c,Caol Uno,Spencer Fisher,f34312c2ccfa0e00
cb6783c39c01d896,09e7db36cd72bf61,0ff11cc094e887bc,Cain Velasquez,1eacf73d6a0055dc,Cheick Kongo,Cain Velasquez,0ff11cc094e887bc
cb6783c39c01d896,83314e1ed6f7d94e,9b74de674c355425,Paul Taylor,1fcfc3709fe58151,Peter Sobotta,Peter Sobotta,1fcfc3709fe58151
cb6783c39c01d896,11ca5d09db47708b,473ce3aa581251a2,Dan Hardy,b7d524c77c27389b,Marcus Davis,Marcus Davis,b7d524c77c27389b
cb6783c39c01d896,bb0794053766a866,5f87a5c00b3d17ed,Dennis Siver,058e4e08a1ad8aba,Dale Hartt,Dennis Siver,5f87a5c00b3d17ed
cb6783c39c01d896,3b44d0179f94726c,c32fb8c0f6471a4d,Mirko Filipovic,1cf1310684a841f5,Mostapha Al-Turk,Mirko Filipovic,c32fb8c0f6471a4d
cb6783c39c01d896,df28f8cb5a12ec8e,9fe85152f351e737,Mike Swick,484acc7b0f856ce9,Ben Saunders,Mike Swick,9fe85152f351e737
cb6783c39c01d896,0d09e95e85efad69,33011768c3c4dc9a,Terry Etim,231926533134ec1f,Justin Buchholz,Terry Etim,33011768c3c4dc9a
cb6783c39c01d896,f25d324841223f26,28f3c2258a1d8874,John Hathaway,5b5307450405abf0,Rick Story,Rick Story,5b5307450405abf0
cb6783c39c01d896,cd45a78028039f53,aac5ac38148f0528,Paul Kelly,37b1696e6d115957,Rolando Delgado,Paul Kelly,aac5ac38148f0528
cba3a2dfbc06ce79,8afe89f5c451b372,feedf3053472fe56,Charles Radtke,7ee0fd831c0fe7c3,Carlos Prates,Carlos Prates,7ee0fd831c0fe7c3
cba3a2dfbc06ce79,a91fdb21a7ff52e5,05fa626cb33d15b8,Andrea Lee,80d8aed0ca9b00f3,Montana De La Rosa,Montana De La Rosa,80d8aed0ca9b00f3
cba3a2dfbc06ce79,e976815e397c40e1,5fa2974cbd18e05c,John Castaneda,850266b3dc4e506e,Daniel Marcos,Daniel Marcos,850266b3dc4e506e
cba3a2dfbc06ce79,4c0adccb34c1d995,7b433309b0fd12aa,Brad Katona,a75a48bfe776b2c2,Jesse Butler,Brad Katona,7b433309b0fd12aa
cba3a2dfbc06ce79,2d12ae4683bbf433,2e19380f34871c6a,Dominick Reyes,e4277e87a789d687,Dustin Jacoby,Dominick Reyes,2e19380f34871c6a
cba3a2dfbc06ce79,b34abcfe4c2e8a57,fe2babf95de24fb1,Raul Rosas Jr.,cd3d7e37ff2d679c,Ricky Turcios,Raul Rosas Jr.,fe2babf95de24fb1
cba3a2dfbc06ce79,052f53e006b28132,13a0275fa13c4d26,Jared Cannonier,881bf86d4cba8578,Nassourdine Imavov,Nassourdine Imavov,881bf86d4cba8578
cba3a2dfbc06ce79,3b12094dd48c2dc5,d0e1b42d41dab603,Julian Marquez,23dec7c47cb418f8,Zachary Reese,Zachary Reese,23dec7c47cb418f8
cba3a2dfbc06ce79,251983e1bdae20fe,d945aae53e3e54e6,Thiago Moises,5b86d491d63890c5,Ludovit Klein,Ludovit Klein,5b86d491d63890c5
cba3a2dfbc06ce79,393f9bc7b51791a6,82d4c957649faf9b,Miguel Baeza,64facb6cc564262d,Punahele Soriano,Punahele Soriano,64facb6cc564262d
cba3a2dfbc06ce79,b20640f9b2634de1,02bb48869eb7ac8f,Rayanne dos Santos,19f8a2f6eecd92ac,Puja Tomar,Puja Tomar,19f8a2f6eecd92ac
cba3a2dfbc06ce79,790a8cd528233e50,de594b35c45c2e9a,Eduarda Moura,cffb87059e645bd1,Denise Gomes,Denise Gomes,cffb87059e645bd1
cba3a2dfbc06ce79,753735b48b1c20b9,bf7ad5628363eec9,Cody Stamann,8b1ed83b02303075,Taylor Lapilus,Taylor Lapilus,8b1ed83b02303075
cba3a2dfbc06ce79,dcc0c53100fa1dd2,1e719d4b676dc19a,Brunno Ferreira,71505842fb6455c3,Dustin Stoltzfus,Brunno Ferreira,1e719d4b676dc19a
cbb682f5fcc44bfc,bb42336d6417914c,d3df1add9d9a7efb,Derrick Lewis,c62fbc117d57b943,Tai Tuivasa,Derrick Lewis,d3df1add9d9a7efb
cbb682f5fcc44bfc,388adad23aaa9d39,887961364be5ceb3,King Green,b7b84ccd221be298,Nasrat Haqparast,Nasrat Haqparast,b7b84ccd221be298
cbb682f5fcc44bfc,18a1617ee7356352,13a0275fa13c4d26,Jared Cannonier,b1a3e0aca758b322,Derek Brunson,Derek Brunson,b1a3e0aca758b322
cbb682f5fcc44bfc,81c22cfa22002ea4,3738e68d2261e60f,Andrei Arlovski,2b68d9f125d07b42,Jared Vanderaa,Andrei Arlovski,3738e68d2261e60f
cbb682f5fcc44bfc,ca8f73d038c4d6e7,1338e2c7480bdf9e,Israel Adesanya,e1147d3d2dabe1ce,Robert Whittaker,Israel Adesanya,1338e2c7480bdf9e
cbb682f5fcc44bfc,238832b58a66ae07,262a7d06203657e6,Alexander Hernandez,b6452706b373eea1,Renato Moicano,Renato Moicano,b6452706b373eea1
cbb682f5fcc44bfc,b1e048825b5bbe1c,4498b382c65a7faa,Roxanne Modafferi,04835018f90b118c,Casey O'Neill,Casey O'Neill,04835018f90b118c
cbb682f5fcc44bfc,6708f3a32861038a,5da33b8fbfa5ee95,William Knight,950d0ef5c17157c5,Maxim Grishin,Maxim Grishin,950d0ef5c17157c5
cbb682f5fcc44bfc,c16bda7548181613,009c4420727149ea,AJ Dobson,d4270315cbcf2569,Jacob Malkoun,Jacob Malkoun,d4270315cbcf2569
cbb682f5fcc44bfc,a0ba726da4a50458,60425d07ef4b91a7,Kyler Phillips,2804ce8dadab5770,Marcelo Rojo,Kyler Phillips,60425d07ef4b91a7
cbb682f5fcc44bfc,821bef3a3394dd96,3a314d9fa7c6825d,Douglas Silva de Andrade,2f6a993c7f547c13,Sergey Morozov,Douglas Silva de Andrade,3a314d9fa7c6825d
cbb682f5fcc44bfc,3bebd99d5f94bec7,9014c02eff8b3d62,Carlos Ulberg,78a68f1dade6aaf7,Fabio Cherant,Carlos Ulberg,9014c02eff8b3d62
cbb682f5fcc44bfc,507080ccded73591,d66a46de8d705353,Jeremiah Wells,9edf2c9082cc2cd8,Blood Diamond,Jeremiah Wells,d66a46de8d705353
cbb682f5fcc44bfc,19e742ccaa09cf08,c0386644627a7ee5,Mana Martinez,e7e01e266a9d4342,Ronnie Lawrence,Ronnie Lawrence,e7e01e266a9d4342
cbc071cb20ea59c7,c53cb796b4a4cdb8,fbf0537e420e698e,Daniel Teymur,6e0e977beb909837,Sung Bin Jo,Sung Bin Jo,6e0e977beb909837
cbc071cb20ea59c7,4f9939af9a1d40a3,3c6976f8182d9527,Alexander Gustafsson,d4c9dcd330403612,Anthony Smith,Alexander Gustafsson,3c6976f8182d9527
cbc071cb20ea59c7,2ca4a039c07acd38,87a1dc546b1c5caf,Makwan Amirkhani,bebb4ae55ac2bf6f,Chris Fishgold,Makwan Amirkhani,87a1dc546b1c5caf
cbc071cb20ea59c7,138c8807fef52564,1e1dbd1cc5a7469e,Jimi Manuwa,333b9e5c723ac873,Aleksandar Rakic,Aleksandar Rakic,333b9e5c723ac873
cbc071cb20ea59c7,f993be991eea6016,b12a1d19ee383b7c,Tonya Evinger,2eeaefbfc7f9fcff,Lina Lansberg,Lina Lansberg,2eeaefbfc7f9fcff
cbc071cb20ea59c7,93330422e1f2e0be,1fc64507a0cb38cf,Rostem Akman,90da09db03e41748,Sergey Khandozhko,Sergey Khandozhko,90da09db03e41748
cbc071cb20ea59c7,a5acaa5f693529dd,38c626ca912c7bac,Damir Hadzovic,de45aaae23dfa392,Christos Giagos,Christos Giagos,de45aaae23dfa392
cbc071cb20ea59c7,e1bd72aba46f46a1,31a13532e724ca2b,Stevie Ray,9c65736747ca92ec,Leonardo Santos,Leonardo Santos,9c65736747ca92ec
cbc071cb20ea59c7,fedb6a1b15b05694,2816ced060a21be3,Nick Hein,764342d39cdaa54a,Frank Camacho,Nick Hein,2816ced060a21be3
cbc071cb20ea59c7,b58972ad7dcf65e6,b60c980f79b87ce8,Bea Malecki,d6ead04919a894b1,Duda Santana,Duda Santana,d6ead04919a894b1
cbc071cb20ea59c7,a072481f307dc8aa,025f0b1b58fbad01,Darko Stosic,cc7040fe76f0ef91,Devin Clark,Devin Clark,cc7040fe76f0ef91
cbc071cb20ea59c7,a4e210bcdcc1bf5b,58bbef3770bb2dfc,Joel Alvarez,c3f6db17cea09ca7,Danilo Belluardo,Joel Alvarez,58bbef3770bb2dfc
cc2ad11b1f9d818b,e5a88f5c686173c4,bb2c3c3a466224af,Lone'er Kavanagh,5cdf5339728f580d,Felipe dos Santos,Lone'er Kavanagh,bb2c3c3a466224af
cc2ad11b1f9d818b,8e6640c007ad603d,6d38e41efa47a72d,Jordan Vucenic,fd406a32a6fb3a29,Chris Duncan,Chris Duncan,fd406a32a6fb3a29
cc2ad11b1f9d818b,96c6be6b22385967,fd55393021a8c255,Gunnar Nelson,3a46b268013afede,Kevin Holland,Kevin Holland,3a46b268013afede
cc2ad11b1f9d818b,b5b4b69bccb9ff4a,51018a31ddf31eb2,Molly McCann,545092d13c67aa49,Alexia Thainara,Molly McCann,51018a31ddf31eb2
cc2ad11b1f9d818b,2a1071689c3af9df,4c88a1db5a46c6a4,Jai Herbert,06626b6287e1ae1e,Chris Padilla,Chris Padilla,06626b6287e1ae1e
cc2ad11b1f9d818b,dd229687cb62c871,c9cf753cfdf77fc2,Marcin Tybura,0d5cc0170c1a7e71,Mick Parkin,Mick Parkin,0d5cc0170c1a7e71
cc2ad11b1f9d818b,9779eb1aae1d4654,329e403448756217,Nathaniel Wood,5b03b61f9d90125e,Morgan Charriere,Nathaniel Wood,329e403448756217
cc2ad11b1f9d818b,371ed8497799998e,f1fac969a1d70b08,Leon Edwards,45f7cb591c3ab00b,Sean Brady,Sean Brady,45f7cb591c3ab00b
cc2ad11b1f9d818b,6d9ea9f436ed354d,99df7d0a2a08a8a8,Jan Blachowicz,9014c02eff8b3d62,Carlos Ulberg,Carlos Ulberg,9014c02eff8b3d62
cc2ad11b1f9d818b,8af2b589d5e9c1ae,a93f94c923c3a9cb,Christian Leroy Duncan,22e07d3da1aa3475,Andrey Pulyaev,Christian Leroy Duncan,a93f94c923c3a9cb
cc2ad11b1f9d818b,1b02588149d126bf,a2d342ffc83913ed,Nathan Fletcher,42ac4020cba261ad,Caolan Loughran,Caolan Loughran,42ac4020cba261ad
cc2ad11b1f9d818b,265dbd9be8caa7de,7772b283d288dbe2,Guram Kutateladze,ec13c393d029297d,Kaue Fernandes,Kaue Fernandes,ec13c393d029297d
cc2ad11b1f9d818b,a693622ad8c0d672,9c442aaf149ea982,Shauna Bannon,19f8a2f6eecd92ac,Puja Tomar,Shauna Bannon,9c442aaf149ea982
cc5834a495d1ea08,2142ff2a46d22741,cfb65863d5099327,Thales Leites,0c6d9ea8306c029e,Brad Tavares,Thales Leites,cfb65863d5099327
cc5834a495d1ea08,d97970009fbfca30,67c1d46f4ed16f9e,Matt Schnell,ec71a892fada28c7,Marco Beltran,Matt Schnell,67c1d46f4ed16f9e
cc5834a495d1ea08,d042d18ad568190a,8a304bfd6bf04a57,Demetrious Johnson,a4de54ea806fb525,Ray Borg,Demetrious Johnson,8a304bfd6bf04a57
cc5834a495d1ea08,03aec9073946907f,22a92d7f62195791,Tony Ferguson,ee9ebceabfd16fa7,Kevin Lee,Tony Ferguson,22a92d7f62195791
cc5834a495d1ea08,e08479759c296bb1,e979c76341f19b22,Tom Duquesnoy,bf7ad5628363eec9,Cody Stamann,Cody Stamann,bf7ad5628363eec9
cc5834a495d1ea08,53ee6c3591483193,492b202d2064e7a9,Fabricio Werdum,03f982ca3735070c,Walt Harris,Fabricio Werdum,492b202d2064e7a9
cc5834a495d1ea08,3f5f6c576046bf77,92437c6775b3f7d1,John Moraga,87f19d19f4cb73f8,Bibulatov Magomed,Bibulatov Magomed,87f19d19f4cb73f8
ccd58ff71e260ed5,e5ac7343b6d45188,077e3ace32b72be9,CJ Vergara,65cdf4ec31143d86,Vinicius Salvador,CJ Vergara,077e3ace32b72be9
ccd58ff71e260ed5,c27e33ee8ef53866,029eaff01e6bb8f0,Dustin Poirier,9e8f6c728eb01124,Justin Gaethje,Justin Gaethje,9e8f6c728eb01124
ccd58ff71e260ed5,cbf1e76186a0c8b3,c58f51dedb310998,Michael Chiesa,3a46b268013afede,Kevin Holland,Kevin Holland,3a46b268013afede
ccd58ff71e260ed5,4327fe98e1b6f222,01641ba5df0c69b0,Gabriel Bonfim,b27a1fcb56a3035a,Trevin Giles,Gabriel Bonfim,01641ba5df0c69b0
ccd58ff71e260ed5,800a35b3a7e52308,99df7d0a2a08a8a8,Jan Blachowicz,e5549c82bfb5582d,Alex Pereira,Alex Pereira,e5549c82bfb5582d
ccd58ff71e260ed5,7a8f218c07347c88,a845f0735bc67405,Jake Matthews,65db4065e2bc107d,Darrius Flowers,Jake Matthews,a845f0735bc67405
ccd58ff71e260ed5,5116f9398bfca446,9d83f6da776ff7d6,Roman Kopylov,972c456ff38b2015,Claudio Ribeiro,Roman Kopylov,9d83f6da776ff7d6
ccd58ff71e260ed5,74fef059e229d217,f29a6350c69f4a33,Miranda Maverick,b1e5bcaad32a3cac,Priscila Cachoeira,Miranda Maverick,f29a6350c69f4a33
ccd58ff71e260ed5,3de326b65aa6245d,4aa58269d0664b5b,Matthew Semelsberger,681399317dbf4701,Uros Medic,Uros Medic,681399317dbf4701
ccd58ff71e260ed5,f1eca70738ca073e,22a92d7f62195791,Tony Ferguson,887961364be5ceb3,King Green,Tony Ferguson,22a92d7f62195791
ccd58ff71e260ed5,eff6ec2b2f1fb27b,d3df1add9d9a7efb,Derrick Lewis,ab943cd2c3c17825,Marcos Rogerio de Lima,Derrick Lewis,d3df1add9d9a7efb
cce79e827569f26e,7b1882dc76786d77,36541f1e6c5d4955,Viviane Araujo,262d32ebda89efc4,Natalia Silva,Natalia Silva,262d32ebda89efc4
cce79e827569f26e,af6d56860ba4d259,c6aee362c7a7d482,Randy Brown,447f9858ae78f921,Muslim Salikhov,Randy Brown,c6aee362c7a7d482
cce79e827569f26e,d4ace70b3661ee6c,51018a31ddf31eb2,Molly McCann,d7e40dca3ae125be,Diana Belbita,Molly McCann,51018a31ddf31eb2
cce79e827569f26e,4cff9aeef3ac75c1,40f3cb27fc7305a1,Themba Gorimbo,776d4262c4da38bf,Pete Rodriguez,Themba Gorimbo,40f3cb27fc7305a1
cce79e827569f26e,e1930496b33fa636,d008d785f6347dc2,JeongYeong Lee,5095b0920a3602aa,Blake Bilder,JeongYeong Lee,d008d785f6347dc2
cce79e827569f26e,733e675fd7c0052a,b6452706b373eea1,Renato Moicano,519e4fe37ce9ff75,Drew Dober,Renato Moicano,b6452706b373eea1
cce79e827569f26e,767ceb4a0cb43ade,327d5f279895110d,Roman Dolidze,881bf86d4cba8578,Nassourdine Imavov,Nassourdine Imavov,881bf86d4cba8578
cce79e827569f26e,ca7d61e167d7789c,7f1bf0c255ec8756,Azat Maksum,814e5233e2acf2ee,Charles Johnson,Charles Johnson,814e5233e2acf2ee
cce79e827569f26e,330d86bfaa4155fe,b12fb759e02378de,Gilbert Urbina,feedf3053472fe56,Charles Radtke,Charles Radtke,feedf3053472fe56
cce79e827569f26e,e396c509fb47b037,267f4a6568abe245,Landon Quinones,e2be0c1a9b886d92,MarQuel Mederos,MarQuel Mederos,e2be0c1a9b886d92
cce79e827569f26e,c28d40498150de90,528b071cf3da7c56,Luana Carolina,a78a87d8c2bbb1cb,Julija Stoliarenko,Luana Carolina,528b071cf3da7c56
cce79e827569f26e,df9847839c73a678,764d39074a352e33,Thomas Petersen,f41b9f5efc7162d6,Jamal Pogues,Thomas Petersen,764d39074a352e33
cd42bbe8887bba90,6c4b3cca92fcb9c7,ae7fe94f117f98cf,Joaquim Silva,66ab58d0b3783607,Andrew Holbrook,Joaquim Silva,ae7fe94f117f98cf
cd42bbe8887bba90,febbd4eb209b4579,e93b04e308913c2e,Dooho Choi,8a59d346dc976a10,Thiago Tavares,Dooho Choi,e93b04e308913c2e
cd42bbe8887bba90,b319a24919106555,a845f0735bc67405,Jake Matthews,ee9ebceabfd16fa7,Kevin Lee,Kevin Lee,ee9ebceabfd16fa7
cd42bbe8887bba90,f8b9b5ee3d4a8ac3,b08012bbe542592a,Tatiana Suarez,d4a31850a7457f1b,Amanda Cooper,Tatiana Suarez,b08012bbe542592a
cd42bbe8887bba90,6ab9d2d334f613c8,3d6749c4267da18f,Joanna Jedrzejczyk,ec34349e7dffcde7,Claudia Gadelha,Joanna Jedrzejczyk,3d6749c4267da18f
cd42bbe8887bba90,0c703bf17c04fee4,dbc17725b887860a,Cezar Ferreira,d4c9dcd330403612,Anthony Smith,Anthony Smith,d4c9dcd330403612
cd42bbe8887bba90,1299f04f429bcc0e,4f732e58ed907eff,Ross Pearson,b6e6c3b1dcaae0a1,Will Brooks,Will Brooks,b6e6c3b1dcaae0a1
cd42bbe8887bba90,9fc85aef42733a16,fccf811c1e8b01c7,Andrew Sanchez,749f572d1d3161fb,Khalil Rountree Jr.,Khalil Rountree Jr.,749f572d1d3161fb
cd42bbe8887bba90,9275134accfb1adc,92437c6775b3f7d1,John Moraga,1a31ef98efce7a79,Matheus Nicolau,Matheus Nicolau,1a31ef98efce7a79
ce47f49e5c386a9c,40a43ffdd1624bed,a17322f99ddfd8e9,Bristol Marunde,92b62174c175ce19,Clint Hester,Clint Hester,92b62174c175ce19
ce47f49e5c386a9c,b4d0659f60c8aa7c,78114b7199cef90c,Urijah Faber,0b64d0fed453ef7f,Scott Jorgensen,Urijah Faber,78114b7199cef90c
ce47f49e5c386a9c,ae0fdb792308b0f8,879f6cae48d25baa,Justin Lawrence,361d49960a196976,Daniel Pineda,Justin Lawrence,879f6cae48d25baa
ce47f49e5c386a9c,4f850f7e35d85bb8,282fa667ff9c51ed,Cole Miller,4304992c2acc187b,Bart Palaszewski,Bart Palaszewski,4304992c2acc187b
ce47f49e5c386a9c,f286aad7b3558b21,65578a75fa7900e3,Uriah Hall,8c0580d4fff106c1,Kelvin Gastelum,Kelvin Gastelum,8c0580d4fff106c1
ce47f49e5c386a9c,5067fe22dbc4baff,9deff9e3e8d94d47,Josh Samman,8d9586726252dbf7,Kevin Casey,Josh Samman,9deff9e3e8d94d47
ce47f49e5c386a9c,5ba1e6f5519074c9,3236bf606fe9fa5b,Travis Browne,270b89c00ef0c55c,Gabriel Gonzaga,Gabriel Gonzaga,270b89c00ef0c55c
ce47f49e5c386a9c,2594287e8fa31404,b96619b3acd7d9da,Miesha Tate,3ecd936bd8814108,Cat Zingano,Miesha Tate,b96619b3acd7d9da
ce47f49e5c386a9c,0a5a021cb11299bf,b8aef0faf4ce9b31,Sam Sicilia,4a1329cc8eb0928a,Maximo Blanco,Maximo Blanco,4a1329cc8eb0928a
ce783bf73b5131f9,9422b3caf780a995,2f732dd9210d301f,Tito Ortiz,9fa3bd637edd9aa2,Patrick Cote,Patrick Cote,9fa3bd637edd9aa2
ce783bf73b5131f9,dc9b52352dca15ef,622f015c81a9b13a,Travis Lutter,05866d8c3a321856,Marvin Eastman,Travis Lutter,622f015c81a9b13a
ce783bf73b5131f9,929fb67b49eaa405,8f2d9ee27f206f1f,Evan Tanner,f2925e6db404bf1d,Robbie Lawler,Robbie Lawler,f2925e6db404bf1d
ce783bf73b5131f9,b76a722dd429612e,d897897060f10a3a,Rich Franklin,cb46dface0e28a2c,Jorge Rivera,Rich Franklin,d897897060f10a3a
ce783bf73b5131f9,6f21a27075f0695c,621a6c59f88a44fe,Matt Hughes,6506c1d34da9c013,Georges St-Pierre,Georges St-Pierre,6506c1d34da9c013
ce7871949b0ed2bf,07b357090cc91c2c,37098a6e6c27fb66,Vince Morales,7478b7f959ba61f5,Elijah Smith,Elijah Smith,7478b7f959ba61f5
ce7871949b0ed2bf,68913a422f548ccc,751de04455cfaac0,Calvin Kattar,52c2ae6d2f2d2613,Youssef Zalal,Youssef Zalal,52c2ae6d2f2d2613
ce7871949b0ed2bf,58668a0736602842,86d9dbe1bfcbade7,Julia Avila,e3964ece586e0635,Jacqueline Cavalcanti,Jacqueline Cavalcanti,e3964ece586e0635
ce7871949b0ed2bf,3b2a24db4eeaeede,1a9480fc288e55d7,Don'Tale Mayes,f5779a2303ed76ec,Valter Walker,Valter Walker,f5779a2303ed76ec
ce7871949b0ed2bf,f5386c98fea7f5d4,4144798612ef96e5,Edmen Shahbazyan,a817e238b2747404,Dylan Budka,Edmen Shahbazyan,4144798612ef96e5
ce7871949b0ed2bf,2ae33fce63a75df9,83455a9d17f57dae,Rafael Estevam,c051c2e12d692b8a,Jesus Aguilar,Rafael Estevam,83455a9d17f57dae
ce7871949b0ed2bf,875b249ebe45a66b,260e9e0d4954aea6,Rodolfo Vieira,5f61780fe5e9b6d0,Andre Petroski,Andre Petroski,5f61780fe5e9b6d0
ce7871949b0ed2bf,ce1436a9b58902a7,eb393afdbe3293d5,Ismael Bonfim,ff62013d2fce6d13,Nazim Sadykhov,Nazim Sadykhov,ff62013d2fce6d13
ce7871949b0ed2bf,7b9f169016746f81,01641ba5df0c69b0,Gabriel Bonfim,2558ae2e5671e318,Khaos Williams,Gabriel Bonfim,01641ba5df0c69b0
ce7871949b0ed2bf,f4817d5cbe9be532,f0feeb2192937424,Angela Hill,8bd4200561c77a62,Ketlen Souza,Ketlen Souza,8bd4200561c77a62
ce7871949b0ed2bf,2a493f15e079a7ff,36e78278a77006d4,Connor Matthews,7d6ceff6747f2de2,Jose Delgado,Jose Delgado,7d6ceff6747f2de2
ce7871949b0ed2bf,365e2d891b98b86d,13a0275fa13c4d26,Jared Cannonier,d1c65d2cf2925ddd,Gregory Rodrigues,Gregory Rodrigues,d1c65d2cf2925ddd
cf1a88371c8cb690,751f2796809d2a6f,78114b7199cef90c,Urijah Faber,2f95a3c6d58b2aad,Iuri Alcantara,Urijah Faber,78114b7199cef90c
cf1a88371c8cb690,85ee3b5995874141,31123249b0bbf52e,Matt Brown,f5990c11974d8e9c,Mike Pyle,Matt Brown,31123249b0bbf52e
cf1a88371c8cb690,5135e078b807f9a2,7bc96507e4b38d3b,Cody Donovan,50db8711c70196cd,Ovince Saint Preux,Ovince Saint Preux,50db8711c70196cd
cf1a88371c8cb690,f12126b5c49a318a,22aa91e402d0fe1f,Ramsey Nijem,6256b2b1562cb8e1,James Vick,James Vick,6256b2b1562cb8e1
cf1a88371c8cb690,1308a39eec6f86cc,140745cbbcb023ac,Mauricio Rua,48d1f690b763934c,Chael Sonnen,Mauricio Rua,140745cbbcb023ac
cf1a88371c8cb690,a2c0f4142ba4ba75,c2e3e67b5911bfb7,Diego Brandao,361d49960a196976,Daniel Pineda,Diego Brandao,c2e3e67b5911bfb7
cf1a88371c8cb690,8e41d022b55277ae,c945adc22c2bfe8f,Brad Pickett,d0314416a7f26527,Michael McDonald,Michael McDonald,d0314416a7f26527
cf1a88371c8cb690,05dce98da0acefd8,e0b74df14f52cd15,Mike Brown,d188a3b817860ec6,Steven Siler,Steven Siler,d188a3b817860ec6
cf1a88371c8cb690,320580a92d5c2924,3bad7ef643840f67,Joe Lauzon,511e82663651438d,Michael Johnson,Michael Johnson,511e82663651438d
cf1a88371c8cb690,47dd6356ceb2eba8,65578a75fa7900e3,Uriah Hall,fc31f896cde2bc2e,John Howard,Uriah Hall,65578a75fa7900e3
cf1a88371c8cb690,eefc526e320524e6,b4ad3a06ee4d660c,Alistair Overeem,3236bf606fe9fa5b,Travis Browne,Alistair Overeem,b4ad3a06ee4d660c
cf1a88371c8cb690,5d839e4eda09d6e4,f4c49976c75c5ab2,Conor McGregor,150ff4cc642270b9,Max Holloway,Max Holloway,150ff4cc642270b9
cf1a88371c8cb690,0f74449bf6f64616,cc6f9d1e89f3449a,Manvel Gamburyan,282fa667ff9c51ed,Cole Miller,Cole Miller,282fa667ff9c51ed
cfb65863d5099327,37e2f89510cc0bba,22e47b53e4ceb27c,David Loiseau,df2bf09c99594848,Mario Miranda,Mario Miranda,df2bf09c99594848
cfb65863d5099327,e7cb3f5cb39c33e6,852454c572675334,James Wilks,1fcfc3709fe58151,Peter Sobotta,Peter Sobotta,1fcfc3709fe58151
cfb65863d5099327,72d69e969eda8679,20205040232ed0f3,Tyson Griffin,e5c9de15bb58b1c6,Evan Dunham,Evan Dunham,e5c9de15bb58b1c6
cfb65863d5099327,ab7934f39038ab27,e9e1acc96536bb4f,Ricardo Funch,56116a79e4deed06,Claude Patrick,Claude Patrick,56116a79e4deed06
cfb65863d5099327,fcac56089f65d04e,f5990c11974d8e9c,Mike Pyle,3ae10ac4df3df05c,Jesse Lennox,Mike Pyle,f5990c11974d8e9c
cfb65863d5099327,c40fd062610d4e61,86f582852a5b240a,Mac Danzig,eb29176b03dfa888,Matt Wiman,Matt Wiman,eb29176b03dfa888
cfb65863d5099327,11774c581b818e30,30a09e43f15f1d75,Paulo Thiago,8b69839f3555a67b,Martin Kampmann,Martin Kampmann,8b69839f3555a67b
cfb65863d5099327,0031c043c9f14eb8,f9f07bb5a43535ed,Carlos Condit,cbd5d3cdd862e90e,Rory MacDonald,Rory MacDonald,cbd5d3cdd862e90e
cfb65863d5099327,dd7920cac66bed25,bd58d34e39b7b12a,Ben Rothwell,d29b5c4f22c6357d,Gilbert Yvel,Ben Rothwell,bd58d34e39b7b12a
cfb65863d5099327,8c3179f0fd62af14,a390eb8a9b2df298,Chuck Liddell,d897897060f10a3a,Rich Franklin,Rich Franklin,d897897060f10a3a
cfb65863d5099327,9ae6a6f0f0730fa1,c32fb8c0f6471a4d,Mirko Filipovic,658c3465581ae46b,Pat Barry,Mirko Filipovic,c32fb8c0f6471a4d
cfbccfed4e4796fe,0bf8bb9b4ef329f9,4d5197f331c47290,Paige VanZant,907e60fd13407e1e,Bec Rawlings,Paige VanZant,4d5197f331c47290
cfbccfed4e4796fe,70ab91b37be75408,d156513a19acf856,Sam Alvey,8d9586726252dbf7,Kevin Casey,Sam Alvey,d156513a19acf856
cfbccfed4e4796fe,f19d1c8ca5660240,427b5953ac8e3a27,Demian Maia,f9f07bb5a43535ed,Carlos Condit,Demian Maia,427b5953ac8e3a27
cfbccfed4e4796fe,f8df4cb5f22656c0,f215cfbd4ba3c270,Garreth McLellan,77d7295d1b22c694,Alessio Di Chirico,Alessio Di Chirico,77d7295d1b22c694
cfbccfed4e4796fe,df33799f117000cb,be0b310a12eb80b4,Enrique Barzola,c5af5750e8bae4f0,Kyle Bochniak,Enrique Barzola,be0b310a12eb80b4
cfbccfed4e4796fe,e15b393a27c07043,3bad7ef643840f67,Joe Lauzon,d1941565abf50b16,Jim Miller,Jim Miller,d1941565abf50b16
cfbccfed4e4796fe,51d3be5e8aee5cd9,cbb682f5fcc44bfc,Anthony Pettis,07225ba28ae309b6,Charles Oliveira,Charles Oliveira,07225ba28ae309b6
cfbccfed4e4796fe,00742aea8da72a35,c03a5022f8439f2a,Chad Laprise,51e86de150ee8be6,Thibault Gouti,Chad Laprise,c03a5022f8439f2a
cfbccfed4e4796fe,c64537874352793a,784285b7ae7dd85f,Shane Campbell,1b38a2b897f6209c,Felipe Silva,Shane Campbell,784285b7ae7dd85f
d023ae89a2a4a41e,70ddd13934e6c0e9,20205040232ed0f3,Tyson Griffin,cc6f9d1e89f3449a,Manvel Gamburyan,Tyson Griffin,20205040232ed0f3
d023ae89a2a4a41e,41f186bffee2bb29,80779d7441af1b52,Christian Morecraft,ba280572acfba13f,Matt Mitrione,Matt Mitrione,ba280572acfba13f
d023ae89a2a4a41e,0212461ac95ae690,98f6da59d765ec94,Charlie Brenneman,5b5307450405abf0,Rick Story,Rick Story,5b5307450405abf0
d023ae89a2a4a41e,4d6f492092d827cf,1eacf73d6a0055dc,Cheick Kongo,658c3465581ae46b,Pat Barry,Cheick Kongo,1eacf73d6a0055dc
d023ae89a2a4a41e,4289bcb551b07bc1,79899ecf62020f6d,Joe Stevenson,be5cfd73617a5b1a,Javier Vazquez,Joe Stevenson,79899ecf62020f6d
d023ae89a2a4a41e,6cc8c21becd17ffa,22edaf53ad59a967,Daniel Roberts,210935fd21670f6d,Rich Attonito,Rich Attonito,210935fd21670f6d
d023ae89a2a4a41e,16da233dcf7fecc8,3974fa35c917af1d,Ricardo Lamas,bfc2fc38a0e20211,Matt Grice,Ricardo Lamas,3974fa35c917af1d
d023ae89a2a4a41e,5ad0a7ec5e99955b,31123249b0bbf52e,Matt Brown,fc31f896cde2bc2e,John Howard,Matt Brown,31123249b0bbf52e
d0c29452d3272603,c795c4b7beb89bee,2be6596a9db33bf5,Jason MacDonald,010986ee359fb863,John Salter,Jason MacDonald,2be6596a9db33bf5
d0c29452d3272603,e3846855a38f0bce,a26198ba5093147e,TJ Grant,0941df56f6ac954b,Johny Hendricks,Johny Hendricks,0941df56f6ac954b
d0c29452d3272603,1572dbb2433d2201,f7a7f7118d4b01b6,Lyoto Machida,140745cbbcb023ac,Mauricio Rua,Lyoto Machida,f7a7f7118d4b01b6
d0c29452d3272603,fc2badbeebf85ebf,501b07aec9b8fc2d,Sam Stout,18968f97ad34f15c,Jeremy Stephens,Jeremy Stephens,18968f97ad34f15c
d0c29452d3272603,19425b506594d5c7,27541033b97c076d,Kevin Ferguson,ba280572acfba13f,Matt Mitrione,Matt Mitrione,ba280572acfba13f
d0c29452d3272603,59f77a6ecd041dff,b7d524c77c27389b,Marcus Davis,fb1538b46877a695,Jonathan Goulet,Marcus Davis,b7d524c77c27389b
d0c29452d3272603,189d14e4e1602c48,ab8900ae1f1dfd4c,Yoshiyuki Yoshida,eaea0fc7b76525a8,Mike Guymon,Mike Guymon,eaea0fc7b76525a8
d0c29452d3272603,bb58aad30b58b1e4,dd37fd509af89f15,Josh Koscheck,23725c826c481e7f,Paul Daley,Paul Daley,23725c826c481e7f
d0c29452d3272603,d4415f08ba3e017e,46baf0f57edfa4df,Joey Beltran,219a254e15d60135,Tim Hague,Tim Hague,219a254e15d60135
d0c29452d3272603,351dccf63078a20e,4d44f37107f01b9b,Tom Lawlor,dbaaf42313af90fa,Joe Doerksen,Tom Lawlor,4d44f37107f01b9b
d0c29452d3272603,44adac5d05f7e883,9fa3bd637edd9aa2,Patrick Cote,4130a743d9d22163,Alan Belcher,Alan Belcher,4130a743d9d22163
d0d43cb9b14f231c,fe3ff5b1d9135add,63def5a5662a6917,Junior Dos Santos,787bb1f087ccff8a,Ciryl Gane,Ciryl Gane,787bb1f087ccff8a
d0d43cb9b14f231c,cb7616f92a9a4e5b,b6452706b373eea1,Renato Moicano,c814b4c899793af6,Rafael Fiziev,Rafael Fiziev,c814b4c899793af6
d0d43cb9b14f231c,27200d53ba9020b8,7447e9f28508106a,Mackenzie Dern,7dda2cf308f24a02,Virna Jandiroba,Virna Jandiroba,7dda2cf308f24a02
d0d43cb9b14f231c,b7b867eb3c3cf163,22a92d7f62195791,Tony Ferguson,07225ba28ae309b6,Charles Oliveira,Charles Oliveira,07225ba28ae309b6
d0d43cb9b14f231c,87d0b767742d3239,da816417a579a0bd,Gavin Tucker,aa171d55d4b5208f,Billy Quarantillo,Billy Quarantillo,aa171d55d4b5208f
d0d43cb9b14f231c,33d52ac2d70b8415,971246648e162f0d,Chase Hooper,d21113c9ff3788ae,Peter Barrett,Chase Hooper,971246648e162f0d
d0d43cb9b14f231c,5ddf45e816a50fac,31ef8b67e13495b3,Tecia Pennington,e94085e821bd81de,Sam Hughes,Sam Hughes,e94085e821bd81de
d0d43cb9b14f231c,4a172a5191cb8e60,3a46b268013afede,Kevin Holland,7a703c565ccaa18f,Jacare Souza,Kevin Holland,3a46b268013afede
d0d43cb9b14f231c,022bdd58cc6e571d,d247691a6c0e9034,Cub Swanson,361d49960a196976,Daniel Pineda,Cub Swanson,d247691a6c0e9034
d1152823307d7e7c,33c8395139de7551,22edaf53ad59a967,Daniel Roberts,9c669abd35b2522f,Greg Soto,Greg Soto,9c669abd35b2522f
d1152823307d7e7c,de7eec13356baebe,8355922d564b152c,Nate Diaz,9bcf8603ceb25680,Dong Hyun Kim,Dong Hyun Kim,9bcf8603ceb25680
d1152823307d7e7c,fbc7d73f7bf60b9c,1652f3213655b935,Phil Baroni,0c6d9ea8306c029e,Brad Tavares,Brad Tavares,0c6d9ea8306c029e
d1152823307d7e7c,965989097794b22b,e0b74df14f52cd15,Mike Brown,3a24769a4855040a,Diego Nunes,Diego Nunes,3a24769a4855040a
d1152823307d7e7c,f327f8e59acfab1b,c47df9303d318c67,Clay Guida,3be081c29bf734d9,Takanori Gomi,Clay Guida,c47df9303d318c67
d1152823307d7e7c,075be81e3f92c2bf,d43a048a880efdff,Chris Leben,579fcdfcabd23a7b,Brian Stann,Brian Stann,579fcdfcabd23a7b
d1152823307d7e7c,df42fd9af4740d24,18968f97ad34f15c,Jeremy Stephens,b7d524c77c27389b,Marcus Davis,Marcus Davis,b7d524c77c27389b
d1152823307d7e7c,b13e3620949300c5,029eaff01e6bb8f0,Dustin Poirier,60ba33c3f555a7a3,Josh Grispi,Dustin Poirier,029eaff01e6bb8f0
d1759b2b7be9be56,83c5a944258d2332,3bad7ef643840f67,Joe Lauzon,18968f97ad34f15c,Jeremy Stephens,Joe Lauzon,3bad7ef643840f67
d1759b2b7be9be56,0a1f2e1f9d91bc9a,aa1952ec0b3dd8e1,Kurt Pellegrino,dc0f07928009a127,Rob Emerson,Kurt Pellegrino,aa1952ec0b3dd8e1
d1759b2b7be9be56,868833557ae90877,365fee2da473b177,Anthony Johnson,9583662df31d943f,Luigi Fioravanti,Anthony Johnson,365fee2da473b177
d1759b2b7be9be56,df7f3c60c523ca55,d1a1314976c50bef,Josh Neer,86f582852a5b240a,Mac Danzig,Josh Neer,d1a1314976c50bef
d1759b2b7be9be56,c9721146eba68c2a,75e5fec9f72910ef,Gleison Tibau,7d21de9c6d7c98b2,Rich Clementi,Gleison Tibau,75e5fec9f72910ef
d181689653115b6a,aeac1209f15157ed,ed9d8ee3a4239b1c,Sage Northcutt,51e86de150ee8be6,Thibault Gouti,Sage Northcutt,ed9d8ee3a4239b1c
d181689653115b6a,d07dd6239afe1cb0,1cf7ccf64a5bf24e,Oskar Piechota,990bd63726a577f8,Tim Williams,Oskar Piechota,1cf7ccf64a5bf24e
d181689653115b6a,5edd1cd479f3919e,6da99156486ed6c2,Joshua Burkman,cdb96af67d096b1e,Alex Morono,Alex Morono,cdb96af67d096b1e
d181689653115b6a,6ae96d1de3bb0506,6256b2b1562cb8e1,James Vick,a8283a4f415e1eb9,Francisco Trinaldo,Francisco Trinaldo,a8283a4f415e1eb9
d181689653115b6a,4335683beee93652,b997be68943010fc,Geoff Neal,1999ffb5cebc314f,Brian Camozzi,Geoff Neal,b997be68943010fc
d181689653115b6a,f73dfeb48b09e6a6,d3df1add9d9a7efb,Derrick Lewis,c9cf753cfdf77fc2,Marcin Tybura,Marcin Tybura,c9cf753cfdf77fc2
d181689653115b6a,8f7a73d05387b159,1d00756835ca67c9,Donald Cerrone,813550bc53b15fb0,Yancy Medeiros,Donald Cerrone,1d00756835ca67c9
d181689653115b6a,6f981a44898fb4ff,546f8599a63c29da,Robert Sanchez,b12fc8a41e82d3a2,Joby Sanchez,Robert Sanchez,546f8599a63c29da
d181689653115b6a,a8d189f56de9b451,b93c06d09d1c4ac0,Steven Peterson,cc351e408bbb7d43,Brandon Davis,Steven Peterson,b93c06d09d1c4ac0
d181689653115b6a,07f234a488661125,7026eca45f65377b,Jared Gordon,f53d4f21d1b5f2dc,Diego Ferreira,Diego Ferreira,f53d4f21d1b5f2dc
d181689653115b6a,357a5bc5de4f545d,31ee470ef5dc8d7f,Thiago Alves,f1928a52590c5532,Curtis Millender,Thiago Alves,31ee470ef5dc8d7f
d181689653115b6a,0bfb221a0944f8e0,539ed332b3078821,Sarah Moras,3cf66c62d9069f43,Lucie Pudilova,Lucie Pudilova,3cf66c62d9069f43
d1d20e651e6cbc02,b6bd31215bd7ec1f,63def5a5662a6917,Junior Dos Santos,c62fbc117d57b943,Tai Tuivasa,Junior Dos Santos,63def5a5662a6917
d1d20e651e6cbc02,c65f4b4c0338d0c1,ac5a7400da3a9a41,Elias Garcia,853eb0dd5c0e2149,Kai Kara-France,Kai Kara-France,853eb0dd5c0e2149
d1d20e651e6cbc02,29f40d82bd128c65,70e1f8a821b72c8b,Jimmy Crute,eabf206b162b3b83,Paul Craig,Jimmy Crute,70e1f8a821b72c8b
d1d20e651e6cbc02,94dcbc64641cbb6e,65ddc8a9ac4e8531,Keita Nakamura,cbf1c7ba5408a66f,Salim Touahri,Keita Nakamura,65ddc8a9ac4e8531
d1d20e651e6cbc02,20063242f6e40d31,140745cbbcb023ac,Mauricio Rua,49e96ff8ab781589,Tyson Pedro,Mauricio Rua,140745cbbcb023ac
d1d20e651e6cbc02,73a299d44d2ef5cd,acff437707625fc7,Yushin Okami,e2ccd9a9ace60de7,Aleksei Kunchenko,Yushin Okami,acff437707625fc7
d1d20e651e6cbc02,70feb2bfc12b97d4,eef9b891edbd4604,Mark Hunt,ce1e867808ef5fce,Justin Willis,Justin Willis,ce1e867808ef5fce
d1d20e651e6cbc02,fa9ec0b8c4b3a84a,5aedf14771ca82d2,Wilson Reis,840d2c82ea68b9aa,Ben Nguyen,Wilson Reis,5aedf14771ca82d2
d1d20e651e6cbc02,44c60f91b4f7b23d,803bebcfb6d6f506,Alex Gorgees,135d124172a0bea3,Damir Ismagulov,Damir Ismagulov,135d124172a0bea3
d1d20e651e6cbc02,69279781a89c893e,35faad160d346839,Mizuto Hirota,de45aaae23dfa392,Christos Giagos,Christos Giagos,de45aaae23dfa392
d1d20e651e6cbc02,0ac4f0c1b4d021f6,192520689012c7e4,Suman Mokhtarian,94426bb170c88115,Sodiq Yusuff,Sodiq Yusuff,94426bb170c88115
d1d20e651e6cbc02,60cc0ac9ace28324,a845f0735bc67405,Jake Matthews,5331b25a60417ffb,Anthony Rocco Martin,Anthony Rocco Martin,5331b25a60417ffb
d1e6a6536ee62517,405cbbcaa79db24b,9fe85152f351e737,Mike Swick,31123249b0bbf52e,Matt Brown,Matt Brown,31123249b0bbf52e
d1e6a6536ee62517,3b1aed7d00a775c6,140745cbbcb023ac,Mauricio Rua,3c6976f8182d9527,Alexander Gustafsson,Alexander Gustafsson,3c6976f8182d9527
d1e6a6536ee62517,9caaca5748ea9086,5f04e3d58d9ce982,Yves Edwards,18968f97ad34f15c,Jeremy Stephens,Yves Edwards,5f04e3d58d9ce982
d1e6a6536ee62517,2adfc6444d1adc01,73c7cfa551289285,BJ Penn,cbd5d3cdd862e90e,Rory MacDonald,Rory MacDonald,cbd5d3cdd862e90e
d1e6a6536ee62517,b3e520f1092401c1,2f13e4020cea5b38,Raphael Assuncao,bc7230f231701d66,Mike Easton,Raphael Assuncao,2f13e4020cea5b38
d1e6a6536ee62517,5c36d760c7e272f5,5f99b2bafb10305f,Daron Cruickshank,76729a829623e266,Henry Martinez,Daron Cruickshank,5f99b2bafb10305f
d1e6a6536ee62517,ed8944898353b526,182f2b78582de3d8,Marcus LeVesseur,e14b5aa06eea9653,Abel Trujillo,Abel Trujillo,e14b5aa06eea9653
d1e6a6536ee62517,41d1e163b930426b,5f87a5c00b3d17ed,Dennis Siver,80dbeb1dd5b53e64,Nam Phan,Dennis Siver,5f87a5c00b3d17ed
d1e6a6536ee62517,f0cf2ca8e5c621a8,0b64d0fed453ef7f,Scott Jorgensen,7bd94b60d7521e4a,John Albert,Scott Jorgensen,0b64d0fed453ef7f
d1e6a6536ee62517,b57345c34f6d2ab3,22aa91e402d0fe1f,Ramsey Nijem,a36556bb1565e32d,Joe Proctor,Ramsey Nijem,22aa91e402d0fe1f
d1e6a6536ee62517,bc72dac46f0383f1,2676b28836a5a836,Benson Henderson,8355922d564b152c,Nate Diaz,Benson Henderson,2676b28836a5a836
d247691a6c0e9034,149d6b90f33634a4,7447e9f28508106a,Mackenzie Dern,cd2c4d30c6e13b47,Marina Rodriguez,Mackenzie Dern,7447e9f28508106a
d247691a6c0e9034,777c65184aa63894,c0badf3243907e59,Alexandr Romanov,2b68d9f125d07b42,Jared Vanderaa,Alexandr Romanov,c0badf3243907e59
d247691a6c0e9034,f526892a27b50576,8e5d953bdb9ae5e7,Loopy Godinez,b4880ef2f838d4e1,Silvana Gomez Juarez,Loopy Godinez,8e5d953bdb9ae5e7
d247691a6c0e9034,d5ffdb5388ffabc6,c6aee362c7a7d482,Randy Brown,c730a0be691dc081,Jared Gooden,Randy Brown,c6aee362c7a7d482
d247691a6c0e9034,ddb927b0dfcfac2a,97cf1a2c7c5e7889,Steve Garcia,318572f6f74b760d,Charlie Ontiveros,Steve Garcia,97cf1a2c7c5e7889
d247691a6c0e9034,20f19439e9b100b0,c96d9178c9ed9e62,Tim Elliott,1a31ef98efce7a79,Matheus Nicolau,Matheus Nicolau,1a31ef98efce7a79
d247691a6c0e9034,6101249c2cdd1493,45f0cc9d18f35137,Chris Gutierrez,dbac0a413af64bbe,Felipe Colares,Chris Gutierrez,45f0cc9d18f35137
d247691a6c0e9034,38957d8eb185391c,70d2329a92864fdb,Sabina Mazo,a08ddd04eaffd81d,Mariya Agapova,Sabina Mazo,70d2329a92864fdb
d247691a6c0e9034,df16b9c2fc9722e9,40093d1d2d78394e,Charles Rosa,29af297d9f1de0f8,Damon Jackson,Damon Jackson,29af297d9f1de0f8
d26394fc0e8e880a,7a1abc0230af730c,74f9448b97bf8bec,Da Woon Jung,cc7040fe76f0ef91,Devin Clark,Da Woon Jung,74f9448b97bf8bec
d26394fc0e8e880a,caeeb398f73d213a,d3df1add9d9a7efb,Derrick Lewis,e2f6b2769aaedd6c,Serghei Spivac,Derrick Lewis,d3df1add9d9a7efb
d26394fc0e8e880a,983fab4080743ed0,285ae0b4a68221f4,JunYong Park,0112352cb32f5026,Denis Tiuliulin,JunYong Park,285ae0b4a68221f4
d26394fc0e8e880a,a8067e65eb737a09,148bb103cfbf123e,Toshiomi Kazama,d8c811df0386d5e8,Rinya Nakamura,Rinya Nakamura,d8c811df0386d5e8
d26394fc0e8e880a,c63d8062c89c4c33,21b5c82c1b89dab1,Yusaku Kinoshita,a01a62132460a98d,Adam Fugitt,Adam Fugitt,a01a62132460a98d
d26394fc0e8e880a,765482eb58e8db48,d008d785f6347dc2,JeongYeong Lee,3f11fd1751fa83b1,Yizha,Yizha,3f11fd1751fa83b1
d26394fc0e8e880a,a26ca06cce403ce2,4461d7e47375a895,Tatsuro Taira,c051c2e12d692b8a,Jesus Aguilar,Tatsuro Taira,4461d7e47375a895
d26394fc0e8e880a,98094a500529d442,adccbc19b22e19af,SeungGuk Choi,b671bdf981ad527d,HyunSung Park,HyunSung Park,b671bdf981ad527d
d26394fc0e8e880a,b1b20c686dfe3204,57186c150c645200,Jeka Saragih,a72a2a769fa5a2be,Anshul Jubli,Anshul Jubli,a72a2a769fa5a2be
d26394fc0e8e880a,8741e6a3a5a22a7f,c9cf753cfdf77fc2,Marcin Tybura,1788eee370f077b7,Blagoy Ivanov,Marcin Tybura,c9cf753cfdf77fc2
d29b5c4f22c6357d,19fc916df1f0e6ff,f046d724d2a84ac5,Desmond Green,75e5fec9f72910ef,Gleison Tibau,Desmond Green,f046d724d2a84ac5
d29b5c4f22c6357d,4b155647201d549e,528c24b99fbaab79,Johnny Eduardo,329e403448756217,Nathaniel Wood,Nathaniel Wood,329e403448756217
d29b5c4f22c6357d,f43f9861e73739c8,03f982ca3735070c,Walt Harris,f86cb5f25d545e0e,Daniel Spitz,Walt Harris,03f982ca3735070c
d29b5c4f22c6357d,9fb0a4e18ddcd14c,4234f0097c83fa62,Sijara Eubanks,729d4bd5a6cd0a97,Lauren Murphy,Lauren Murphy,729d4bd5a6cd0a97
d29b5c4f22c6357d,026c4a26106cc158,b1b0729d27936f2f,Belal Muhammad,1ddb480b601cefb1,Chance Rencountre,Belal Muhammad,b1b0729d27936f2f
d29b5c4f22c6357d,194d73490eb731c6,fcd448a2fe1a23cc,Gian Villante,d156513a19acf856,Sam Alvey,Gian Villante,fcd448a2fe1a23cc
d29b5c4f22c6357d,a25633b1494f1360,6fb1ba67bef41b37,Nik Lentz,2747c60e42d9d75f,David Teymur,David Teymur,2747c60e42d9d75f
d29b5c4f22c6357d,9cb4196446f3ce79,1291edf2d566a71a,Julio Arce,fbf0537e420e698e,Daniel Teymur,Julio Arce,1291edf2d566a71a
d29b5c4f22c6357d,b7c7707ccea492c7,d81ac739417d7f53,Jake Ellenberger,484acc7b0f856ce9,Ben Saunders,Jake Ellenberger,d81ac739417d7f53
d29b5c4f22c6357d,7969abc596485189,81d9df19e255b8b6,Jarred Brooks,d2036f31c035e0d1,Jose Torres,Jarred Brooks,81d9df19e255b8b6
d29b5c4f22c6357d,921a8db065cd8cc5,84ff027394f7e470,Gregor Gillespie,c77a953488e5607d,Vinc Pichel,Gregor Gillespie,84ff027394f7e470
d29b5c4f22c6357d,69b147aaaafeb47d,9c907996820d2d69,Jimmie Rivera,fea79f9bc8c68769,Marlon Moraes,Jimmie Rivera,9c907996820d2d69
d2b1c1317a39f6c6,0adfdf8f563be462,2f732dd9210d301f,Tito Ortiz,a1f6999fe57236e0,Wanderlei Silva,Tito Ortiz,2f732dd9210d301f
d2fa318f34d0aadc,91a5480f48bfaa71,da22387a0407a2dc,Da'Mon Blackshear,84f727cf0166d6f2,Jose Johnson,Da'Mon Blackshear,da22387a0407a2dc
d2fa318f34d0aadc,2c160a1d1fdbf0b0,0b362247806341e5,JP Buys,c0ac37a4a1133da9,Marcus McGhee,Marcus McGhee,c0ac37a4a1133da9
d2fa318f34d0aadc,e346f2b7af63e804,6d4b63c767106d3a,Vicente Luque,6a2f7c151031653d,Rafael Dos Anjos,Vicente Luque,6d4b63c767106d3a
d2fa318f34d0aadc,c57a4810c932b296,749f572d1d3161fb,Khalil Rountree Jr.,d0aaedcf7ccd0b45,Chris Daukaus,Khalil Rountree Jr.,749f572d1d3161fb
d2fa318f34d0aadc,9a9479663bedf8b4,ca43de99b07b6b40,Josh Fremd,830f60497fab345a,Jamie Pickett,Josh Fremd,ca43de99b07b6b40
d2fa318f34d0aadc,560a971c6ab8b854,009c4420727149ea,AJ Dobson,6aae253467e8f9ce,Tafon Nchukwi,Tafon Nchukwi,6aae253467e8f9ce
d2fa318f34d0aadc,9576d9cba5cf5c4e,809bd1a871491508,Terrance McKinney,d80ee110748171ac,Mike Breeden,Terrance McKinney,809bd1a871491508
d2fa318f34d0aadc,1b1fd32485861655,d247691a6c0e9034,Cub Swanson,2c9d00968f818270,Hakeem Dawodu,Hakeem Dawodu,2c9d00968f818270
d2fa318f34d0aadc,ca2aa660bea0cb60,bc7d1ad49fcb2d08,Jaqueline Amorim,1235b31de15d0c6e,Montserrat Conejo Ruiz,Jaqueline Amorim,bc7d1ad49fcb2d08
d2fa318f34d0aadc,e3573545220ca4ea,aa0c573da7119292,Juliana Miller,5078e1dacf9d25f4,Luana Santos,Luana Santos,5078e1dacf9d25f4
d2fa318f34d0aadc,c2f730cb33df5221,9673a497a9da119a,Polyana Viana,abcf2cc6efc42031,Iasmin Lucindo,Iasmin Lucindo,abcf2cc6efc42031
d2fa318f34d0aadc,9479ba3cdcb1e513,5d495dec23d7c68e,Francis Marshall,a57cb948c4c70a47,Isaac Dulgarian,Isaac Dulgarian,a57cb948c4c70a47
d2fa318f34d0aadc,d5929b7fbc801ce4,b5da8f7d05e85a55,Josh Parisian,8eb046f83e82bf26,Martin Buday,Martin Buday,8eb046f83e82bf26
d3711d3784b76255,d80b07269dd36aad,349aaa3da11eb587,Karo Parisyan,86dfed7cc24a9fa7,Matt Serra,Karo Parisyan,349aaa3da11eb587
d3711d3784b76255,e5261884b0a0ed39,22e47b53e4ceb27c,David Loiseau,da97d6c97d09c030,Charles McCarthy,David Loiseau,22e47b53e4ceb27c
d3711d3784b76255,98cc8f5dd64895c4,d897897060f10a3a,Rich Franklin,8f2d9ee27f206f1f,Evan Tanner,Rich Franklin,d897897060f10a3a
d3b5ad3b15a64a18,8d2f3e0abb22689f,179f1948dc234f1f,Mark Munoz,3a8176e15b9887c1,Chris Weidman,Chris Weidman,3a8176e15b9887c1
d3b5ad3b15a64a18,1eb7733d880a0b8f,d5f820c11a121050,Aaron Simpson,6e0273f9478be71e,Kenny Robertson,Aaron Simpson,d5f820c11a121050
d3b5ad3b15a64a18,d37660fceaa8125a,d23ccf4a6c221284,Karlos Vemola,3591d0d5d382a381,Francis Carmont,Francis Carmont,3591d0d5d382a381
d3b5ad3b15a64a18,a914df32b95a1abc,2f13e4020cea5b38,Raphael Assuncao,57bf89d42364d39e,Issei Tamura,Raphael Assuncao,2f13e4020cea5b38
d3b5ad3b15a64a18,7287b029f4596be7,c849740a3ff51931,TJ Dillashaw,8bb6f4479685bbcc,Vaughan Lee,TJ Dillashaw,c849740a3ff51931
d3b5ad3b15a64a18,d6dcbf543d7e303d,c96e2ae6021144a1,Damacio Page,7aa3d6964eff4877,Alex Caceres,Alex Caceres,7aa3d6964eff4877
d3b5ad3b15a64a18,34e67c2b110f6b6a,6a2f7c151031653d,Rafael Dos Anjos,6bf5a7d3e081ade2,Anthony Njokuani,Rafael Dos Anjos,6a2f7c151031653d
d3b5ad3b15a64a18,0ae4889892f21738,0dba4df5f34d5ff0,Rafael Natal,8a70ceb3edbe757b,Andrew Craig,Rafael Natal,0dba4df5f34d5ff0
d3b5ad3b15a64a18,0d63a7d3e08df3db,f5431394fb284bb9,James Te Huna,46baf0f57edfa4df,Joey Beltran,James Te Huna,f5431394fb284bb9
d41937647eae9a34,30ebe705eac7b121,d023ae89a2a4a41e,Matthew Riddle,1a7745388839e52b,John Maguire,Matthew Riddle,d023ae89a2a4a41e
d41937647eae9a34,e843a7a6f49db3bb,d188a3b817860ec6,Steven Siler,92a9aa9c93192871,Darren Elkins,Darren Elkins,92a9aa9c93192871
d41937647eae9a34,f6d8bdc3cdcf1dd8,fef3d17e27e916e7,Antonio Carvalho,a20d7dfaba74c067,Rodrigo Damm,Antonio Carvalho,fef3d17e27e916e7
d41937647eae9a34,72a3ec0672871ab4,9fa3bd637edd9aa2,Patrick Cote,7f955f71fa2ce7ac,Alessio Sakara,Patrick Cote,9fa3bd637edd9aa2
d41937647eae9a34,bc3323f172832a53,0a97691039c4bbfb,Mark Hominick,8e5bfd4e82352340,Pablo Garza,Mark Hominick,0a97691039c4bbfb
d41937647eae9a34,4861212df08bbf77,3591d0d5d382a381,Francis Carmont,4d44f37107f01b9b,Tom Lawlor,Francis Carmont,3591d0d5d382a381
d41937647eae9a34,1f7c1c741b06a3ed,43563a32c3f10e95,Cyrille Diabate,fdf18227faa596dd,Chad Griggs,Cyrille Diabate,43563a32c3f10e95
d41937647eae9a34,4a29c1f671bd89cb,0941df56f6ac954b,Johny Hendricks,8b69839f3555a67b,Martin Kampmann,Johny Hendricks,0941df56f6ac954b
d41937647eae9a34,a65cf6951e097273,cf9d24e4bd0cf2ce,Mark Bocek,6a2f7c151031653d,Rafael Dos Anjos,Rafael Dos Anjos,6a2f7c151031653d
d41937647eae9a34,8d12287f672cabd8,6506c1d34da9c013,Georges St-Pierre,f9f07bb5a43535ed,Carlos Condit,Georges St-Pierre,6506c1d34da9c013
d41937647eae9a34,467d2dc6a71e1b00,501b07aec9b8fc2d,Sam Stout,c21a036b4e012f1c,John Makdessi,John Makdessi,c21a036b4e012f1c
d4a12dfa4067742f,d4bfe75b61d2cbc6,6a2f7c151031653d,Rafael Dos Anjos,8355922d564b152c,Nate Diaz,Rafael Dos Anjos,6a2f7c151031653d
d4a12dfa4067742f,64f5c4f3f3d8ad2c,92437c6775b3f7d1,John Moraga,6ded9184b2284645,Willie Gates,John Moraga,92437c6775b3f7d1
d4a12dfa4067742f,1cf53a0b9db52ac6,d512d9f204059f57,Joe Riggs,484acc7b0f856ce9,Ben Saunders,Joe Riggs,d512d9f204059f57
d4a12dfa4067742f,deaeb2383bbd32bf,a54fc2d6fc224dc3,Jamie Varner,519e4fe37ce9ff75,Drew Dober,Drew Dober,519e4fe37ce9ff75
d4a12dfa4067742f,7ab72866ff2a6a7e,8e8e4487c621aa1c,Joe Ellenberger,a331233f597090a5,Bryan Barberena,Bryan Barberena,a331233f597090a5
d4a12dfa4067742f,70d69cf33984d7d1,ec34349e7dffcde7,Claudia Gadelha,3d6749c4267da18f,Joanna Jedrzejczyk,Joanna Jedrzejczyk,3d6749c4267da18f
d4a12dfa4067742f,383f0de18e7ab9c5,056c493bbd76a918,Henry Cejudo,fe91d254db77a7fc,Dustin Kimura,Henry Cejudo,056c493bbd76a918
d4a12dfa4067742f,2ab2753040f455e0,63def5a5662a6917,Junior Dos Santos,d28dee5c705991df,Stipe Miocic,Junior Dos Santos,63def5a5662a6917
d4a12dfa4067742f,5a346087f4120fa3,270b89c00ef0c55c,Gabriel Gonzaga,ba280572acfba13f,Matt Mitrione,Matt Mitrione,ba280572acfba13f
d4a12dfa4067742f,002921976d27b7da,b4ad3a06ee4d660c,Alistair Overeem,ebc1f40e00e0c481,Stefan Struve,Alistair Overeem,b4ad3a06ee4d660c
d4da8995fc91e7ef,e76227f395b94e47,bb61823f76361297,Kyle Stewart,1ddb480b601cefb1,Chance Rencountre,Chance Rencountre,1ddb480b601cefb1
d4da8995fc91e7ef,2ea1f463620bcd3d,6f242453c91a5af0,Dennis Bermudez,ef44e4ea9050f2ea,Te Edwards,Dennis Bermudez,6f242453c91a5af0
d4da8995fc91e7ef,2cc1fe3570999428,b1b0729d27936f2f,Belal Muhammad,b997be68943010fc,Geoff Neal,Belal Muhammad,b1b0729d27936f2f
d4da8995fc91e7ef,5d1f24e034772338,7ff97850e8c32bda,Glover Teixeira,37d5b176d438d2a5,Karl Roberson,Glover Teixeira,7ff97850e8c32bda
d4da8995fc91e7ef,7ddd21d48e3b34b9,4d5197f331c47290,Paige VanZant,01784fbc27c68b14,Rachael Ostovich,Paige VanZant,4d5197f331c47290
d4da8995fc91e7ef,8a9c8f1d53d8c664,a495f599e787614f,Alonzo Menifield,acb36c908d415c4a,Vinicius Moreira,Alonzo Menifield,a495f599e787614f
d4da8995fc91e7ef,77c6a6f33289b872,12f91bfa8f1f723b,Joanne Wood,6551c64fbcd1a467,Ariane da Silva,Ariane da Silva,6551c64fbcd1a467
d4da8995fc91e7ef,4738cd4cd8d33eeb,80eacd4da0617c57,Joseph Benavidez,f53c1f4ceeed8c08,Dustin Ortiz,Joseph Benavidez,80eacd4da0617c57
d4da8995fc91e7ef,3dd0951b8855137d,262a7d06203657e6,Alexander Hernandez,1d00756835ca67c9,Donald Cerrone,Donald Cerrone,1d00756835ca67c9
d4da8995fc91e7ef,8da2c348ba6001a0,85073dbd1be65ed9,Greg Hardy,a9d6e047ce48ab63,Allen Crowder,Allen Crowder,a9d6e047ce48ab63
d4da8995fc91e7ef,efbab76bedbfb65d,65f09bacd3957381,Cory Sandhagen,bc711b6dd95c1af6,Mario Bautista,Mario Bautista,bc711b6dd95c1af6
d4da8995fc91e7ef,85511ab7fd9ed061,056c493bbd76a918,Henry Cejudo,c849740a3ff51931,TJ Dillashaw,TJ Dillashaw,c849740a3ff51931
d4da8995fc91e7ef,0261adcfc6e49150,84ff027394f7e470,Gregor Gillespie,813550bc53b15fb0,Yancy Medeiros,Gregor Gillespie,84ff027394f7e470
d4f364dd076bb0e2,4eb5f99202f5fe97,6f7c616b98e18c29,Claudio Silva,8f6a18831a120817,James Krause,James Krause,8f6a18831a120817
d4f364dd076bb0e2,5a440bdee19efaab,def8166ff24bd237,Brian Ortega,c451d67c09c55418,Chan Sung Jung,Brian Ortega,def8166ff24bd237
d4f364dd076bb0e2,9b6135943a4c8fe7,38c7f72747f4f712,Gillian Robertson,5c126c6aac3ef364,Poliana Botelho,Gillian Robertson,38c7f72747f4f712
d4f364dd076bb0e2,2735a2ea77ddc0b5,af9f42e6894047fc,Jamie Mullarkey,1e4f273069fb9e85,Fares Ziam,Fares Ziam,1e4f273069fb9e85
d4f364dd076bb0e2,b3e12698e65cf8d0,af997f7611673880,Gadzhimurad Antigulov,950d0ef5c17157c5,Maxim Grishin,Maxim Grishin,950d0ef5c17157c5
d4f364dd076bb0e2,e7a915f39ecf6db0,e872e9a9a902c045,Katlyn Cerminara,6a1901c62ab3870f,Jessica Andrade,Katlyn Cerminara,e872e9a9a902c045
d4f364dd076bb0e2,e5279358b128c2ac,72db2a14ffa73ece,Mateusz Gamrot,7772b283d288dbe2,Guram Kutateladze,Mateusz Gamrot,72db2a14ffa73ece
d4f364dd076bb0e2,e4d0be5ae320c4ae,2b074403b7c6cdb4,Thomas Almeida,f2477cf43c4975cc,Jonathan Martinez,Jonathan Martinez,f2477cf43c4975cc
d4f364dd076bb0e2,948da1b7ebbb06b3,70e1f8a821b72c8b,Jimmy Crute,476fe566d2df676e,Modestas Bukauskas,Modestas Bukauskas,476fe566d2df676e
d4f364dd076bb0e2,50e0bcba7551a25f,285ae0b4a68221f4,JunYong Park,e9ac7bfb65c25497,John Phillips,JunYong Park,285ae0b4a68221f4
d4f364dd076bb0e2,024a04f78b37b7d9,0fd5f4b838e890cc,Said Nurmagomedov,ef1182eb28c17d4e,Mark Striegl,Said Nurmagomedov,0fd5f4b838e890cc
d512d9f204059f57,9984333d8933dd58,473ce3aa581251a2,Dan Hardy,f9f07bb5a43535ed,Carlos Condit,Carlos Condit,f9f07bb5a43535ed
d512d9f204059f57,ab341b7bb01cdc89,2b93ebd9f5417ad2,Michael Bisping,b0550072e5f0afa7,Yoshihiro Akiyama,Michael Bisping,2b93ebd9f5417ad2
d512d9f204059f57,8c8d46d89bf899e8,cac08b8685387ca5,James McSweeney,1fb80f46d3c105d9,Fabio Maldonado,Fabio Maldonado,1fb80f46d3c105d9
d512d9f204059f57,2037295b161c8269,852454c572675334,James Wilks,56116a79e4deed06,Claude Patrick,Claude Patrick,56116a79e4deed06
d512d9f204059f57,a829493aa8d25e3c,28f3c2258a1d8874,John Hathaway,f5990c11974d8e9c,Mike Pyle,John Hathaway,28f3c2258a1d8874
d512d9f204059f57,5014298453caf116,43563a32c3f10e95,Cyrille Diabate,3c6976f8182d9527,Alexander Gustafsson,Alexander Gustafsson,3c6976f8182d9527
d56bb6dff2ae77eb,2f15a2ed6cd4711f,d8c7c61b176e3994,Cody Garbrandt,3d5b1ce6097dbb49,Augusto Mendes,Cody Garbrandt,d8c7c61b176e3994
d56bb6dff2ae77eb,b7653a82f4b07b1f,8f6a18831a120817,James Krause,784285b7ae7dd85f,Shane Campbell,James Krause,8f6a18831a120817
d56bb6dff2ae77eb,014a3acf91ada8af,7e47047d0971d566,Daniel Sarafian,04b39f4e8eb59d7c,Oluwale Bamgbose,Oluwale Bamgbose,04b39f4e8eb59d7c
d56bb6dff2ae77eb,eadb215519406e92,b1a3e0aca758b322,Derek Brunson,1c86754617d9813a,Roan Carneiro,Derek Brunson,b1a3e0aca758b322
d56bb6dff2ae77eb,a06a3bc70d7c4264,6c2030e0a143a94b,Chris Camozzi,d512d9f204059f57,Joe Riggs,Chris Camozzi,6c2030e0a143a94b
d56bb6dff2ae77eb,607d22f0b3db4f1f,a2b12c3f3d60ff69,Alex Garcia,0d8011111be000b2,Sean Strickland,Sean Strickland,0d8011111be000b2
d56bb6dff2ae77eb,5d000de6fa836f66,c7d297714d9ab1a4,Marion Reneau,fc6e681bf6658faf,Ashlee Evans-Smith,Ashlee Evans-Smith,fc6e681bf6658faf
d56bb6dff2ae77eb,e508ba268cb295c0,c727c7d31c50c4cf,Anthony Hamilton,2f5cbecbbe18bac4,Shamil Abdurakhimov,Shamil Abdurakhimov,2f5cbecbbe18bac4
d56bb6dff2ae77eb,3bd5dbc1598c409d,6f242453c91a5af0,Dennis Bermudez,80d918336163b80c,Tatsuya Kawajiri,Dennis Bermudez,6f242453c91a5af0
d56bb6dff2ae77eb,214fa13c3f230259,1d00756835ca67c9,Donald Cerrone,57b10fca4f9c9a7a,Alex Oliveira,Donald Cerrone,1d00756835ca67c9
d57e6a8971b6d2bd,3d790112d2e6d851,96428b9e9bd048ea,Luke Sanders,dbac0a413af64bbe,Felipe Colares,Luke Sanders,96428b9e9bd048ea
d57e6a8971b6d2bd,d72f9b3ac742a9e3,eee0ef3e2b14816b,Kai Kamaka,d31cbcdd7d69536d,TJ Brown,TJ Brown,d31cbcdd7d69536d
d57e6a8971b6d2bd,394802bb096b403e,2e19380f34871c6a,Dominick Reyes,009341ed974bad72,Jiri Prochazka,Jiri Prochazka,009341ed974bad72
d57e6a8971b6d2bd,c9c79de21823d941,4a57ebb14315b251,Randa Markos,a3a542074109b347,Luana Pinheiro,Luana Pinheiro,a3a542074109b347
d57e6a8971b6d2bd,ffd8e8575a551875,0d8011111be000b2,Sean Strickland,4e06913c91da5200,Krzysztof Jotko,Sean Strickland,0d8011111be000b2
d57e6a8971b6d2bd,26202a4bd36d3fd2,c03520b5c88ed6b4,Merab Dvalishvili,bf7ad5628363eec9,Cody Stamann,Merab Dvalishvili,c03520b5c88ed6b4
d57e6a8971b6d2bd,2ef09c8fe29251ac,5c126c6aac3ef364,Poliana Botelho,528b071cf3da7c56,Luana Carolina,Luana Carolina,528b071cf3da7c56
d57e6a8971b6d2bd,d6b5a6ad27a730ae,4e30e4250cb08b61,Loma Lookboonmee,e94085e821bd81de,Sam Hughes,Loma Lookboonmee,4e30e4250cb08b61
d57e6a8971b6d2bd,78dc032441394331,79325a3c1a5c3bf4,Andreas Michailidis,9cd047a828dd7515,KB Bhullar,Andreas Michailidis,79325a3c1a5c3bf4
d57e6a8971b6d2bd,2f82e8079ba354f4,9560ff14eb3129f7,Giga Chikadze,d247691a6c0e9034,Cub Swanson,Giga Chikadze,9560ff14eb3129f7
d5ae8074631762fc,e40a5bd62ce710ac,d1941565abf50b16,Jim Miller,c17041f1bb5768d8,Alex White,Jim Miller,d1941565abf50b16
d5ae8074631762fc,7658965c2a700b39,76ee3d666c648f6b,Charles Byrd,a17ad5a5048e8c3f,Darren Stewart,Darren Stewart,a17ad5a5048e8c3f
d5ae8074631762fc,6caf9ebf42ddae2e,b997be68943010fc,Geoff Neal,764342d39cdaa54a,Frank Camacho,Geoff Neal,b997be68943010fc
d5ae8074631762fc,b2625001e0b89369,87aa9fb63d6b51a1,Zabit Magomedsharipov,cc351e408bbb7d43,Brandon Davis,Zabit Magomedsharipov,87aa9fb63d6b51a1
d5ae8074631762fc,f3bebb48771a414a,eae431e70064e046,Abdul Razak Alhassan,d8da10db80131bec,Niko Price,Abdul Razak Alhassan,eae431e70064e046
d5ae8074631762fc,fd61e6146f3b2942,d910665038efc639,Carla Esparza,b08012bbe542592a,Tatiana Suarez,Tatiana Suarez,b08012bbe542592a
d5ae8074631762fc,b66ac52bfb217761,effd9de9937996f8,Tyron Woodley,9ce6d5a03af801b7,Darren Till,Darren Till,9ce6d5a03af801b7
d5ae8074631762fc,9399c772adc7bcab,546f8599a63c29da,Robert Sanchez,81d9df19e255b8b6,Jarred Brooks,Jarred Brooks,81d9df19e255b8b6
d5ae8074631762fc,dbf786f9808c6a08,6a1901c62ab3870f,Jessica Andrade,d7c3816669784109,Karolina Kowalkiewicz,Jessica Andrade,6a1901c62ab3870f
d5ae8074631762fc,82342dc6be82778b,9c907996820d2d69,Jimmie Rivera,99506df1af6c8b3b,John Dodson,Jimmie Rivera,9c907996820d2d69
d5ae8074631762fc,a65909d4083c2088,578ef12674df1e6a,Irene Aldana,3cf66c62d9069f43,Lucie Pudilova,Irene Aldana,578ef12674df1e6a
d5ae8074631762fc,294a9e9780afa789,82e7929bf6c2b689,Diego Sanchez,3dd949593346dbc3,Craig White,Diego Sanchez,82e7929bf6c2b689
d5ae8074631762fc,e65ffb177a2c7669,cb696ebfb6598724,Aljamain Sterling,bf7ad5628363eec9,Cody Stamann,Aljamain Sterling,cb696ebfb6598724
d5f820c11a121050,995f0dcdcd5fe43c,b71ce838b01f2cad,Rony Jason,d188a3b817860ec6,Steven Siler,Steven Siler,d188a3b817860ec6
d5f820c11a121050,981e2f5a8e46a1f1,140745cbbcb023ac,Mauricio Rua,1ccf4e7caff270df,Dan Henderson,Mauricio Rua,140745cbbcb023ac
d5f820c11a121050,98cea844501261a9,1fb80f46d3c105d9,Fabio Maldonado,fcd448a2fe1a23cc,Gian Villante,Fabio Maldonado,1fb80f46d3c105d9
d5f820c11a121050,eae8d2c30c0bb499,dbc17725b887860a,Cezar Ferreira,5d7bdab5e03e3216,CB Dollaway,Cezar Ferreira,dbc17725b887860a
d5f820c11a121050,fcb3e9f89987d519,e51fcd9cd84c0b93,Michel Prazeres,8f5c8850b2484173,Mairbek Taisumov,Michel Prazeres,e51fcd9cd84c0b93
d5f820c11a121050,283c0b3b7e425252,bd21a1e3d41c97ee,Ronny Markes,dea070ed4a2a8281,Thiago Santos,Thiago Santos,dea070ed4a2a8281
d5f820c11a121050,a5827bfce19e63ea,b102c26727306ab6,Jussier Formiga,0b64d0fed453ef7f,Scott Jorgensen,Jussier Formiga,b102c26727306ab6
d5f820c11a121050,8f120352072bd5ed,fa37628269132d1a,Godofredo Pepey,9f755fb04cc21499,Noad Lahat,Noad Lahat,9f755fb04cc21499
d632d156c0549e07,a2e1e35e4e84e08d,c47df9303d318c67,Clay Guida,80d918336163b80c,Tatsuya Kawajiri,Tatsuya Kawajiri,80d918336163b80c
d632d156c0549e07,20d732758337f0a5,ee9d73f4fee9cbdd,Antonio Rodrigo Nogueira,3f7c14c7eca7195d,Roy Nelson,Antonio Rodrigo Nogueira,ee9d73f4fee9cbdd
d632d156c0549e07,a523ac02533f8b4d,cfb65863d5099327,Thales Leites,f797f0c57a83353e,Trevor Smith,Thales Leites,cfb65863d5099327
d632d156c0549e07,f524520a7fe0a8b8,91ea901c458e95dd,Jared Rosholt,470fedbc8563ac47,Daniel Omielanczuk,Jared Rosholt,91ea901c458e95dd
d632d156c0549e07,beed8bc1f800de8f,22aa91e402d0fe1f,Ramsey Nijem,08af939f41b5a57b,Beneil Dariush,Beneil Dariush,08af939f41b5a57b
d632d156c0549e07,8c47c4b9503dd5b4,fc31f896cde2bc2e,John Howard,4c7781da8c6cae93,Ryan LaFlare,Ryan LaFlare,4c7781da8c6cae93
d6455cb4bee503ce,692241119228cc82,029eaff01e6bb8f0,Dustin Poirier,511e82663651438d,Michael Johnson,Dustin Poirier,029eaff01e6bb8f0
d6455cb4bee503ce,f4cdc944e27c2cd2,65578a75fa7900e3,Uriah Hall,b1a3e0aca758b322,Derek Brunson,Derek Brunson,b1a3e0aca758b322
d6455cb4bee503ce,144b0c1dd6c909f3,c8097968da5e5f13,Chris Wade,275aca31f61ba28c,Islam Makhachev,Islam Makhachev,275aca31f61ba28c
d6455cb4bee503ce,054f1423ba7c121e,1c86754617d9813a,Roan Carneiro,6e0273f9478be71e,Kenny Robertson,Kenny Robertson,6e0273f9478be71e
d6455cb4bee503ce,4f6f7f1ad8954bb6,436f970c9ea9169c,Gabriel Benitez,b8aef0faf4ce9b31,Sam Sicilia,Gabriel Benitez,436f970c9ea9169c
d6455cb4bee503ce,00b7497b02b3b2bb,4bd6b4800070b069,Chas Skelly,4a1329cc8eb0928a,Maximo Blanco,Chas Skelly,4bd6b4800070b069
d6455cb4bee503ce,4df1d3183929d021,94508d80e1f885fc,Augusto Montano,b1b0729d27936f2f,Belal Muhammad,Belal Muhammad,b1b0729d27936f2f
d6455cb4bee503ce,187681b2843174b5,36549928f90f1d36,Jose Quinonez,0778f94eb5d588a5,Joey Gomez,Jose Quinonez,36549928f90f1d36
d6455cb4bee503ce,30b33d032605c885,8163cd7de0342652,Erick Montano,c6aee362c7a7d482,Randy Brown,Randy Brown,c6aee362c7a7d482
d6455cb4bee503ce,0596fc5eba5c1fe0,e5c9de15bb58b1c6,Evan Dunham,814ff3018127e8fc,Ricky Glenn,Evan Dunham,e5c9de15bb58b1c6
d6b68eaf4b68b160,aa7b1fca60a21f3a,1d00756835ca67c9,Donald Cerrone,9ce6d5a03af801b7,Darren Till,Donald Cerrone,1d00756835ca67c9
d6b68eaf4b68b160,4dcd6ff5e32a3779,42a7e90605df3c8a,Damian Stasiak,7be14eaed4c74856,Brian Kelleher,Brian Kelleher,7be14eaed4c74856
d6b68eaf4b68b160,fdfc700e56575d67,1cf7ccf64a5bf24e,Oskar Piechota,cd01f0b768a32475,Jonathan Wilson,Oskar Piechota,1cf7ccf64a5bf24e
d6b68eaf4b68b160,f3f252b9810cff0d,2eeaefbfc7f9fcff,Lina Lansberg,d4691518d012b9e7,Aspen Ladd,Aspen Ladd,d4691518d012b9e7
d6b68eaf4b68b160,9da4e06a403f0d27,d156513a19acf856,Sam Alvey,abd5fb12437eda21,Ramazan Emeev,Ramazan Emeev,abd5fb12437eda21
d6b68eaf4b68b160,6a315ef5bf22af29,99df7d0a2a08a8a8,Jan Blachowicz,cc7040fe76f0ef91,Devin Clark,Jan Blachowicz,99df7d0a2a08a8a8
d6b68eaf4b68b160,61070325bb440f58,bf43fed8f29e1671,Marcin Held,b7b84ccd221be298,Nasrat Haqparast,Nasrat Haqparast,b7b84ccd221be298
d6b68eaf4b68b160,06287b822837a616,02f2a9702ba3d167,Artem Lobov,8fd808923cffff82,Andre Fili,Andre Fili,8fd808923cffff82
d6b68eaf4b68b160,8b10419db5bffe28,71002dbc1743b9a7,Felipe Arantes,fba03cd6cc28dc41,Josh Emmett,Josh Emmett,fba03cd6cc28dc41
d6b68eaf4b68b160,d71ad0033de24fff,d7c3816669784109,Karolina Kowalkiewicz,411539901068522f,Jodie Esquibel,Karolina Kowalkiewicz,d7c3816669784109
d6b68eaf4b68b160,88f36fa2945ccac5,cbf1c7ba5408a66f,Salim Touahri,d317a5e2b3f88c5f,Warlley Alves,Warlley Alves,d317a5e2b3f88c5f
d7907a9a968e4d29,8fd14eb227688467,a0f0004aadf10b71,Alexandre Pantoja,49a74b9fb2e45fdf,Neil Seery,Alexandre Pantoja,a0f0004aadf10b71
d7907a9a968e4d29,d49d2c810583a56a,76984112f697631f,Leslie Smith,3df5493bb279226f,Amanda Lemos,Amanda Lemos,3df5493bb279226f
d7907a9a968e4d29,b7f6d05d3afbb266,12f91bfa8f1f723b,Joanne Wood,98215d037be5bcb7,Cynthia Calvillo,Joanne Wood,12f91bfa8f1f723b
d7907a9a968e4d29,2fef7ac78df0cccc,ec52462a1b41f714,Brett Johns,544d7460b3e44393,Albert Morales,Brett Johns,ec52462a1b41f714
d7907a9a968e4d29,a77950d6a0a451f4,8d5350fa18b79e9a,James Mulheron,ce1e867808ef5fce,Justin Willis,Justin Willis,ce1e867808ef5fce
d7907a9a968e4d29,0f8b2f7299b5e114,749f572d1d3161fb,Khalil Rountree Jr.,eabf206b162b3b83,Paul Craig,Khalil Rountree Jr.,749f572d1d3161fb
d7907a9a968e4d29,8417a20d56fe6776,fd55393021a8c255,Gunnar Nelson,6d1bffff14897645,Santiago Ponzinibbio,Santiago Ponzinibbio,6d1bffff14897645
d7907a9a968e4d29,1ccde17f48fb709e,a6cba6bb66c1a8c9,Danny Roberts,7dfb56f24fe5ddea,Bobby Nash,Danny Roberts,a6cba6bb66c1a8c9
d7907a9a968e4d29,86892d114b204bf3,045f25b3a4c08e81,Jack Marshman,b59037262c8fe060,Ryan Janes,Ryan Janes,b59037262c8fe060
d7907a9a968e4d29,a0909aab15ba53c5,f7d73e452b064bf2,Danny Henry,fbf0537e420e698e,Daniel Teymur,Danny Henry,f7d73e452b064bf2
d7907a9a968e4d29,c62a90c19af6a0e2,31a13532e724ca2b,Stevie Ray,e5010b1b94ca5755,Paul Felder,Paul Felder,e5010b1b94ca5755
d856a0080ac09ed7,935f559ab0521c27,3bad7ef643840f67,Joe Lauzon,c47df9303d318c67,Clay Guida,Clay Guida,c47df9303d318c67
d856a0080ac09ed7,7ad85c84025c0db0,a8e6a69796280f17,Nate Marquardt,dbc17725b887860a,Cezar Ferreira,Nate Marquardt,a8e6a69796280f17
d856a0080ac09ed7,603354ffe9cc0755,c482c8605455a213,Junior Albini,3738e68d2261e60f,Andrei Arlovski,Andrei Arlovski,3738e68d2261e60f
d856a0080ac09ed7,b55605791a4d72b9,029eaff01e6bb8f0,Dustin Poirier,cbb682f5fcc44bfc,Anthony Pettis,Dustin Poirier,029eaff01e6bb8f0
d856a0080ac09ed7,151c597d2e609a4e,2f13e4020cea5b38,Raphael Assuncao,2fc7e9701642ca38,Matthew Lopez,Raphael Assuncao,2f13e4020cea5b38
d856a0080ac09ed7,b6b5ec324449befd,31123249b0bbf52e,Matt Brown,82e7929bf6c2b689,Diego Sanchez,Matt Brown,31123249b0bbf52e
d856a0080ac09ed7,5db3e2fdd18129a4,b08012bbe542592a,Tatiana Suarez,d50382dc0565a9e1,Viviane Pereira,Tatiana Suarez,b08012bbe542592a
d856a0080ac09ed7,78e554aa129711ba,92fa1401b7927da3,Jake Collier,d761b3766e38c5db,Marcel Fortuna,Marcel Fortuna,d761b3766e38c5db
d856a0080ac09ed7,4b202bae6c87b98b,a17ad5a5048e8c3f,Darren Stewart,37d5b176d438d2a5,Karl Roberson,Darren Stewart,a17ad5a5048e8c3f
d856a0080ac09ed7,7006a98fe9944571,f0feeb2192937424,Angela Hill,d343df8ba11f4c4e,Nina Nunes,Nina Nunes,d343df8ba11f4c4e
d856a0080ac09ed7,d3c78cc516417797,523fa774700d7d3f,Court McGee,0d8011111be000b2,Sean Strickland,Sean Strickland,0d8011111be000b2
d856a0080ac09ed7,5519d7fe2cee8353,99506df1af6c8b3b,John Dodson,fea79f9bc8c68769,Marlon Moraes,John Dodson,99506df1af6c8b3b
d856a0080ac09ed7,60de5efe5b439c8b,ed9d8ee3a4239b1c,Sage Northcutt,5e84a859c6a82288,Michel Quinones,Sage Northcutt,ed9d8ee3a4239b1c
d86e913c548c07c2,cb16346d93746ebc,80fa8218c99f9c58,Amanda Nunes,132deb59abae64b1,Valentina Shevchenko,Amanda Nunes,80fa8218c99f9c58
d86e913c548c07c2,b6082b551288aa5a,84b3e7d38f2d2ec5,Neil Magny,6a2f7c151031653d,Rafael Dos Anjos,Neil Magny,84b3e7d38f2d2ec5
d86e913c548c07c2,7020840980f723b9,e5bda12faabfc850,Luis Henrique,7e511f8d842a109d,Arjan Bhullar,Arjan Bhullar,7e511f8d842a109d
d86e913c548c07c2,cce5b9dfe84630fa,633a45d131192ffe,Kajan Johnson,7dcf06c1967801c1,Adriano Martins,Kajan Johnson,633a45d131192ffe
d86e913c548c07c2,94c7e64ce88c9b9e,18968f97ad34f15c,Jeremy Stephens,aa5b4eff51bdc7d1,Gilbert Melendez,Jeremy Stephens,18968f97ad34f15c
d86e913c548c07c2,fdde8777c7ae9769,056c493bbd76a918,Henry Cejudo,5aedf14771ca82d2,Wilson Reis,Henry Cejudo,056c493bbd76a918
d86e913c548c07c2,6afaf0ca45431a11,e9a3aeb207578eea,Ilir Latifi,49e96ff8ab781589,Tyson Pedro,Ilir Latifi,e9a3aeb207578eea
d86e913c548c07c2,a773883743242df9,539ed332b3078821,Sarah Moras,fc6e681bf6658faf,Ashlee Evans-Smith,Ashlee Evans-Smith,fc6e681bf6658faf
d86e913c548c07c2,f597d2e69ab7c270,da816417a579a0bd,Gavin Tucker,814ff3018127e8fc,Ricky Glenn,Gavin Tucker,da816417a579a0bd
d86e913c548c07c2,31c4518a1e71c050,c76ec2bc3a57666a,Mitch Clarke,c17041f1bb5768d8,Alex White,Alex White,c17041f1bb5768d8
d86e913c548c07c2,92eb0a297c7ea197,7be74a12d7352df2,Sara McMann,b9706f80d005036c,Ketlen Vieira,Ketlen Vieira,b9706f80d005036c
daa89f01e1c0f42a,04970dfa4d531e39,d156513a19acf856,Sam Alvey,6370c1c1e12723d5,Marcin Prachnio,Marcin Prachnio,6370c1c1e12723d5
daa89f01e1c0f42a,0f2611c3ec4661dd,a0c64f272b65d441,Eric Shelton,ab2b4ff41d6ebe0f,Alex Perez,Alex Perez,ab2b4ff41d6ebe0f
daa89f01e1c0f42a,bf8f747e57d6d1c7,94527830000ab715,Rani Yahya,f50d95223751e6ca,Russell Doane,Rani Yahya,94527830000ab715
daa89f01e1c0f42a,093ebd3375591101,484acc7b0f856ce9,Ben Saunders,cf65d56b0755ed3b,Alan Jouban,Alan Jouban,cf65d56b0755ed3b
daa89f01e1c0f42a,0328754c15ecd37c,544d7460b3e44393,Albert Morales,2dc1bc1a02961656,Manny Bermudez,Manny Bermudez,2dc1bc1a02961656
daa89f01e1c0f42a,e22a887ce4ab30eb,2c99576fefe53c7c,Renan Barao,7be14eaed4c74856,Brian Kelleher,Renan Barao,2c99576fefe53c7c
daa89f01e1c0f42a,9c79433a4686f3fc,50db8711c70196cd,Ovince Saint Preux,e9a3aeb207578eea,Ilir Latifi,Ilir Latifi,e9a3aeb207578eea
daa89f01e1c0f42a,3cf4582b48302bb6,7be74a12d7352df2,Sara McMann,c7d297714d9ab1a4,Marion Reneau,Sara McMann,7be74a12d7352df2
daa89f01e1c0f42a,424a20da52b4f956,f2b6fdb20675b11c,Mike Perry,b0d6a1d8ac3d563d,Max Griffin,Max Griffin,b0d6a1d8ac3d563d
daa89f01e1c0f42a,037c68d03c970609,b4192a975027aab6,Maryna Moroz,f0feeb2192937424,Angela Hill,Angela Hill,f0feeb2192937424
daa89f01e1c0f42a,4d9d371b8db6fb91,6a1901c62ab3870f,Jessica Andrade,31ef8b67e13495b3,Tecia Pennington,Jessica Andrade,6a1901c62ab3870f
daa89f01e1c0f42a,519dcb290e6db845,fba03cd6cc28dc41,Josh Emmett,18968f97ad34f15c,Jeremy Stephens,Josh Emmett,fba03cd6cc28dc41
dab0e6cb8c932162,e92fb5c609e20b49,d8c811df0386d5e8,Rinya Nakamura,07f959e6596307bb,Carlos Vera,Rinya Nakamura,d8c811df0386d5e8
dab0e6cb8c932162,ef13ed466e0b42d8,876f478f796495f7,Josh Quinlan,b7c5eb7cdbac6a63,Danny Barlow,Danny Barlow,b7c5eb7cdbac6a63
dab0e6cb8c932162,aeb3e4d9710207a4,8a65fd9ba31fd3f7,Zhang Mingyang,49edd0d90f60fb7d,Brendson Ribeiro,Zhang Mingyang,8a65fd9ba31fd3f7
dab0e6cb8c932162,1456a3f96ac7e35b,ab943cd2c3c17825,Marcos Rogerio de Lima,c15fa95b9a12fde4,Junior Tafa,Marcos Rogerio de Lima,ab943cd2c3c17825
dab0e6cb8c932162,9785420602b452f7,c03520b5c88ed6b4,Merab Dvalishvili,056c493bbd76a918,Henry Cejudo,Merab Dvalishvili,c03520b5c88ed6b4
dab0e6cb8c932162,01432891260084a4,e1147d3d2dabe1ce,Robert Whittaker,2e5c2aa8e4ab9d82,Paulo Costa,Robert Whittaker,e1147d3d2dabe1ce
dab0e6cb8c932162,bec3154a11df3299,e1248941344b3288,Alexander Volkanovski,54f64b5e283b0ce7,Ilia Topuria,Alexander Volkanovski,e1248941344b3288
dab0e6cb8c932162,8fb0092430448368,b997be68943010fc,Geoff Neal,442c9011034ae1fd,Ian Machado Garry,Ian Machado Garry,442c9011034ae1fd
dab0e6cb8c932162,b7d238437d6644ce,05fa626cb33d15b8,Andrea Lee,f29a6350c69f4a33,Miranda Maverick,Miranda Maverick,f29a6350c69f4a33
dab0e6cb8c932162,2aeb3ec2d8c05dc8,3df5493bb279226f,Amanda Lemos,7447e9f28508106a,Mackenzie Dern,Amanda Lemos,3df5493bb279226f
dab0e6cb8c932162,f87a3fa07f0009c9,093e1f5bb73850be,Anthony Hernandez,9d83f6da776ff7d6,Roman Kopylov,Anthony Hernandez,093e1f5bb73850be
dab0e6cb8c932162,9ddaa62cc806958d,6b56e94a59b7b134,Oban Elliott,7a47e068f8017019,Val Woodburn,Oban Elliott,6b56e94a59b7b134
daff32bc96d1eabf,40e2a7b65794ac05,4798e823ada58fe9,Veronica Hardy,de594b35c45c2e9a,Eduarda Moura,Eduarda Moura,de594b35c45c2e9a
daff32bc96d1eabf,00414fc5519233b4,9e50097a89442158,Mickey Gall,3d074044a33825e7,Ramiz Brahimaj,Ramiz Brahimaj,3d074044a33825e7
daff32bc96d1eabf,8545a2495db16538,36541f1e6c5d4955,Viviane Araujo,9d62c2d8ee151f08,Karine Silva,Karine Silva,9d62c2d8ee151f08
daff32bc96d1eabf,b35e47f2f58ef026,07f72a2a7591b409,Jon Jones,d28dee5c705991df,Stipe Miocic,Jon Jones,07f72a2a7591b409
daff32bc96d1eabf,4f4189009a190e35,07225ba28ae309b6,Charles Oliveira,4b93a88f3b1de35b,Michael Chandler,Charles Oliveira,07225ba28ae309b6
daff32bc96d1eabf,cfd3e62c638fbd1f,35673bf5204524ee,Bo Nickal,eabf206b162b3b83,Paul Craig,Bo Nickal,35673bf5204524ee
daff32bc96d1eabf,9676a4e9362e4bfd,f4d92416da98804b,Bassil Hafez,6b56e94a59b7b134,Oban Elliott,Oban Elliott,6b56e94a59b7b134
daff32bc96d1eabf,2a930e2d7e1f87a9,f2477cf43c4975cc,Jonathan Martinez,c0ac37a4a1133da9,Marcus McGhee,Jonathan Martinez,f2477cf43c4975cc
daff32bc96d1eabf,35c8223cc967fe0a,d1941565abf50b16,Jim Miller,29af297d9f1de0f8,Damon Jackson,Jim Miller,d1941565abf50b16
daff32bc96d1eabf,6c1faa6284428e5d,c9cf753cfdf77fc2,Marcin Tybura,25f9a5f3e8a52618,Jhonata Diniz,Marcin Tybura,c9cf753cfdf77fc2
daff32bc96d1eabf,55eebc2ee92bf00a,9c393e836a852f30,Mauricio Ruffy,93b2b7caa457cbea,James Llontop,Mauricio Ruffy,9c393e836a852f30
daff32bc96d1eabf,c565e2baa27cc7e5,ffe9703408fb5964,David Onama,15ea371202eb25e1,Roberto Romero,David Onama,ffe9703408fb5964
db1f2ed63b54b9a7,17c598d7841daae0,fcd448a2fe1a23cc,Gian Villante,e9a3aeb207578eea,Ilir Latifi,Ilir Latifi,e9a3aeb207578eea
db1f2ed63b54b9a7,8295c37ad4b6187e,4ac1ecf8ce59ef23,Jason Saggo,9b198c73e3d0d289,Justin Salas,Jason Saggo,4ac1ecf8ce59ef23
db1f2ed63b54b9a7,4ace70bff9debdfb,f4c49976c75c5ab2,Conor McGregor,8355922d564b152c,Nate Diaz,Conor McGregor,f4c49976c75c5ab2
db1f2ed63b54b9a7,90a5ddd6738605d9,5866fc86183a9fb8,Erick Silva,49858bf46dabf6fb,Nordine Taleb,Nordine Taleb,49858bf46dabf6fb
db1f2ed63b54b9a7,6ecd93dbbaba7e10,902ec2cc48c8ae8a,Julian Erosa,88cd34d836b4ebcd,Teruto Ishihara,Julian Erosa,902ec2cc48c8ae8a
db1f2ed63b54b9a7,d3255f2b8ef2b559,92a9aa9c93192871,Darren Elkins,4bd6b4800070b069,Chas Skelly,Darren Elkins,92a9aa9c93192871
db1f2ed63b54b9a7,ba2f3b9a12400aa0,80fa8218c99f9c58,Amanda Nunes,132deb59abae64b1,Valentina Shevchenko,Amanda Nunes,80fa8218c99f9c58
db1f2ed63b54b9a7,0bdea30d7a7322f7,5e4eec08896c9423,Corey Anderson,4d44f37107f01b9b,Tom Lawlor,Corey Anderson,5e4eec08896c9423
db1f2ed63b54b9a7,3f3b8dcd16dd7383,82e7929bf6c2b689,Diego Sanchez,d1941565abf50b16,Jim Miller,Diego Sanchez,82e7929bf6c2b689
db1f2ed63b54b9a7,e86f7b7f3a047d2a,638cfec7ec559d6e,Brandon Thatch,aec185309b4843d0,Siyar Bahadurzada,Siyar Bahadurzada,aec185309b4843d0
db1f2ed63b54b9a7,49f83168974fb60f,4bcb6eb12b4ad4aa,Vitor Miranda,0c9c0a43d3f3f49d,Marcelo Guimaraes,Vitor Miranda,4bcb6eb12b4ad4aa
db1f2ed63b54b9a7,7ffd80b65b0ff942,634e2fb70bde3fd5,Holly Holm,b96619b3acd7d9da,Miesha Tate,Miesha Tate,b96619b3acd7d9da
dba230fe33011201,17e8ab0065e9085f,07797f10b9569cfc,Angel Pacheco,42ac4020cba261ad,Caolan Loughran,Caolan Loughran,42ac4020cba261ad
dba230fe33011201,f59cefe16905d62c,c4d039123e62f6a9,Dennis Buzukja,36e78278a77006d4,Connor Matthews,Dennis Buzukja,c4d039123e62f6a9
dba230fe33011201,77992b8727382373,3a8176e15b9887c1,Chris Weidman,12ebd7d157e91701,Bruno Silva,Chris Weidman,3a8176e15b9887c1
dba230fe33011201,ce33085fc5205bab,5f61780fe5e9b6d0,Andre Petroski,d4270315cbcf2569,Jacob Malkoun,Andre Petroski,5f61780fe5e9b6d0
dba230fe33011201,697e38075fd41819,6e8f1bcdda94ff45,Ibo Aslan,82529ce93cd9a2cf,Anton Turkalj,Ibo Aslan,6e8f1bcdda94ff45
dba230fe33011201,976abc27a4e5e26a,1291edf2d566a71a,Julio Arce,4f140403000158b5,Herbert Burns,Julio Arce,1291edf2d566a71a
dba230fe33011201,de12349f334c964e,6d4b63c767106d3a,Vicente Luque,b9437600497350f3,Joaquin Buckley,Joaquin Buckley,b9437600497350f3
dba230fe33011201,99dc6d45cbdfa322,7dda2cf308f24a02,Virna Jandiroba,8e5d953bdb9ae5e7,Loopy Godinez,Virna Jandiroba,7dda2cf308f24a02
dba230fe33011201,eb9f9f61507497a5,c68c68efaa5ca6ef,Chidi Njokuani,f748267c4ab6c127,Rhys McKee,Chidi Njokuani,c68c68efaa5ca6ef
dba230fe33011201,91aa08e910fb4412,9abc648e76c4493a,Bill Algeo,31f8081c7600da93,Kyle Nelson,Bill Algeo,9abc648e76c4493a
dba230fe33011201,e6d4fdad2b3422d1,669970f7feba8ecd,Erin Blanchfield,34ff304266360297,Manon Fiorot,Erin Blanchfield,669970f7feba8ecd
dba230fe33011201,e30250daa73005a8,49d2a08964c5eb11,Nursulton Ruziboev,4e6738062d469256,Sedriques Dumas,Nursulton Ruziboev,49d2a08964c5eb11
dba230fe33011201,636b01ee49925e49,583ee11abddfc581,Nate Landwehr,e00a3dee329a51f7,Jamall Emmers,Jamall Emmers,e00a3dee329a51f7
dbd198f780286aca,08e48648e3504638,351c4ec637380ad5,Karol Rosa,9b7dfb3b7d99926a,Vanessa Melo,Karol Rosa,351c4ec637380ad5
dbd198f780286aca,5d6fb4acfe5cc8a1,ea3dcc417c322064,Martin Day,113df4fde64735c6,Davey Grant,Davey Grant,113df4fde64735c6
dbd198f780286aca,137646de0ffd9c35,c9cf753cfdf77fc2,Marcin Tybura,950d0ef5c17157c5,Maxim Grishin,Marcin Tybura,c9cf753cfdf77fc2
dbd198f780286aca,159646a9d2ae8ea5,87a1dc546b1c5caf,Makwan Amirkhani,f7d73e452b064bf2,Danny Henry,Danny Henry,f7d73e452b064bf2
dbd198f780286aca,7c76c752c7abf2e0,9c65736747ca92ec,Leonardo Santos,d61316139d68dbe3,Roman Bogatov,Leonardo Santos,9c65736747ca92ec
dbd198f780286aca,ce7cd2ec773bea7f,8adcbd525fab8d9b,Elizeu Zaleski dos Santos,447f9858ae78f921,Muslim Salikhov,Elizeu Zaleski dos Santos,8adcbd525fab8d9b
dbd198f780286aca,cd8cdb539deaa47f,0845c81e37d3bcb3,Volkan Oezdemir,009341ed974bad72,Jiri Prochazka,Jiri Prochazka,009341ed974bad72
dbd198f780286aca,0e8d5c16eb9cb1cf,82b4e942781b1046,Raulian Paiva,55fa6ce3e522c8bb,Zhalgas Zhumagulov,Raulian Paiva,82b4e942781b1046
dbd198f780286aca,d292243c6499b2fe,f1b2aa7853d1ed6e,Kamaru Usman,47b9e0e7703a4868,Jorge Masvidal,Kamaru Usman,f1b2aa7853d1ed6e
dbd198f780286aca,e16f42a666e163d8,6a1901c62ab3870f,Jessica Andrade,47b63240018d5d86,Rose Namajunas,Rose Namajunas,47b63240018d5d86
dbd198f780286aca,0f9be7ac405772f8,d661ce4da776fc20,Petr Yan,d0f3959b4a9747e6,Jose Aldo,Petr Yan,d661ce4da776fc20
dbd198f780286aca,94b1596c6ff9a25d,e1248941344b3288,Alexander Volkanovski,150ff4cc642270b9,Max Holloway,Alexander Volkanovski,e1248941344b3288
dbd198f780286aca,6e0c1faaf40caf9a,beecb672a279223e,Amanda Ribas,4d5197f331c47290,Paige VanZant,Amanda Ribas,beecb672a279223e
dd39f1ca787a3d9d,f2ac86cd3e863243,aceffa19749c4dc0,Zubaira Tukhugov,64360e618823a8e4,Phillipe Nover,Zubaira Tukhugov,aceffa19749c4dc0
dd39f1ca787a3d9d,69aa797cef2e4782,4b47e71384a9522f,Tim Means,fc31f896cde2bc2e,John Howard,Tim Means,4b47e71384a9522f
dd39f1ca787a3d9d,3e875e1625bbdfbd,a6cba6bb66c1a8c9,Danny Roberts,15ec018d144710db,Nathan Coy,Nathan Coy,15ec018d144710db
dd39f1ca787a3d9d,5574c020655b435e,cb696ebfb6598724,Aljamain Sterling,528c24b99fbaab79,Johnny Eduardo,Aljamain Sterling,cb696ebfb6598724
dd39f1ca787a3d9d,1cc9816d18aa29d0,16690d100f995f8f,Omari Akhmedov,1bcaac2d99b90fce,Sergio Moraes,Omari Akhmedov,16690d100f995f8f
dd39f1ca787a3d9d,045c298c72fe196a,d1941565abf50b16,Jim Miller,c58f51dedb310998,Michael Chiesa,Jim Miller,d1941565abf50b16
dd39f1ca787a3d9d,d8fe965281e2e312,47b63240018d5d86,Rose Namajunas,4d5197f331c47290,Paige VanZant,Rose Namajunas,47b63240018d5d86
dd39f1ca787a3d9d,cc1993d02d28a3b9,ed9d8ee3a4239b1c,Sage Northcutt,5904b0b38dc6718d,Cody Pfister,Sage Northcutt,ed9d8ee3a4239b1c
dd39f1ca787a3d9d,3e6babcbd7b9d364,34f88592c0ab7a54,Elias Theodorou,dea070ed4a2a8281,Thiago Santos,Thiago Santos,dea070ed4a2a8281
dd992d569aaebee6,47b690fb54f2eaf9,ffc088e64fab57e9,Quinton Jackson,f7a7f7118d4b01b6,Lyoto Machida,Lyoto Machida,f7a7f7118d4b01b6
dd992d569aaebee6,3e0301367e511512,896c322f56b8be5a,George Sotiropoulos,3bad7ef643840f67,Joe Lauzon,George Sotiropoulos,896c322f56b8be5a
dd992d569aaebee6,552973c278f08fbb,621a6c59f88a44fe,Matt Hughes,73c7cfa551289285,BJ Penn,Matt Hughes,621a6c59f88a44fe
dd992d569aaebee6,15cae38f1326adfb,31123249b0bbf52e,Matt Brown,3dc3022232b79c7a,Brian Foster,Matt Brown,31123249b0bbf52e
dd992d569aaebee6,8d886fba9328269c,d5f820c11a121050,Aaron Simpson,179f1948dc234f1f,Mark Munoz,Aaron Simpson,d5f820c11a121050
dd992d569aaebee6,83ea3c36a6f91cb8,20205040232ed0f3,Tyson Griffin,6fb1ba67bef41b37,Nik Lentz,Nik Lentz,6fb1ba67bef41b37
dd992d569aaebee6,0ed093f6aaab94d3,349aaa3da11eb587,Karo Parisyan,8a8a84b743ae7699,Dennis Hallman,Karo Parisyan,349aaa3da11eb587
dd992d569aaebee6,71bcafd04decc8ce,902ab9197b83d0db,Phil Davis,c80095f6092271a7,Tim Boetsch,Phil Davis,902ab9197b83d0db
ddbd0d6259ce57cc,ba4485ce4e8e3fe1,a0f0004aadf10b71,Alexandre Pantoja,b1d19449397541dc,Askar Askarov,Alexandre Pantoja,a0f0004aadf10b71
ddbd0d6259ce57cc,b5f70d0c88f12645,ec52462a1b41f714,Brett Johns,cc1a8b4b38b92c6d,Montel Jackson,Montel Jackson,cc1a8b4b38b92c6d
ddbd0d6259ce57cc,c4c379b8f99fea88,6551c64fbcd1a467,Ariane da Silva,528b071cf3da7c56,Luana Carolina,Luana Carolina,528b071cf3da7c56
ddbd0d6259ce57cc,b9b0da84b243213f,dee294e9717012c2,Malcolm Gordon,6d35bf94f7d30241,Amir Albazi,Amir Albazi,6d35bf94f7d30241
ddbd0d6259ce57cc,ecb24300bb3bef8c,0052de90691d4a93,Davi Ramos,eae48ff31db420c2,Arman Tsarukyan,Arman Tsarukyan,eae48ff31db420c2
ddbd0d6259ce57cc,bb881d4ee6dfbf86,99bd51917728c25d,Grant Dawson,776a58a67665a171,Nad Narimani,Grant Dawson,99bd51917728c25d
ddbd0d6259ce57cc,b76c0b0ed2926737,654ae722109a0d31,Joe Duffy,58bbef3770bb2dfc,Joel Alvarez,Joel Alvarez,58bbef3770bb2dfc
ddbd0d6259ce57cc,e5a9f75b1117d848,327d5f279895110d,Roman Dolidze,c3218c810959d279,Khadis Ibragimov,Roman Dolidze,327d5f279895110d
ddbd0d6259ce57cc,147e31abbe3927d0,a2ea77e974c5889f,Carlos Felipe,e2f6b2769aaedd6c,Serghei Spivac,Serghei Spivac,e2f6b2769aaedd6c
ddbd0d6259ce57cc,e5872dfa5b93fcbb,32c355b04fc57f3a,Marc Diakiese,c814b4c899793af6,Rafael Fiziev,Rafael Fiziev,c814b4c899793af6
ddbd0d6259ce57cc,fcfd2e6eed519cb9,0a1942069c9ad6b6,Jack Hermansson,8c0580d4fff106c1,Kelvin Gastelum,Jack Hermansson,0a1942069c9ad6b6
ddbd0d6259ce57cc,4dc5039b21013b3a,aa72b0f831d0bfe5,Deiveson Figueiredo,80eacd4da0617c57,Joseph Benavidez,Deiveson Figueiredo,aa72b0f831d0bfe5
dde70a112e053a6c,f786136e55007e17,492b202d2064e7a9,Fabricio Werdum,3c6976f8182d9527,Alexander Gustafsson,Fabricio Werdum,492b202d2064e7a9
dde70a112e053a6c,87daaa6db4f6940c,abd5fb12437eda21,Ramazan Emeev,62f7097c04311193,Niklas Stolze,Ramazan Emeev,abd5fb12437eda21
dde70a112e053a6c,67db05bac9165722,329e403448756217,Nathaniel Wood,5fa2974cbd18e05c,John Castaneda,Nathaniel Wood,329e403448756217
dde70a112e053a6c,88d3b6b833e31712,04c8b08b16a5b99e,Tanner Boser,41f90012b86a11bf,Raphael Pessoa,Tanner Boser,04c8b08b16a5b99e
dde70a112e053a6c,32b0e450b11b32fe,76e2870ffafbe38f,Movsar Evloev,56fcb2c4d99f9d1b,Mike Grundy,Movsar Evloev,76e2870ffafbe38f
dde70a112e053a6c,3b209a2aee014ac2,a8283a4f415e1eb9,Francisco Trinaldo,4c88a1db5a46c6a4,Jai Herbert,Francisco Trinaldo,a8283a4f415e1eb9
dde70a112e053a6c,6cfab1da57d260f4,399afbabc02376b5,Tom Aspinall,92fa1401b7927da3,Jake Collier,Tom Aspinall,399afbabc02376b5
dde70a112e053a6c,58e07add007685f8,57b10fca4f9c9a7a,Alex Oliveira,1fcfc3709fe58151,Peter Sobotta,Alex Oliveira,57b10fca4f9c9a7a
dde70a112e053a6c,573d3a6984cbcd29,767755fd74662dbf,Khamzat Chimaev,f748267c4ab6c127,Rhys McKee,Khamzat Chimaev,767755fd74662dbf
dde70a112e053a6c,5632f2364016e879,d910665038efc639,Carla Esparza,cd2c4d30c6e13b47,Marina Rodriguez,Carla Esparza,d910665038efc639
dde70a112e053a6c,74dae3d87a99cf5d,eabf206b162b3b83,Paul Craig,af997f7611673880,Gadzhimurad Antigulov,Paul Craig,eabf206b162b3b83
dde70a112e053a6c,a3820f1eb82f2ba6,140745cbbcb023ac,Mauricio Rua,73e09f837f3b5ecc,Rogerio Nogueira,Mauricio Rua,140745cbbcb023ac
dde70a112e053a6c,11f715fa5e825e51,e1147d3d2dabe1ce,Robert Whittaker,9ce6d5a03af801b7,Darren Till,Robert Whittaker,e1147d3d2dabe1ce
dde70a112e053a6c,54bbc7974df586a1,673ea7dcc786b1b3,Bethe Correia,91dac5e69e28d5b5,Pannie Kianzad,Pannie Kianzad,91dac5e69e28d5b5
de20ffb3fc2e7629,9b3bade95e1dd484,65f09bacd3957381,Cory Sandhagen,aa72b0f831d0bfe5,Deiveson Figueiredo,Cory Sandhagen,65f09bacd3957381
de20ffb3fc2e7629,380242601a2c5991,d549cefc7c54ab78,Reinier de Ridder,35673bf5204524ee,Bo Nickal,Reinier de Ridder,d549cefc7c54ab78
de20ffb3fc2e7629,c445401709421fa4,764d39074a352e33,Thomas Petersen,1a9480fc288e55d7,Don'Tale Mayes,Thomas Petersen,764d39074a352e33
de20ffb3fc2e7629,5ce29056e0cd2df9,cc1a8b4b38b92c6d,Montel Jackson,850266b3dc4e506e,Daniel Marcos,Montel Jackson,cc1a8b4b38b92c6d
de20ffb3fc2e7629,6e26a6293ea6ba62,cd2c4d30c6e13b47,Marina Rodriguez,38c7f72747f4f712,Gillian Robertson,Gillian Robertson,38c7f72747f4f712
de20ffb3fc2e7629,469f887278324e63,aa0c573da7119292,Juliana Miller,38c5817ade8a8014,Ivana Petrovic,Ivana Petrovic,38c5817ade8a8014
de20ffb3fc2e7629,9039959b41901412,18968f97ad34f15c,Jeremy Stephens,f6ad6a1e4d600e0d,Mason Jones,Mason Jones,f6ad6a1e4d600e0d
de20ffb3fc2e7629,2707dc2245335cc1,3143bf892608139a,Yana Santos,b96619b3acd7d9da,Miesha Tate,Miesha Tate,b96619b3acd7d9da
de20ffb3fc2e7629,77ed474dfc5359ea,d5bab53a1a603aac,Ryan Loder,3bc3f60b21cddc6a,Azamat Bekoev,Azamat Bekoev,3bc3f60b21cddc6a
de20ffb3fc2e7629,97b32ff27fd457a8,96924b0019b3aff1,Gaston Bolanos,32feae6d9a1e5047,Quang Le,Quang Le,32feae6d9a1e5047
de20ffb3fc2e7629,191ee545160a4e09,6d1bffff14897645,Santiago Ponzinibbio,8a1f3b5c526cd6e6,Daniel Rodriguez,Santiago Ponzinibbio,6d1bffff14897645
de20ffb3fc2e7629,6ccd10adc968e1f0,5c84f673b7bb7c15,Cameron Smotherman,1a2bf44edb8055b6,Serhiy Sidey,Serhiy Sidey,1a2bf44edb8055b6
de25520d54eab12d,02731f017c838ad4,3a46b268013afede,Kevin Holland,e9ac7bfb65c25497,John Phillips,Kevin Holland,3a46b268013afede
de25520d54eab12d,9e1853861f58191f,32490e80ddab1e5a,Song Kenan,cdb96af67d096b1e,Alex Morono,Alex Morono,cdb96af67d096b1e
de25520d54eab12d,43af7c5772e8198f,31bbd39c0a075d4e,Pingyuan Liu,ea3dcc417c322064,Martin Day,Pingyuan Liu,31bbd39c0a075d4e
de25520d54eab12d,21992c366d3b4602,e64b96c07d7ce999,Li Jingliang,3bb2dc8e87b10a46,David Zawada,Li Jingliang,e64b96c07d7ce999
de25520d54eab12d,a932059e61f4c25e,1ebe20ebbfa15e29,Zhang Weili,8f382b3baa954d2a,Jessica Aguilar,Zhang Weili,1ebe20ebbfa15e29
de25520d54eab12d,438fbdd4cf27e324,f1175ea3aafbf351,Hu Yaozong,d1528ac5675558b1,Rashad Coulter,Rashad Coulter,d1528ac5675558b1
de25520d54eab12d,1c43b38c1f4bdbe2,b4ad3a06ee4d660c,Alistair Overeem,f14cf73e51b29254,Sergei Pavlovich,Sergei Pavlovich,f14cf73e51b29254
de25520d54eab12d,d755a29a49c9ee09,efb96bf3e9ada36f,Song Yadong,37098a6e6c27fb66,Vince Morales,Song Yadong,efb96bf3e9ada36f
de25520d54eab12d,e8093d77f566fe51,c41d426cc7326d1b,Yan Xiaonan,a851c35f58199231,Syuri Kondo,Yan Xiaonan,c41d426cc7326d1b
de25520d54eab12d,12e12307414dafc6,fa6796c55d6c5440,Curtis Blaydes,8d03ce87ca14e778,Francis Ngannou,Curtis Blaydes,fa6796c55d6c5440
de25520d54eab12d,8c109a0c53ed9618,3cf18e01cb6cbde3,Sumudaerji,d2bc285ead803db0,Louis Smolka,Sumudaerji,3cf18e01cb6cbde3
de25520d54eab12d,d1a93a55c8063ff3,fdbefee0827e1567,Wu Yanan,f923e012414c883e,Lauren Mueller,Wu Yanan,fdbefee0827e1567
de277a4abcfeea46,f6454f2e508626ec,2e45d08b3f2f02c8,Malcolm Wellmaker,9c27f3217891f3f0,Kris Moutinho,Malcolm Wellmaker,2e45d08b3f2f02c8
de277a4abcfeea46,d75b3d3c2b209b75,f1b2aa7853d1ed6e,Kamaru Usman,b9437600497350f3,Joaquin Buckley,Kamaru Usman,f1b2aa7853d1ed6e
de277a4abcfeea46,1714950933f88ab9,d8c7c61b176e3994,Cody Garbrandt,b9f28e7045fdfce7,Raoni Barcelos,Raoni Barcelos,b9f28e7045fdfce7
de277a4abcfeea46,2ae7404681deb3b3,8e382b585a92affe,Phil Rowe,1497e735d9f2560a,Ange Loosa,Phil Rowe,8e382b585a92affe
de277a4abcfeea46,ab325ea526824723,5c637af9472ae7cc,Jamey-Lyn Horth,2c483cf443f38ece,Vanessa Demopoulos,Jamey-Lyn Horth,5c637af9472ae7cc
de277a4abcfeea46,e861e9cc0118c670,c58f51dedb310998,Michael Chiesa,523fa774700d7d3f,Court McGee,Michael Chiesa,c58f51dedb310998
de277a4abcfeea46,59c4fdb3c0673066,5987b2458f4b5290,Ricky Simon,5c84f673b7bb7c15,Cameron Smotherman,Ricky Simon,5987b2458f4b5290
de277a4abcfeea46,b39b8ff0d7de211a,7f6ed67d3ed3c036,Cody Durden,88be62d6c1e6dadb,Jose Ochoa,Cody Durden,7f6ed67d3ed3c036
de277a4abcfeea46,e5bd7e6e2a50a843,4144798612ef96e5,Edmen Shahbazyan,5f61780fe5e9b6d0,Andre Petroski,Andre Petroski,5f61780fe5e9b6d0
de277a4abcfeea46,ec2034b134ae71cd,a495f599e787614f,Alonzo Menifield,46e2011d92463b7e,Oumar Sy,Alonzo Menifield,a495f599e787614f
de277a4abcfeea46,79dfbbdd14fbbd11,47b63240018d5d86,Rose Namajunas,f29a6350c69f4a33,Miranda Maverick,Miranda Maverick,f29a6350c69f4a33
de3ed2e152520c8d,94df6c8cd2256f54,6f018c039b4d5d80,Jon Fitch,9583662df31d943f,Luigi Fioravanti,Jon Fitch,6f018c039b4d5d80
de3ed2e152520c8d,808d47f905e84e7e,75e5fec9f72910ef,Gleison Tibau,fa8b9e6b0c2269f8,Jason Dent,Gleison Tibau,75e5fec9f72910ef
de3ed2e152520c8d,0653b6227894cfd7,8b69839f3555a67b,Martin Kampmann,1fd4fbdcc67de844,Drew McFedries,Martin Kampmann,8b69839f3555a67b
de3ed2e152520c8d,8ca1bb1b2517f2e5,5be86bb2f78fef2f,Jason Lambert,d468288756ae3982,Renato Sobral,Renato Sobral,d468288756ae3982
de3ed2e152520c8d,3404f9095676a556,d897897060f10a3a,Rich Franklin,2be6596a9db33bf5,Jason MacDonald,Rich Franklin,d897897060f10a3a
de3ed2e152520c8d,7401d0f8ededa102,0aa92558424ced9e,Randy Couture,2a542ee8a8b83559,Tim Sylvia,Tim Sylvia,2a542ee8a8b83559
de3ed2e152520c8d,204932945d332406,621a6c59f88a44fe,Matt Hughes,91acd6910b802a9e,Chris Lytle,Matt Hughes,621a6c59f88a44fe
de99da2c0d18d34a,3760216f68f448b7,9f755fb04cc21499,Noad Lahat,09f579be4520394a,Diego Rivas,Diego Rivas,09f579be4520394a
de99da2c0d18d34a,3cbbf947fd0d2144,0941df56f6ac954b,Johny Hendricks,4a28cb716c19157a,Stephen Thompson,Stephen Thompson,4a28cb716c19157a
de99da2c0d18d34a,37008594c087470c,50db8711c70196cd,Ovince Saint Preux,5c1ca0c72b599a3c,Rafael Cavalcante,Ovince Saint Preux,50db8711c70196cd
de99da2c0d18d34a,a3935c950c40462b,3f7c14c7eca7195d,Roy Nelson,91ea901c458e95dd,Jared Rosholt,Jared Rosholt,91ea901c458e95dd
de99da2c0d18d34a,d6e1205babf27a9d,f5990c11974d8e9c,Mike Pyle,ab850a77a0fa487d,Sean Spencer,Mike Pyle,f5990c11974d8e9c
de99da2c0d18d34a,02ace8fdd83c6480,02f2a9702ba3d167,Artem Lobov,c17041f1bb5768d8,Alex White,Alex White,c17041f1bb5768d8
de99da2c0d18d34a,45500515780758f0,67f272324a030d00,Misha Cirkunov,2b6d855c6e280fb1,Alex Nicholson,Misha Cirkunov,67f272324a030d00
de99da2c0d18d34a,ee9173615ef4cfae,9e50097a89442158,Mickey Gall,0641c21bec209472,Mike Jackson,Mickey Gall,9e50097a89442158
de99da2c0d18d34a,311156891c7bdf60,a4de54ea806fb525,Ray Borg,9fa568ad2bf2cb0b,Justin Scoggins,Ray Borg,a4de54ea806fb525
de99da2c0d18d34a,640dbb5a89c0aad6,d3df1add9d9a7efb,Derrick Lewis,3f11b5d4bd76a6d9,Damian Grabowski,Derrick Lewis,d3df1add9d9a7efb
de99da2c0d18d34a,98035e427b476717,80eacd4da0617c57,Joseph Benavidez,57ab4d7c0bc09a30,Zach Makovsky,Joseph Benavidez,80eacd4da0617c57
de99da2c0d18d34a,d0a8304574e65ec9,6da99156486ed6c2,Joshua Burkman,b7ffa72aa148599a,KJ Noons,KJ Noons,b7ffa72aa148599a
df05aa15b2d66f57,1c91deb42b991d18,c17041f1bb5768d8,Alex White,c814b4c899793af6,Rafael Fiziev,Rafael Fiziev,c814b4c899793af6
df05aa15b2d66f57,4ea4d0a73a90bfb0,4e30e4250cb08b61,Loma Lookboonmee,e76d9f656ceb82ab,Aleksandra Albu,Loma Lookboonmee,4e30e4250cb08b61
df05aa15b2d66f57,cc477d322638ba30,068f8a189a47fea6,Maurice Greene,f14cf73e51b29254,Sergei Pavlovich,Sergei Pavlovich,f14cf73e51b29254
df05aa15b2d66f57,a4527094aa107b55,be0b310a12eb80b4,Enrique Barzola,76e2870ffafbe38f,Movsar Evloev,Movsar Evloev,76e2870ffafbe38f
df05aa15b2d66f57,1f9a6f2120835615,4a57ebb14315b251,Randa Markos,b4c6c904a9ffc5e8,Ashley Yoder,Ashley Yoder,b4c6c904a9ffc5e8
df05aa15b2d66f57,3d9aeef58dd0b51b,41f90012b86a11bf,Raphael Pessoa,6a11e325aa60ad02,Jeff Hughes,Raphael Pessoa,41f90012b86a11bf
df05aa15b2d66f57,89266a872e1f92d9,447f9858ae78f921,Muslim Salikhov,a12a8314adc1c1c9,Laureano Staropoli,Muslim Salikhov,447f9858ae78f921
df05aa15b2d66f57,b2d05ae88f820421,764342d39cdaa54a,Frank Camacho,08af939f41b5a57b,Beneil Dariush,Beneil Dariush,08af939f41b5a57b
df05aa15b2d66f57,241a0833e1c76804,427b5953ac8e3a27,Demian Maia,0b31f87be71ebbb1,Ben Askren,Demian Maia,427b5953ac8e3a27
df05aa15b2d66f57,41b75c9222c33cdf,787bb1f087ccff8a,Ciryl Gane,1a9480fc288e55d7,Don'Tale Mayes,Ciryl Gane,787bb1f087ccff8a
df05aa15b2d66f57,3162ae3ccbf785ac,511e82663651438d,Michael Johnson,31a13532e724ca2b,Stevie Ray,Stevie Ray,31a13532e724ca2b
df2cf66d8c0123db,6fbe7dffff5f5f1e,2c99576fefe53c7c,Renan Barao,0b64d0fed453ef7f,Scott Jorgensen,Renan Barao,2c99576fefe53c7c
df2cf66d8c0123db,d019250cc6d93527,7aa3d6964eff4877,Alex Caceres,bbfca6d5c27d9cd8,Edwin Figueroa,Alex Caceres,7aa3d6964eff4877
df2cf66d8c0123db,bd340a13bc3df8a1,31123249b0bbf52e,Matt Brown,8c8c92a12621d7e0,Chris Cope,Matt Brown,31123249b0bbf52e
df2cf66d8c0123db,6bde0b88f21304d4,3f7c14c7eca7195d,Roy Nelson,492b202d2064e7a9,Fabricio Werdum,Fabricio Werdum,492b202d2064e7a9
df2cf66d8c0123db,7e57d7848f9faacf,06f36cf4bd97ec77,Ed Herman,5abf827d62f98fee,Clifford Starks,Ed Herman,06f36cf4bd97ec77
df2cf66d8c0123db,5510b86a35c5614b,0dba4df5f34d5ff0,Rafael Natal,b7f38813485745da,Michael Kuiper,Rafael Natal,0dba4df5f34d5ff0
df2cf66d8c0123db,099a2db0470d456b,029eaff01e6bb8f0,Dustin Poirier,150ff4cc642270b9,Max Holloway,Max Holloway,150ff4cc642270b9
df2cf66d8c0123db,cee1fb8ac703f34f,dd37fd509af89f15,Josh Koscheck,236a37d96d476164,Mike Pierce,Mike Pierce,236a37d96d476164
df2cf66d8c0123db,6ecc59654c2f519f,d023ae89a2a4a41e,Matthew Riddle,76729a829623e266,Henry Martinez,Matthew Riddle,d023ae89a2a4a41e
df2cf66d8c0123db,09a2909e1848be52,f57a8a52ca401ed9,Nick Diaz,f9f07bb5a43535ed,Carlos Condit,Carlos Condit,f9f07bb5a43535ed
df5a77121ba84a5d,1019f330bdecfc65,2c99576fefe53c7c,Renan Barao,fc9a9559a05f2704,Eddie Wineland,Renan Barao,2c99576fefe53c7c
df5a77121ba84a5d,a605d4153c7dbd84,173acb3f920082b8,Roland Delorme,7aa3d6964eff4877,Alex Caceres,Alex Caceres,7aa3d6964eff4877
df5a77121ba84a5d,a95be3943ea0f691,e5ecaf884b6da2bc,Chris Clements,4a28cb716c19157a,Stephen Thompson,Stephen Thompson,4a28cb716c19157a
df5a77121ba84a5d,c0a5eeb0be0049bb,89a407032911e27e,Brendan Schaub,ba280572acfba13f,Matt Mitrione,Matt Mitrione,ba280572acfba13f
df5a77121ba84a5d,5b2cc17158d77f07,e51fcd9cd84c0b93,Michel Prazeres,5580771f383e141f,Jesse Ronson,Michel Prazeres,e51fcd9cd84c0b93
df5a77121ba84a5d,e37368ff2a7a71f6,5755960ebd0b16f6,Ivan Menjivar,5aedf14771ca82d2,Wilson Reis,Wilson Reis,5aedf14771ca82d2
df5a77121ba84a5d,b3bb90f5a2aa0d7c,3c921b1a30fdcbdd,Mike Ricci,08e908ed6d18d6a0,Myles Jury,Myles Jury,08e908ed6d18d6a0
df5a77121ba84a5d,0aa5be9d0e75dd42,07f72a2a7591b409,Jon Jones,3c6976f8182d9527,Alexander Gustafsson,Jon Jones,07f72a2a7591b409
df5a77121ba84a5d,0d857bd8245f9d31,b8592b4a383696cd,Mitch Gagnon,fe91d254db77a7fc,Dustin Kimura,Mitch Gagnon,b8592b4a383696cd
df5a77121ba84a5d,ca2b48fd007126e0,50d2f0018bcf9eef,Pat Healy,032cc3922d871c7f,Khabib Nurmagomedov,Khabib Nurmagomedov,032cc3922d871c7f
df5a77121ba84a5d,d9834a03626a3c06,05560764359161e4,Constantinos Philippou,3591d0d5d382a381,Francis Carmont,Francis Carmont,3591d0d5d382a381
df5a77121ba84a5d,d3f9262901219944,c21a036b4e012f1c,John Makdessi,44bc27bfa76dcd9e,Renee Forte,John Makdessi,c21a036b4e012f1c
df85d6ec3493d120,0fd639e6e28c51bb,86f582852a5b240a,Mac Danzig,1411c630ba711b64,Tommy Speer,Mac Danzig,86f582852a5b240a
df85d6ec3493d120,6ed5847dd874d2d2,daf1b84aebd6602b,Roger Huerta,c47df9303d318c67,Clay Guida,Roger Huerta,daf1b84aebd6602b
dfb965c9824425db,81f2f2d4b0302590,efb96bf3e9ada36f,Song Yadong,7c7332319c14094c,Marlon Vera,Song Yadong,efb96bf3e9ada36f
dfb965c9824425db,27bfb9205119f23b,ec34349e7dffcde7,Claudia Gadelha,f0feeb2192937424,Angela Hill,Claudia Gadelha,ec34349e7dffcde7
dfb965c9824425db,ce0748519d5ea5c6,b4ad3a06ee4d660c,Alistair Overeem,03f982ca3735070c,Walt Harris,Alistair Overeem,b4ad3a06ee4d660c
dfb965c9824425db,58540b24ed77d31b,82a5152216251682,Dan Ige,64a50dad704d1d49,Edson Barboza,Dan Ige,82a5152216251682
dfb965c9824425db,adac148ee6fa3bf7,31123249b0bbf52e,Matt Brown,82d4c957649faf9b,Miguel Baeza,Matt Brown,31123249b0bbf52e
dfb965c9824425db,b1e66cea3a4d4709,9560ff14eb3129f7,Giga Chikadze,06a80a685ea98573,Irwin Rivera,Giga Chikadze,9560ff14eb3129f7
dfb965c9824425db,906283a2adcbc3e0,5f179af5fffeb9f6,Cortney Casey,82cbb809d5ee565c,Mara Romero Borella,Cortney Casey,5f179af5fffeb9f6
dfb965c9824425db,f039c93516e48253,92a9aa9c93192871,Darren Elkins,583ee11abddfc581,Nate Landwehr,Darren Elkins,92a9aa9c93192871
dfb965c9824425db,ebe122e962d26fa4,d31a5546c0e9b213,Rodrigo Nascimento,1a9480fc288e55d7,Don'Tale Mayes,Rodrigo Nascimento,d31a5546c0e9b213
dfb965c9824425db,821a1c6f5d7fab14,cad24459b28592ca,Eryk Anders,4e06913c91da5200,Krzysztof Jotko,Krzysztof Jotko,4e06913c91da5200
dfb965c9824425db,51461da4ba467901,093e1f5bb73850be,Anthony Hernandez,3a46b268013afede,Kevin Holland,Anthony Hernandez,093e1f5bb73850be
dfdd0c5dd0d4bc23,802eba82d2b6113e,fc169c387b4b465d,Raquel Pennington,fc6e681bf6658faf,Ashlee Evans-Smith,Raquel Pennington,fc169c387b4b465d
dfdd0c5dd0d4bc23,7e8f4240725316a4,22a92d7f62195791,Tony Ferguson,e14b5aa06eea9653,Abel Trujillo,Tony Ferguson,22a92d7f62195791
dfdd0c5dd0d4bc23,93b7ae1e0f79d100,cbb682f5fcc44bfc,Anthony Pettis,aa5b4eff51bdc7d1,Gilbert Melendez,Anthony Pettis,cbb682f5fcc44bfc
dfdd0c5dd0d4bc23,44fc830a664ed611,0941df56f6ac954b,Johny Hendricks,f2925e6db404bf1d,Robbie Lawler,Johny Hendricks,0941df56f6ac954b
dfdd0c5dd0d4bc23,bf1a7590c455bc7b,c17041f1bb5768d8,Alex White,cc900c6a71ed23f3,Clay Collard,Clay Collard,cc900c6a71ed23f3
dfdd0c5dd0d4bc23,2417f4130d707978,de75d1c45a39e221,Sergio Pettis,b57edace7b647f07,Matt Hobar,Sergio Pettis,de75d1c45a39e221
dfdd0c5dd0d4bc23,58112f9fc0058e68,bda04c573563cc2e,Todd Duffee,c727c7d31c50c4cf,Anthony Hamilton,Todd Duffee,bda04c573563cc2e
dfdd0c5dd0d4bc23,acc987adeab45bfc,8cad40a75e5c97f5,Eddie Gordon,9deff9e3e8d94d47,Josh Samman,Josh Samman,9deff9e3e8d94d47
dfdd0c5dd0d4bc23,c5ae278a05b73db9,78114b7199cef90c,Urijah Faber,7ea4a9f07df33a45,Francisco Rivera,Urijah Faber,78114b7199cef90c
dfdd0c5dd0d4bc23,9b1e3d99fffb9c10,3236bf606fe9fa5b,Travis Browne,89a407032911e27e,Brendan Schaub,Brendan Schaub,89a407032911e27e
e06fd1260ac865a7,9e6f956caa7b549b,2f732dd9210d301f,Tito Ortiz,63b65af1c5cb02cb,Ken Shamrock,Tito Ortiz,2f732dd9210d301f
e06fd1260ac865a7,9a0865000a3d642e,a390eb8a9b2df298,Chuck Liddell,d468288756ae3982,Renato Sobral,Chuck Liddell,a390eb8a9b2df298
e0b74df14f52cd15,8c124a6196e39ad8,179f1948dc234f1f,Mark Munoz,c80095f6092271a7,Tim Boetsch,Mark Munoz,179f1948dc234f1f
e0b74df14f52cd15,a7cc5dc1a5c1e643,236a37d96d476164,Mike Pierce,8f3df4c579cfbb69,David Mitchell,Mike Pierce,236a37d96d476164
e0b74df14f52cd15,b57f68fa967fa59e,3c660c90d48fc80d,Tim Kennedy,a6bbd3df469c6bea,Roger Gracie,Tim Kennedy,3c660c90d48fc80d
e0b74df14f52cd15,005723fb99440272,64a50dad704d1d49,Edson Barboza,15b1b21cd743d652,Rafaello Oliveira,Edson Barboza,64a50dad704d1d49
e0b74df14f52cd15,c5de5c3633a0bfce,270b89c00ef0c55c,Gabriel Gonzaga,cbd6f1abf955e628,Dave Herman,Gabriel Gonzaga,270b89c00ef0c55c
e0b74df14f52cd15,c3601529b7a7d489,d247691a6c0e9034,Cub Swanson,5f87a5c00b3d17ed,Dennis Siver,Cub Swanson,d247691a6c0e9034
e0b74df14f52cd15,6453b20a65c62cfe,f2688492b9a525a3,Frankie Edgar,07225ba28ae309b6,Charles Oliveira,Charles Oliveira,07225ba28ae309b6
e0b74df14f52cd15,86bbe429ae27d913,14ff46596ad80609,Norman Parke,c4af2feb4b58bc3b,Kazuki Tokudome,Norman Parke,14ff46596ad80609
e0b74df14f52cd15,9a6a6716cdfadc98,1f454354805b6f75,Anderson Silva,3a8176e15b9887c1,Chris Weidman,Anderson Silva,1f454354805b6f75
e0b74df14f52cd15,701279417e0bf776,d43a048a880efdff,Chris Leben,8a70ceb3edbe757b,Andrew Craig,Chris Leben,d43a048a880efdff
e15d0a2519d6a0b5,6832e9e62da0f9d3,d7338bcb141abd2c,Antonina Shevchenko,04835018f90b118c,Casey O'Neill,Casey O'Neill,04835018f90b118c
e15d0a2519d6a0b5,5f444eac11e55161,3a314d9fa7c6825d,Douglas Silva de Andrade,8765559b6a29a421,Gaetano Pirrello,Douglas Silva de Andrade,3a314d9fa7c6825d
e15d0a2519d6a0b5,16d31775a8dcb31d,673ea7dcc786b1b3,Bethe Correia,351c4ec637380ad5,Karol Rosa,Karol Rosa,351c4ec637380ad5
e15d0a2519d6a0b5,c1e5859053263811,5e6294b37bbef029,Stephanie Egger,568bbad0eaced57c,Shanna Young,Stephanie Egger,5e6294b37bbef029
e15d0a2519d6a0b5,3b7eb8e56052a2af,af65aa688d13eedf,Joe Solecki,7026eca45f65377b,Jared Gordon,Jared Gordon,7026eca45f65377b
e15d0a2519d6a0b5,dfa2f5c821a52c63,207773daeb4afa7b,Devonte Smith,af9f42e6894047fc,Jamie Mullarkey,Jamie Mullarkey,af9f42e6894047fc
e15d0a2519d6a0b5,dba710edbc3c29ff,67f272324a030d00,Misha Cirkunov,4e06913c91da5200,Krzysztof Jotko,Krzysztof Jotko,4e06913c91da5200
e15d0a2519d6a0b5,e7423a91a253b416,80daefbed11ce998,Alejandro Perez,528c24b99fbaab79,Johnny Eduardo,Alejandro Perez,80daefbed11ce998
e15d0a2519d6a0b5,a00b4e82f9d4f92c,262a7d06203657e6,Alexander Hernandez,d80ee110748171ac,Mike Breeden,Alexander Hernandez,262a7d06203657e6
e15d0a2519d6a0b5,9c33c8d4a381ba70,57b10fca4f9c9a7a,Alex Oliveira,d8da10db80131bec,Niko Price,Alex Oliveira,57b10fca4f9c9a7a
e15d0a2519d6a0b5,37c484012ef24a5b,dea070ed4a2a8281,Thiago Santos,c21f26bbde777573,Johnny Walker,Thiago Santos,dea070ed4a2a8281
e18012194473e8b0,5c5ed0416e881faf,3f7c14c7eca7195d,Roy Nelson,8349d55cdecd393a,Antonio Silva,Roy Nelson,3f7c14c7eca7195d
e18012194473e8b0,0408a452fb5c3e14,94527830000ab715,Rani Yahya,64788ee44b062ded,Michinori Tanaka,Rani Yahya,94527830000ab715
e18012194473e8b0,6f2a4a2f769eb9e3,23024fdfc966410a,Gilbert Burns,e51fcd9cd84c0b93,Michel Prazeres,Michel Prazeres,e51fcd9cd84c0b93
e18012194473e8b0,c29b63d6cd2ba413,fa37628269132d1a,Godofredo Pepey,1971869b7e054261,Mike de la Torre,Godofredo Pepey,fa37628269132d1a
e18012194473e8b0,66b8f3426f36fdf7,dea070ed4a2a8281,Thiago Santos,b9664eae2ac75262,Eric Spicely,Thiago Santos,dea070ed4a2a8281
e18012194473e8b0,76c5f66afe6ab192,634bb0de2eb043b4,Cristiane Justino,2eeaefbfc7f9fcff,Lina Lansberg,Cristiane Justino,634bb0de2eb043b4
e18012194473e8b0,39c16381a9722735,b102c26727306ab6,Jussier Formiga,f53c1f4ceeed8c08,Dustin Ortiz,Jussier Formiga,b102c26727306ab6
e18012194473e8b0,0e9b7e682e0a79f1,5866fc86183a9fb8,Erick Silva,9ccf8371fd80d45d,Luan Chagas,Luan Chagas,9ccf8371fd80d45d
e18012194473e8b0,845907142e023077,a8283a4f415e1eb9,Francisco Trinaldo,e5010b1b94ca5755,Paul Felder,Francisco Trinaldo,a8283a4f415e1eb9
e18012194473e8b0,50935ae1627fc89b,2c99576fefe53c7c,Renan Barao,64360e618823a8e4,Phillipe Nover,Renan Barao,2c99576fefe53c7c
e18012194473e8b0,1afa8d6ae4d8a5b2,cd7763bcadb5d4c8,Alan Patrick,31a13532e724ca2b,Stevie Ray,Stevie Ray,31a13532e724ca2b
e18012194473e8b0,5948876f1d80c21a,6d4b63c767106d3a,Vicente Luque,4b8fb0453a596b8e,Hector Urbina,Vicente Luque,6d4b63c767106d3a
e18012194473e8b0,fae3f395669b7285,00a3ff40c4b2cf21,Glaico Franca Moreira,84ff027394f7e470,Gregor Gillespie,Gregor Gillespie,84ff027394f7e470
e29cf523ebd155c5,e1e31a8dfa9c27f6,19b7738321cfae42,Mallory Martin,2244d9a2b64b8c3b,Hannah Cifers,Mallory Martin,19b7738321cfae42
e29cf523ebd155c5,eb9097be07a3c26a,c549573c0df4d676,Maki Pitolo,257b0c8d6f199895,Impa Kasanganay,Impa Kasanganay,257b0c8d6f199895
e29cf523ebd155c5,1ff4586752ee8a93,d4c9dcd330403612,Anthony Smith,333b9e5c723ac873,Aleksandar Rakic,Aleksandar Rakic,333b9e5c723ac873
e29cf523ebd155c5,0a7517a16d2d9db6,77d7295d1b22c694,Alessio Di Chirico,4ba8d454f762005d,Zak Cummings,Zak Cummings,4ba8d454f762005d
e29cf523ebd155c5,16358c536d739017,9673a497a9da119a,Polyana Viana,b3d21b2610dcfaeb,Emily Whitmire,Polyana Viana,9673a497a9da119a
e29cf523ebd155c5,864cddd6e165ea2d,f2925e6db404bf1d,Robbie Lawler,84b3e7d38f2d2ec5,Neil Magny,Neil Magny,84b3e7d38f2d2ec5
e29cf523ebd155c5,c5ba56d51f6b0171,45f7cb591c3ab00b,Sean Brady,ae071698e1a3ccd4,Christian Aguilera,Sean Brady,45f7cb591c3ab00b
e29cf523ebd155c5,d43c007dab9c51b0,7aa3d6964eff4877,Alex Caceres,37cc294027f55e4d,Austin Springer,Alex Caceres,7aa3d6964eff4877
e29cf523ebd155c5,3a8e4b830750e9d4,3974fa35c917af1d,Ricardo Lamas,9abc648e76c4493a,Bill Algeo,Ricardo Lamas,3974fa35c917af1d
e29cf523ebd155c5,0a9f22de8600c762,a20f234df70f2182,Ji Yeon Kim,e8b731feff72294b,Alexa Grasso,Alexa Grasso,e8b731feff72294b
e31502e3f79d00c5,a255ed658a2ac9bb,899923ff6ab13917,Bevon Lewis,a17ad5a5048e8c3f,Darren Stewart,Darren Stewart,a17ad5a5048e8c3f
e31502e3f79d00c5,82eb6fa58ae52428,e872e9a9a902c045,Katlyn Cerminara,12f91bfa8f1f723b,Joanne Wood,Katlyn Cerminara,e872e9a9a902c045
e31502e3f79d00c5,97c76d44699f7c93,c41d426cc7326d1b,Yan Xiaonan,f0feeb2192937424,Angela Hill,Yan Xiaonan,c41d426cc7326d1b
e31502e3f79d00c5,17753b728e5404aa,cb696ebfb6598724,Aljamain Sterling,6bd02119599741a4,Pedro Munhoz,Aljamain Sterling,cb696ebfb6598724
e31502e3f79d00c5,bf2a9732af50c84c,3974fa35c917af1d,Ricardo Lamas,751de04455cfaac0,Calvin Kattar,Ricardo Lamas,3974fa35c917af1d
e31502e3f79d00c5,fe0c844a671dd6d8,9c907996820d2d69,Jimmie Rivera,d661ce4da776fc20,Petr Yan,Petr Yan,d661ce4da776fc20
e31502e3f79d00c5,cd2ceb5530529c9f,c62fbc117d57b943,Tai Tuivasa,1788eee370f077b7,Blagoy Ivanov,Tai Tuivasa,c62fbc117d57b943
e31502e3f79d00c5,56403d0fd259c5d9,b08012bbe542592a,Tatiana Suarez,d343df8ba11f4c4e,Nina Nunes,Tatiana Suarez,b08012bbe542592a
e31502e3f79d00c5,323dc938d93a849b,22a92d7f62195791,Tony Ferguson,1d00756835ca67c9,Donald Cerrone,Tony Ferguson,22a92d7f62195791
e31502e3f79d00c5,aa430402314b4459,fc9a9559a05f2704,Eddie Wineland,d3fa5c5955397532,Grigory Popov,Eddie Wineland,fc9a9559a05f2704
e31502e3f79d00c5,4127b45c3d546eef,132deb59abae64b1,Valentina Shevchenko,f72465a784c1b084,Jessica Eye,Valentina Shevchenko,132deb59abae64b1
e31502e3f79d00c5,cf4199c8517bc1fd,056c493bbd76a918,Henry Cejudo,fea79f9bc8c68769,Marlon Moraes,Henry Cejudo,056c493bbd76a918
e31502e3f79d00c5,a4446299c1f85d74,d7c3816669784109,Karolina Kowalkiewicz,e8b731feff72294b,Alexa Grasso,Alexa Grasso,e8b731feff72294b
e49c2db95e572dc8,3d35eb2d46bf74de,595db60957de51d3,Michel Pereira,2558ae2e5671e318,Khaos Williams,Michel Pereira,595db60957de51d3
e49c2db95e572dc8,62e6eadbb2805760,09e62c450e754913,Jimmy Flick,7f6ed67d3ed3c036,Cody Durden,Cody Durden,7f6ed67d3ed3c036
e49c2db95e572dc8,014f1da2083ca174,d0f3959b4a9747e6,Jose Aldo,7c7332319c14094c,Marlon Vera,Jose Aldo,d0f3959b4a9747e6
e49c2db95e572dc8,8da75fd76a9b8e1d,de45aaae23dfa392,Christos Giagos,40d8b74488743800,Carlton Minus,Christos Giagos,de45aaae23dfa392
e49c2db95e572dc8,1c4602efe5587902,cbb682f5fcc44bfc,Anthony Pettis,cdb96af67d096b1e,Alex Morono,Anthony Pettis,cbb682f5fcc44bfc
e49c2db95e572dc8,cd150cd28738a7c5,c9cf753cfdf77fc2,Marcin Tybura,85073dbd1be65ed9,Greg Hardy,Marcin Tybura,c9cf753cfdf77fc2
e49c2db95e572dc8,c7375d5db21cbaae,4a28cb716c19157a,Stephen Thompson,b997be68943010fc,Geoff Neal,Stephen Thompson,4a28cb716c19157a
e49c2db95e572dc8,f004d3d50b78af50,483a953b18d73bb3,Deron Winn,61fb8098ccf81c7f,Antonio Arroyo,Deron Winn,483a953b18d73bb3
e49c2db95e572dc8,f2fb049980631302,38c7f72747f4f712,Gillian Robertson,f7467152fd9f18a2,Taila Santos,Taila Santos,f7467152fd9f18a2
e49c2db95e572dc8,4cb249714ff56656,4234f0097c83fa62,Sijara Eubanks,91dac5e69e28d5b5,Pannie Kianzad,Pannie Kianzad,91dac5e69e28d5b5
e49c2db95e572dc8,0fe4906754b2d0f9,6aae253467e8f9ce,Tafon Nchukwi,830f60497fab345a,Jamie Pickett,Tafon Nchukwi,6aae253467e8f9ce
e49c2db95e572dc8,8955ea3c7c332e6c,fea79f9bc8c68769,Marlon Moraes,05339613bf8e9808,Rob Font,Rob Font,05339613bf8e9808
e4a9dbade7c7e1a7,4e566db7d26df001,5b86d491d63890c5,Ludovit Klein,d1053e55f00e53fe,AJ Cunningham,Ludovit Klein,5b86d491d63890c5
e4a9dbade7c7e1a7,32bd7ed48f5aea7e,cad24459b28592ca,Eryk Anders,830f60497fab345a,Jamie Pickett,Eryk Anders,cad24459b28592ca
e4a9dbade7c7e1a7,3ea7d69a1238f26a,a93f94c923c3a9cb,Christian Leroy Duncan,972c456ff38b2015,Claudio Ribeiro,Christian Leroy Duncan,a93f94c923c3a9cb
e4a9dbade7c7e1a7,ba8f219260e212f8,597499ac7a5aac62,Abdul-Kareem Al-Selwady,8c169fbe1ac33637,Loik Radzhabov,Loik Radzhabov,8c169fbe1ac33637
e4a9dbade7c7e1a7,cde2f88251b73305,18d01f7f8338ae72,Vinicius Oliveira,b6c37948cb226e8c,Benardo Sopaj,Vinicius Oliveira,18d01f7f8338ae72
e4a9dbade7c7e1a7,024beecfd3f0ed7a,67c1d46f4ed16f9e,Matt Schnell,32ab52e5de93092d,Steve Erceg,Steve Erceg,32ab52e5de93092d
e4a9dbade7c7e1a7,dcf5014e56649c2f,2b6fc1c02736833d,Umar Nurmagomedov,a4dc0f2b95df4cc1,Bekzat Almakhan,Umar Nurmagomedov,2b6fc1c02736833d
e4a9dbade7c7e1a7,5a82757b553c40fc,ab2b4ff41d6ebe0f,Alex Perez,75353550928a7921,Muhammad Mokaev,Muhammad Mokaev,75353550928a7921
e4a9dbade7c7e1a7,df3cc5ec78d05a71,71171fc96445bf65,Vitor Petrino,49e96ff8ab781589,Tyson Pedro,Vitor Petrino,71171fc96445bf65
e4a9dbade7c7e1a7,838fd9d2b14e0790,2cd428e9606856fd,Jairzinho Rozenstruik,6747ccd6d1acd266,Shamil Gaziev,Jairzinho Rozenstruik,2cd428e9606856fd
e4a9dbade7c7e1a7,a7d397cd0f2ac93a,24656ef4d605c96f,Aiemann Zahabi,bbab3baf66128ae2,Javid Basharat,Aiemann Zahabi,24656ef4d605c96f
e4bb7e483c4ad318,533984c3ff4b4858,396fe87b84ac2e1c,Lerone Murphy,f2f140ce7532e327,Gabriel Santos,Lerone Murphy,396fe87b84ac2e1c
e4bb7e483c4ad318,f40ac11da3bd7f8e,75353550928a7921,Muhammad Mokaev,65adf3856c4d9256,Jafel Filho,Muhammad Mokaev,75353550928a7921
e4bb7e483c4ad318,c483ac06b1e33c3b,f1fac969a1d70b08,Leon Edwards,f1b2aa7853d1ed6e,Kamaru Usman,Kamaru Usman,f1b2aa7853d1ed6e
e4bb7e483c4ad318,53d6d5ad08ac0694,aa0c573da7119292,Juliana Miller,4798e823ada58fe9,Veronica Hardy,Veronica Hardy,4798e823ada58fe9
e4bb7e483c4ad318,019b4d006800504b,fd55393021a8c255,Gunnar Nelson,a331233f597090a5,Bryan Barberena,Gunnar Nelson,fd55393021a8c255
e4bb7e483c4ad318,dd9cbf6d6284de26,8e1f36476ef02a6a,Jennifer Maia,04835018f90b118c,Casey O'Neill,Casey O'Neill,04835018f90b118c
e4bb7e483c4ad318,13f5be7a2ea5577e,b8a85389d115e35a,Jack Shore,87a1dc546b1c5caf,Makwan Amirkhani,Jack Shore,b8a85389d115e35a
e4bb7e483c4ad318,cdaf65287d9a0ecb,fd406a32a6fb3a29,Chris Duncan,a0e6753c42698f13,Omar Morales,Chris Duncan,fd406a32a6fb3a29
e4bb7e483c4ad318,5e9c027fb24efc2b,7acbb0972e75281a,Marvin Vettori,327d5f279895110d,Roman Dolidze,Marvin Vettori,7acbb0972e75281a
e4bb7e483c4ad318,90a83875e1d11238,9e8f6c728eb01124,Justin Gaethje,c814b4c899793af6,Rafael Fiziev,Justin Gaethje,9e8f6c728eb01124
e4bb7e483c4ad318,38094db8e3539cba,a93f94c923c3a9cb,Christian Leroy Duncan,866fd7b1a6c90e7f,Dusko Todorovic,Christian Leroy Duncan,a93f94c923c3a9cb
e4bb7e483c4ad318,8a3e7085e8e5a6e9,12f91bfa8f1f723b,Joanne Wood,528b071cf3da7c56,Luana Carolina,Luana Carolina,528b071cf3da7c56
e4bb7e483c4ad318,9f8cf5ac0807d64e,8b6e5dc2ba1edbe7,Sam Patterson,c739c2995a275314,Yanal Ashmouz,Sam Patterson,8b6e5dc2ba1edbe7
e4bb7e483c4ad318,6068385c48de6801,60a42bf82447c919,Jake Hadley,dee294e9717012c2,Malcolm Gordon,Jake Hadley,60a42bf82447c919
e57f0b06ea39e360,1bde9cb65d31cc76,92a9aa9c93192871,Darren Elkins,34e516ab361afb1c,Darrick Minner,Darren Elkins,92a9aa9c93192871
e57f0b06ea39e360,4bb77b1d8efc53a9,60425d07ef4b91a7,Kyler Phillips,82b4e942781b1046,Raulian Paiva,Kyler Phillips,60425d07ef4b91a7
e57f0b06ea39e360,1be65a0d2c1383f6,9e50097a89442158,Mickey Gall,e26bd53b751d61d9,Jordan Williams,Mickey Gall,9e50097a89442158
e57f0b06ea39e360,4911094a4ee26868,64facb6cc564262d,Punahele Soriano,2f181c0467965b98,Brendan Allen,Brendan Allen,2f181c0467965b98
e57f0b06ea39e360,dff1dbb8fe1f31cb,881bf86d4cba8578,Nassourdine Imavov,2e585c701f72fe55,Ian Heinisch,Nassourdine Imavov,881bf86d4cba8578
e57f0b06ea39e360,7c3ad06a520b8716,f29a6350c69f4a33,Miranda Maverick,6a740daf1b279661,Maycee Barber,Maycee Barber,6a740daf1b279661
e57f0b06ea39e360,43c391b251337c9b,0232cabbc30a2372,Adrian Yanez,325ad0dd9126d3df,Randy Costa,Adrian Yanez,0232cabbc30a2372
e57f0b06ea39e360,cade0268dec56f3d,1291edf2d566a71a,Julio Arce,5f6f049d54728e88,Andre Ewell,Julio Arce,1291edf2d566a71a
e57f0b06ea39e360,c13474b85d3ced32,4234f0097c83fa62,Sijara Eubanks,ac7c765882f2c68c,Elise Reed,Sijara Eubanks,4234f0097c83fa62
e57f0b06ea39e360,214b268e4a92f950,65f09bacd3957381,Cory Sandhagen,c849740a3ff51931,TJ Dillashaw,Cory Sandhagen,65f09bacd3957381
e57f0b06ea39e360,40ce202eaa78860c,d7e40dca3ae125be,Diana Belbita,26e3f3928b1891d9,Hannah Goldy,Diana Belbita,d7e40dca3ae125be
e5c38954c006f15c,bfef39e6493f6487,f9f07bb5a43535ed,Carlos Condit,8b69839f3555a67b,Martin Kampmann,Carlos Condit,f9f07bb5a43535ed
e5c38954c006f15c,8ab4682a544f3c49,0c6d9ea8306c029e,Brad Tavares,5cafbc97dba2e797,Robert McDaniel,Brad Tavares,0c6d9ea8306c029e
e5c38954c006f15c,382d626d45c36f14,48e093ea1f43a053,Takeya Mizugaki,af62f99eb7606308,Erik Perez,Erik Perez,af62f99eb7606308
e5c38954c006f15c,f18ea0d8b472dc1e,523fa774700d7d3f,Court McGee,e1147d3d2dabe1ce,Robert Whittaker,Robert Whittaker,e1147d3d2dabe1ce
e5c38954c006f15c,dd1131c208475365,92a9aa9c93192871,Darren Elkins,ef7fa30364cbe7f2,Hatsu Hioki,Darren Elkins,92a9aa9c93192871
e5c38954c006f15c,964eb53864554ed0,e56daf7725a0b5ab,Justin Edwards,638cfec7ec559d6e,Brandon Thatch,Brandon Thatch,638cfec7ec559d6e
e5c38954c006f15c,e1f9390c465a2988,19a8cce18a1cef9e,James Head,e5d03e4d966126bd,Jason High,James Head,19a8cce18a1cef9e
e5c38954c006f15c,ca17e1385ef98e57,1d00756835ca67c9,Donald Cerrone,6a2f7c151031653d,Rafael Dos Anjos,Donald Cerrone,1d00756835ca67c9
e5c38954c006f15c,602e8602fe9c9121,4ba8d454f762005d,Zak Cummings,c4fe2e9a06ea5bcb,Ben Alloway,Zak Cummings,4ba8d454f762005d
e5c9de15bb58b1c6,07d1d120dab41893,80d918336163b80c,Tatsuya Kawajiri,bd5403efbaa445c0,Sean Soriano,Tatsuya Kawajiri,80d918336163b80c
e5c9de15bb58b1c6,3ff7d02ef633ee22,0749d968e932df53,Tarec Saffiedine,203c957eac95dd87,Hyun Gyu Lim,Tarec Saffiedine,0749d968e932df53
e5c9de15bb58b1c6,eb82e95ab678f8bc,fe91d254db77a7fc,Dustin Kimura,0d0351c20169a499,Jon Delos Reyes,Dustin Kimura,fe91d254db77a7fc
e5c9de15bb58b1c6,f7bd56e197bab2a6,d1e1fdcea7c8a90a,Leandro Issa,f50d95223751e6ca,Russell Doane,Leandro Issa,d1e1fdcea7c8a90a
e5c9de15bb58b1c6,181429d8227794cb,8f5c8850b2484173,Mairbek Taisumov,9a2d3567abc02e34,Tae Hyun Bang,Mairbek Taisumov,8f5c8850b2484173
e5d03e4d966126bd,1019f2a9c012e949,23024fdfc966410a,Gilbert Burns,e2ccd9a9ace60de7,Aleksei Kunchenko,Gilbert Burns,23024fdfc966410a
e5d03e4d966126bd,f7cce33f6563dd72,0845c81e37d3bcb3,Volkan Oezdemir,e9a3aeb207578eea,Ilir Latifi,Volkan Oezdemir,0845c81e37d3bcb3
e5d03e4d966126bd,7feadf01c5920285,6d4b63c767106d3a,Vicente Luque,f2b6fdb20675b11c,Mike Perry,Vicente Luque,6d4b63c767106d3a
e5d03e4d966126bd,9d80bd1f92d23dfa,132deb59abae64b1,Valentina Shevchenko,51a0c09cbe9b8472,Liz Carmouche,Valentina Shevchenko,132deb59abae64b1
e5d03e4d966126bd,aef94727eb3897df,7bde387d50829adf,Eduardo Garagorri,2c2caf2f2bab9df5,Humberto Bandenay,Humberto Bandenay,2c2caf2f2bab9df5
e5d03e4d966126bd,8da94b2c1c0443d4,260e9e0d4954aea6,Rodolfo Vieira,1cf7ccf64a5bf24e,Oskar Piechota,Rodolfo Vieira,260e9e0d4954aea6
e5d03e4d966126bd,1d8a86d37c7ef3d3,787bb1f087ccff8a,Ciryl Gane,41f90012b86a11bf,Raphael Pessoa,Ciryl Gane,787bb1f087ccff8a
e5d03e4d966126bd,494042bf96730bc0,4798e823ada58fe9,Veronica Hardy,9673a497a9da119a,Polyana Viana,Veronica Hardy,4798e823ada58fe9
e5d03e4d966126bd,4c489b3c9d14cbc9,9cfbfae5fa1fdd93,Geraldo de Freitas,45f0cc9d18f35137,Chris Gutierrez,Chris Gutierrez,45f0cc9d18f35137
e5d03e4d966126bd,cb4dd24535ef2d94,07a2bdaa0afdd831,Rogerio Bontorin,82b4e942781b1046,Raulian Paiva,Raulian Paiva,82b4e942781b1046
e5d03e4d966126bd,975159720cfd0103,ec18eb918121787c,Kazula Vargas,c3ded6f7155f9ea4,Alex Da Silva,Alex Da Silva,c3ded6f7155f9ea4
e5d03e4d966126bd,4dd3035430a5ed43,be0b310a12eb80b4,Enrique Barzola,d76ad9a08c4408ff,Bobby Moffett,Enrique Barzola,be0b310a12eb80b4
e5d03e4d966126bd,d93b589bcec80ffe,31ef8b67e13495b3,Tecia Pennington,cd2c4d30c6e13b47,Marina Rodriguez,Marina Rodriguez,cd2c4d30c6e13b47
e6015889f50075d2,c7fadbdfdc14c282,ed7d329d7c29428d,Colby Thicknesse,4a6dff1b260bcf61,Aleksandre Topuria,Colby Thicknesse,ed7d329d7c29428d
e6015889f50075d2,4ce53d8a26693f06,a845f0735bc67405,Jake Matthews,3920d0cc288f9b0d,Francisco Prado,Jake Matthews,a845f0735bc67405
e6015889f50075d2,946cae1beed2baec,2997e7fe3c9d3d4a,Wang Cong,7138a15258dabf20,Bruna Brasil,Wang Cong,2997e7fe3c9d3d4a
e6015889f50075d2,d13849f49f99bf01,0d7b51c9d2649a6e,Dricus Du Plessis,0d8011111be000b2,Sean Strickland,Dricus Du Plessis,0d7b51c9d2649a6e
e6015889f50075d2,4218d1d1ce6d322c,17734443a833cdf7,Quillan Salkilld,a72a2a769fa5a2be,Anshul Jubli,Quillan Salkilld,17734443a833cdf7
e6015889f50075d2,8435f90fbd50c7a5,e13abac8089a801a,Justin Tafa,17923f676f100e16,Tallison Teixeira,Tallison Teixeira,17923f676f100e16
e6015889f50075d2,03c2a836d033be8f,1ebe20ebbfa15e29,Zhang Weili,b08012bbe542592a,Tatiana Suarez,Zhang Weili,1ebe20ebbfa15e29
e6015889f50075d2,8bc8bb0021337de7,f782f953bfe7b5f2,Jonathan Micallef,dda15dbfafb792df,Kevin Jousset,Jonathan Micallef,f782f953bfe7b5f2
e6015889f50075d2,1f70a4516a70abf2,a13d755965a4ec9f,Rongzhu,aebaa8cec15b083d,Kody Steele,Rongzhu,a13d755965a4ec9f
e6015889f50075d2,c35a53be30bfd066,a9da3158dd2c2b5a,Jack Jenkins,f2f140ce7532e327,Gabriel Santos,Gabriel Santos,f2f140ce7532e327
e6015889f50075d2,64641156360b1b81,6c3b2525436cf5d4,Tom Nolan,19c591115a58982c,Viacheslav Borshchev,Tom Nolan,6c3b2525436cf5d4
e60201cfab7d656d,8bf419824ca91470,907e60fd13407e1e,Bec Rawlings,165c244bcca3ed26,Seo Hee Ham,Seo Hee Ham,165c244bcca3ed26
e60201cfab7d656d,b33d1e693e3c9958,bdcbb976816fd256,Daniel Kelly,52e76bb4b3e852f3,Antonio Carlos Junior,Antonio Carlos Junior,52e76bb4b3e852f3
e60201cfab7d656d,a26db2cee9eab1f9,db1f2ed63b54b9a7,Hector Lombard,84b3e7d38f2d2ec5,Neil Magny,Neil Magny,84b3e7d38f2d2ec5
e60201cfab7d656d,784a57385d0e87ff,a845f0735bc67405,Jake Matthews,1f4b04a926ef1287,Johnny Case,Johnny Case,1f4b04a926ef1287
e60201cfab7d656d,cf13dd810b2bd061,f5431394fb284bb9,James Te Huna,e023fa2e648ea0f1,Steve Bosse,Steve Bosse,e023fa2e648ea0f1
e60201cfab7d656d,e3fb9146a7eaaa47,193b9d1858bc4df3,Dan Hooker,40ff198adda94b9f,Mark Eddiva,Dan Hooker,193b9d1858bc4df3
e60201cfab7d656d,fb98219ce569b384,eef9b891edbd4604,Mark Hunt,1ff9589f9065a9ed,Frank Mir,Mark Hunt,eef9b891edbd4604
e60201cfab7d656d,ee31f081cf576273,494b0bfdbac74502,Brendan O'Reilly,cf65d56b0755ed3b,Alan Jouban,Alan Jouban,cf65d56b0755ed3b
e60201cfab7d656d,95d46f7a7e72f91c,cd7763bcadb5d4c8,Alan Patrick,d024ed963e8bf7ea,Damien Brown,Alan Patrick,cd7763bcadb5d4c8
e60201cfab7d656d,d2105d00baa3e15e,303a05a7aa3ff761,Richard Walsh,d221ee27afc7a60e,Viscardi Andrade,Viscardi Andrade,d221ee27afc7a60e
e60201cfab7d656d,f7c9f7a6edca5299,4f732e58ed907eff,Ross Pearson,c03a5022f8439f2a,Chad Laprise,Chad Laprise,c03a5022f8439f2a
e670f8cc2969a789,2cfde31b41b2220d,621a6c59f88a44fe,Matt Hughes,d2d37e8eeb3abc8d,Frank Trigg,Matt Hughes,621a6c59f88a44fe
e670f8cc2969a789,b35adb9d047f5cd8,8f2d9ee27f206f1f,Evan Tanner,1652f3213655b935,Phil Baroni,Evan Tanner,8f2d9ee27f206f1f
e670f8cc2969a789,7d2d327fd7580364,f2925e6db404bf1d,Robbie Lawler,91acd6910b802a9e,Chris Lytle,Robbie Lawler,f2925e6db404bf1d
e69c5ce12f4e762b,e10481ee3fda7080,c3218c810959d279,Khadis Ibragimov,687c15b2eddfaa63,Danilo Marques,Danilo Marques,687c15b2eddfaa63
e69c5ce12f4e762b,e842c6f63fa2e27a,b9706f80d005036c,Ketlen Vieira,4234f0097c83fa62,Sijara Eubanks,Ketlen Vieira,b9706f80d005036c
e69c5ce12f4e762b,eed8c9955cad1e30,4cd8b03aee1d0138,Shane Young,5b86d491d63890c5,Ludovit Klein,Ludovit Klein,5b86d491d63890c5
e69c5ce12f4e762b,4c12c9085200121f,2e19380f34871c6a,Dominick Reyes,99df7d0a2a08a8a8,Jan Blachowicz,Dominick Reyes,2e19380f34871c6a
e69c5ce12f4e762b,73dbbdfcf7f989c0,82e7929bf6c2b689,Diego Sanchez,a845f0735bc67405,Jake Matthews,Diego Sanchez,82e7929bf6c2b689
e69c5ce12f4e762b,fd76b75c28dc247a,1338e2c7480bdf9e,Israel Adesanya,2e5c2aa8e4ab9d82,Paulo Costa,Israel Adesanya,1338e2c7480bdf9e
e69c5ce12f4e762b,9e674a02db6c03c8,853eb0dd5c0e2149,Kai Kara-France,6e15f63b6c2e2c15,Brandon Royval,Kai Kara-France,853eb0dd5c0e2149
e69c5ce12f4e762b,5a00c73efbcf323e,2c9d00968f818270,Hakeem Dawodu,aceffa19749c4dc0,Zubaira Tukhugov,Hakeem Dawodu,2c9d00968f818270
e69c5ce12f4e762b,5fb63c34935acce9,5da33b8fbfa5ee95,William Knight,c2a670b22d2e196f,Aleksa Camur,William Knight,5da33b8fbfa5ee95
e69c5ce12f4e762b,9f4d6d192ab4a027,37ed1ab2f8b819f4,Brad Riddell,c3ded6f7155f9ea4,Alex Da Silva,Alex Da Silva,c3ded6f7155f9ea4
e69c5ce12f4e762b,8e7b2d62f834b417,ccf5dc41417e9daf,Juan Espino,6a11e325aa60ad02,Jeff Hughes,Juan Espino,ccf5dc41417e9daf
e780ccc79a209985,3fad8fd8b6e4465d,d43a048a880efdff,Chris Leben,179f1948dc234f1f,Mark Munoz,Mark Munoz,179f1948dc234f1f
e780ccc79a209985,e623355d7f897b92,1a7745388839e52b,John Maguire,e56daf7725a0b5ab,Justin Edwards,John Maguire,1a7745388839e52b
e780ccc79a209985,da876a1ab4b8eb48,43563a32c3f10e95,Cyrille Diabate,4b4753d19489297f,Anthony Perosh,Cyrille Diabate,43563a32c3f10e95
e780ccc79a209985,7360ec204d4e0e10,8c8c92a12621d7e0,Chris Cope,6cadfd8f1d9e7685,Che Mills,Che Mills,6cadfd8f1d9e7685
e780ccc79a209985,3ca05de15ddd658b,c945adc22c2bfe8f,Brad Pickett,2c99576fefe53c7c,Renan Barao,Renan Barao,2c99576fefe53c7c
e780ccc79a209985,77862f580ce9bca8,9f842be1a5337be6,Michihiro Omigawa,f59e9e49ef85b469,Jason Young,Jason Young,f59e9e49ef85b469
e780ccc79a209985,3ed2190f1d604432,b2e3aca4cd363477,Chris Cariaso,8bb6f4479685bbcc,Vaughan Lee,Chris Cariaso,b2e3aca4cd363477
e780ccc79a209985,b7799cdf8a6470ea,a7d687e6ecb30981,Rob Broughton,6ef65b6a152e49d5,Philip De Fries,Rob Broughton,a7d687e6ecb30981
e7bc606d269896aa,52bae6f01ea9f926,e64b96c07d7ce999,Li Jingliang,47cd337b86b1af92,Zak Ottow,Li Jingliang,e64b96c07d7ce999
e7bc606d269896aa,62eaf9f2436bef25,dd12382f28296f7b,Wang Guan,7aa3d6964eff4877,Alex Caceres,Wang Guan,dd12382f28296f7b
e7bc606d269896aa,43ae6a9daa51ed93,32490e80ddab1e5a,Song Kenan,7dfb56f24fe5ddea,Bobby Nash,Song Kenan,32490e80ddab1e5a
e7bc606d269896aa,c8609059d2d87724,efb96bf3e9ada36f,Song Yadong,efd2b3e9bb7965a4,Bharat Kandare,Song Yadong,efb96bf3e9ada36f
e7bc606d269896aa,47628ab025f19796,05b43e0ead3df345,Kailin Curran,c41d426cc7326d1b,Yan Xiaonan,Yan Xiaonan,c41d426cc7326d1b
e7bc606d269896aa,4d5c3ddc740b89ca,01b352b6a9074d5c,Chase Sherman,2f5cbecbbe18bac4,Shamil Abdurakhimov,Shamil Abdurakhimov,2f5cbecbbe18bac4
e7bc606d269896aa,34c39a5a5917e0ec,9be6020024133293,Cyril Asker,f1175ea3aafbf351,Hu Yaozong,Cyril Asker,9be6020024133293
e7bc606d269896aa,e5fbb99bc3907516,fdbefee0827e1567,Wu Yanan,016a8d958883167c,Gina Mazany,Wu Yanan,fdbefee0827e1567
e7bc606d269896aa,903feee04bc91c59,2296125b6c362355,Wulijiburen,55ed59d541f8b90c,Rolando Dy,Wulijiburen,2296125b6c362355
e7bc606d269896aa,9f428684f3db247f,447f9858ae78f921,Muslim Salikhov,a2b12c3f3d60ff69,Alex Garcia,Muslim Salikhov,447f9858ae78f921
e7bc606d269896aa,4ba97e13df33388b,87aa9fb63d6b51a1,Zabit Magomedsharipov,0d62719b1dcf7c40,Sheymon Moraes,Zabit Magomedsharipov,87aa9fb63d6b51a1
e7bc606d269896aa,32ad75f6c8ca7e9f,2b93ebd9f5417ad2,Michael Bisping,8c0580d4fff106c1,Kelvin Gastelum,Kelvin Gastelum,8c0580d4fff106c1
e7bfdb5e0112891e,23ba0218f9f65e33,08e908ed6d18d6a0,Myles Jury,1971869b7e054261,Mike de la Torre,Myles Jury,08e908ed6d18d6a0
e7bfdb5e0112891e,ea8eaf881d38713e,d967f0128c323de6,Daniel Cormier,365fee2da473b177,Anthony Johnson,Daniel Cormier,d967f0128c323de6
e7bfdb5e0112891e,56c7c59c9bb3b610,b6e6c3b1dcaae0a1,Will Brooks,07225ba28ae309b6,Charles Oliveira,Charles Oliveira,07225ba28ae309b6
e7bfdb5e0112891e,2464a75ee75dbf2f,e872e9a9a902c045,Katlyn Cerminara,578ef12674df1e6a,Irene Aldana,Katlyn Cerminara,e872e9a9a902c045
e7bfdb5e0112891e,b2c1f9bdd5d3073d,f1b2aa7853d1ed6e,Kamaru Usman,0d8011111be000b2,Sean Strickland,Kamaru Usman,f1b2aa7853d1ed6e
e7bfdb5e0112891e,87a969d51de6e179,3a8176e15b9887c1,Chris Weidman,232c582f29f8f65e,Gegard Mousasi,Gegard Mousasi,232c582f29f8f65e
e7bfdb5e0112891e,a68672f66e12a3c2,31ee470ef5dc8d7f,Thiago Alves,9fa3bd637edd9aa2,Patrick Cote,Thiago Alves,31ee470ef5dc8d7f
e7bfdb5e0112891e,e7ad1c3a763c7cae,e51e5cb722bd47a8,Patrick Cummins,99df7d0a2a08a8a8,Jan Blachowicz,Jan Blachowicz,99df7d0a2a08a8a8
e7bfdb5e0112891e,97b7638c592a95a9,fba03cd6cc28dc41,Josh Emmett,f046d724d2a84ac5,Desmond Green,Josh Emmett,fba03cd6cc28dc41
e7bfdb5e0112891e,c4da9ec26a924a7d,ec664422b22d9787,Jenel Lausa,87f19d19f4cb73f8,Bibulatov Magomed,Bibulatov Magomed,87f19d19f4cb73f8
e7bfdb5e0112891e,8b4eeaa048361ba3,84ff027394f7e470,Gregor Gillespie,66ab58d0b3783607,Andrew Holbrook,Gregor Gillespie,84ff027394f7e470
e7bfdb5e0112891e,ddb015ac5c067aa9,98d961097baaf308,Shane Burgos,40093d1d2d78394e,Charles Rosa,Shane Burgos,98d961097baaf308
e7e970d508529bf3,613a288e8819fead,08af939f41b5a57b,Beneil Dariush,c58f51dedb310998,Michael Chiesa,Beneil Dariush,08af939f41b5a57b
e7e970d508529bf3,377c8eb085bb8e00,673ea7dcc786b1b3,Bethe Correia,fc169c387b4b465d,Raquel Pennington,Raquel Pennington,fc169c387b4b465d
e7e970d508529bf3,28f5f50617f2b686,47b63240018d5d86,Rose Namajunas,31ef8b67e13495b3,Tecia Pennington,Rose Namajunas,47b63240018d5d86
e7e970d508529bf3,e5a88d0e816fd0f1,7ff97850e8c32bda,Glover Teixeira,ee779c43a8926d52,Rashad Evans,Glover Teixeira,7ff97850e8c32bda
e7e970d508529bf3,43e416795dbd10e9,d247691a6c0e9034,Cub Swanson,ed209f6618c82e41,Hacran Dias,Cub Swanson,d247691a6c0e9034
e7e970d508529bf3,110e1d794443b736,523fa774700d7d3f,Court McGee,6d1bffff14897645,Santiago Ponzinibbio,Santiago Ponzinibbio,6d1bffff14897645
e7e970d508529bf3,781b4b6951df64fe,032cc3922d871c7f,Khabib Nurmagomedov,18e8b7070228e728,Darrell Horcher,Khabib Nurmagomedov,032cc3922d871c7f
e7e970d508529bf3,3daf1c5fb854e626,04b39f4e8eb59d7c,Oluwale Bamgbose,dbc17725b887860a,Cezar Ferreira,Cezar Ferreira,dbc17725b887860a
e7e970d508529bf3,8d9c71e110196262,c6aee362c7a7d482,Randy Brown,3f1d23b01c552a13,Michael Graves,Randy Brown,c6aee362c7a7d482
e7e970d508529bf3,815fd4ebdc288e83,8adcbd525fab8d9b,Elizeu Zaleski dos Santos,16690d100f995f8f,Omari Akhmedov,Elizeu Zaleski dos Santos,8adcbd525fab8d9b
e7e970d508529bf3,249b75a787dccfe6,99506df1af6c8b3b,John Dodson,cc6f9d1e89f3449a,Manvel Gamburyan,John Dodson,99506df1af6c8b3b
e7ec11096eac0282,30d7a9a1d99b327c,73c7cfa551289285,BJ Penn,44260175069b6276,Jens Pulver,BJ Penn,73c7cfa551289285
e7ec11096eac0282,3542c5c5c5180090,8355922d564b152c,Nate Diaz,cc6f9d1e89f3449a,Manvel Gamburyan,Nate Diaz,8355922d564b152c
e8c170a64dc920ac,d4c85298623130de,236a37d96d476164,Mike Pierce,fd5b6598a3b70c0a,Seth Baczynski,Mike Pierce,236a37d96d476164
e8c170a64dc920ac,d6b3c56a4cf14c1a,e1147d3d2dabe1ce,Robert Whittaker,34e552520a934063,Brad Scott,Robert Whittaker,e1147d3d2dabe1ce
e8c170a64dc920ac,a6097fd4e77cb881,b5b684eac99ae0a3,Chad Mendes,3623bd267a2eef2e,Yaotzin Meza,Chad Mendes,b5b684eac99ae0a3
e8c170a64dc920ac,e2bacdc395aa7b40,896c322f56b8be5a,George Sotiropoulos,4f732e58ed907eff,Ross Pearson,George Sotiropoulos,896c322f56b8be5a
e8c170a64dc920ac,6834ae686aa0c588,db1f2ed63b54b9a7,Hector Lombard,8ddf9c51c5fdea75,Rousimar Palhares,Hector Lombard,db1f2ed63b54b9a7
e8c170a64dc920ac,f82c414666fe934c,b788862dd1c11eac,Brendan Loughnane,cfaf010d5b389c09,Mike Wilkinson,Brendan Loughnane,b788862dd1c11eac
e8efeb9cf33b1941,64d4c58a37e1d29b,d4f364dd076bb0e2,Cung Le,9fa3bd637edd9aa2,Patrick Cote,Patrick Cote,9fa3bd637edd9aa2
e8efeb9cf33b1941,ded18af0e4eae2f7,75e5fec9f72910ef,Gleison Tibau,032cc3922d871c7f,Khabib Nurmagomedov,Khabib Nurmagomedov,032cc3922d871c7f
e8efeb9cf33b1941,2f5e137118d57d0e,05560764359161e4,Constantinos Philippou,7c35f869033901ae,Riki Fukuda,Constantinos Philippou,05560764359161e4
e8efeb9cf33b1941,d1268ffa059f9d42,b5b684eac99ae0a3,Chad Mendes,7be63795363029e8,Cody McKenzie,Chad Mendes,b5b684eac99ae0a3
e8efeb9cf33b1941,cf04a408cedb37ff,fcffee71cff5530e,Forrest Griffin,2f732dd9210d301f,Tito Ortiz,Forrest Griffin,fcffee71cff5530e
e8efeb9cf33b1941,5c783d455daff573,7a15f3694c5cbc02,John Alessio,75e0d3cc2262b732,Shane Roller,Shane Roller,75e0d3cc2262b732
e8efeb9cf33b1941,21751a3cc69e5aae,5755960ebd0b16f6,Ivan Menjivar,bc7230f231701d66,Mike Easton,Ivan Menjivar,5755960ebd0b16f6
e8efeb9cf33b1941,61cb2ca1469c83ba,9bcf8603ceb25680,Dong Hyun Kim,427b5953ac8e3a27,Demian Maia,Demian Maia,427b5953ac8e3a27
e8efeb9cf33b1941,83526f699d25e4e4,1f454354805b6f75,Anderson Silva,48d1f690b763934c,Chael Sonnen,Anderson Silva,1f454354805b6f75
e8efeb9cf33b1941,0c37ff69a00c0e74,ccd1299e0345e0ce,Melvin Guillard,7abe471b61725980,Fabricio Camoes,Melvin Guillard,ccd1299e0345e0ce
e8fb8e53bc2e29d6,2dbd0bc3e61ca00b,a390eb8a9b2df298,Chuck Liddell,2f732dd9210d301f,Tito Ortiz,Chuck Liddell,a390eb8a9b2df298
e8fb8e53bc2e29d6,0374646197b8e0fa,f57a8a52ca401ed9,Nick Diaz,f2925e6db404bf1d,Robbie Lawler,Robbie Lawler,f2925e6db404bf1d
e8fb8e53bc2e29d6,268f0fcc45e1a6fe,5f04e3d58d9ce982,Yves Edwards,e0ec3c3b6b611f7e,Hermes Franca,Yves Edwards,5f04e3d58d9ce982
e955046551f8c7dd,bec57d7cce0e6257,32490e80ddab1e5a,Song Kenan,447f9858ae78f921,Muslim Salikhov,Muslim Salikhov,447f9858ae78f921
e955046551f8c7dd,baee9b2491c986e2,d683f4870742b273,Shi Ming,c940b42df95bbd28,Feng Xiaocan,Shi Ming,d683f4870742b273
e955046551f8c7dd,828de4f5585c908c,296a120cb880477b,Kiru Sahota,3be16d817b36098b,DongHun Choi,DongHun Choi,3be16d817b36098b
e955046551f8c7dd,f53573316a4f349f,d661ce4da776fc20,Petr Yan,aa72b0f831d0bfe5,Deiveson Figueiredo,Petr Yan,d661ce4da776fc20
e955046551f8c7dd,86a2f07e0bf20297,8c1ca54b5089d199,Maheshate,37f560436d745c18,Nikolas Motta,Nikolas Motta,37f560436d745c18
e955046551f8c7dd,38f1c83c19e99fa2,bb2c3c3a466224af,Lone'er Kavanagh,88be62d6c1e6dadb,Jose Ochoa,Lone'er Kavanagh,bb2c3c3a466224af
e955046551f8c7dd,9c207acb12c17a67,8677e67a75d65b8e,Baergeng Jieleyisi,a474aade8eb3a8f0,SuYoung You,SuYoung You,a474aade8eb3a8f0
e955046551f8c7dd,64d6d51219e0664c,2997e7fe3c9d3d4a,Wang Cong,a6eb54ae17a551be,Gabriella Fernandes,Wang Cong,2997e7fe3c9d3d4a
e955046551f8c7dd,f0c4aff7dd1ec4e9,c41d426cc7326d1b,Yan Xiaonan,d25240135aee03e5,Tabatha Ricci,Yan Xiaonan,c41d426cc7326d1b
e955046551f8c7dd,f5f28a8b472b8012,86bace9e4ad85542,Xiao Long,32feae6d9a1e5047,Quang Le,Xiao Long,86bace9e4ad85542
e955046551f8c7dd,02ec66f311dce539,0845c81e37d3bcb3,Volkan Oezdemir,9014c02eff8b3d62,Carlos Ulberg,Carlos Ulberg,9014c02eff8b3d62
e955046551f8c7dd,56d2c00dfd391fcf,8a65fd9ba31fd3f7,Zhang Mingyang,6967153c7edb4d87,Ozzy Diaz,Zhang Mingyang,8a65fd9ba31fd3f7
e955046551f8c7dd,5dab54e34c2cfe01,17cb6d8e8187f304,Nyamjargal Tumendemberel,798e48f9e7f6ba22,Carlos Hernandez,Carlos Hernandez,798e48f9e7f6ba22
e96d8538d3f9d0ed,583f2c3cd0e2385b,cdb96af67d096b1e,Alex Morono,47cd337b86b1af92,Zak Ottow,Alex Morono,cdb96af67d096b1e
e96d8538d3f9d0ed,6c9bf1d285cf5dd4,c17041f1bb5768d8,Alex White,66e98b3bb5fc5250,Dan Moret,Alex White,c17041f1bb5768d8
e96d8538d3f9d0ed,858696528ab7035a,d2bc285ead803db0,Louis Smolka,67c1d46f4ed16f9e,Matt Schnell,Louis Smolka,d2bc285ead803db0
e96d8538d3f9d0ed,b776b08e2cc6aa0c,068f8a189a47fea6,Maurice Greene,6a11e325aa60ad02,Jeff Hughes,Maurice Greene,068f8a189a47fea6
e96d8538d3f9d0ed,710c7f8c7dc2af46,8adcbd525fab8d9b,Elizeu Zaleski dos Santos,f1928a52590c5532,Curtis Millender,Elizeu Zaleski dos Santos,8adcbd525fab8d9b
e96d8538d3f9d0ed,aeb0322f619213b1,4b47e71384a9522f,Tim Means,d8da10db80131bec,Niko Price,Tim Means,4b47e71384a9522f
e96d8538d3f9d0ed,aaad7e29825b3264,c80095f6092271a7,Tim Boetsch,16690d100f995f8f,Omari Akhmedov,Omari Akhmedov,16690d100f995f8f
e96d8538d3f9d0ed,fb34734f84d0a14d,c7d297714d9ab1a4,Marion Reneau,3143bf892608139a,Yana Santos,Yana Santos,3143bf892608139a
e96d8538d3f9d0ed,1b1792afe4457e83,d3df1add9d9a7efb,Derrick Lewis,63def5a5662a6917,Junior Dos Santos,Junior Dos Santos,63def5a5662a6917
e96d8538d3f9d0ed,4b1606ab1893c242,1788eee370f077b7,Blagoy Ivanov,bd58d34e39b7b12a,Ben Rothwell,Ben Rothwell,bd58d34e39b7b12a
e96d8538d3f9d0ed,9cfad21ef1911728,08af939f41b5a57b,Beneil Dariush,519e4fe37ce9ff75,Drew Dober,Beneil Dariush,08af939f41b5a57b
e96d8538d3f9d0ed,51808d929c84b8ae,5331b25a60417ffb,Anthony Rocco Martin,1bcaac2d99b90fce,Sergio Moraes,Anthony Rocco Martin,5331b25a60417ffb
e96d8538d3f9d0ed,ddcfa590f4644240,99bd51917728c25d,Grant Dawson,902ec2cc48c8ae8a,Julian Erosa,Grant Dawson,99bd51917728c25d
e9e1acc96536bb4f,4dc5a41f357a7d85,135d124172a0bea3,Damir Ismagulov,99bd51917728c25d,Grant Dawson,Grant Dawson,99bd51917728c25d
e9e1acc96536bb4f,dffc65202afb881d,38c5817ade8a8014,Ivana Petrovic,528b071cf3da7c56,Luana Carolina,Luana Carolina,528b071cf3da7c56
e9e1acc96536bb4f,f557405652165aa3,0d8011111be000b2,Sean Strickland,36b8f265bcd1b7a4,Abus Magomedov,Sean Strickland,0d8011111be000b2
e9e1acc96536bb4f,454265014520a3f8,7772b283d288dbe2,Guram Kutateladze,48a9a128784d53d1,Elves Brener,Elves Brener,48a9a128784d53d1
e9e1acc96536bb4f,ea29714dcfb07ce2,6551c64fbcd1a467,Ariane da Silva,a4a80dd7336ffd59,Melissa Gatto,Melissa Gatto,a4a80dd7336ffd59
e9e1acc96536bb4f,0548a24a9bf8d7a0,b0d6a1d8ac3d563d,Max Griffin,c32aeb1a59e6272d,Michael Morales,Michael Morales,c32aeb1a59e6272d
e9e1acc96536bb4f,f5a6acc99bc5c634,791c8437b341fba5,Joanderson Brito,7b3503352cd53abb,Westin Wilson,Joanderson Brito,791c8437b341fba5
e9e1acc96536bb4f,fe370c518cf7873e,3143bf892608139a,Yana Santos,351c4ec637380ad5,Karol Rosa,Karol Rosa,351c4ec637380ad5
e9e1acc96536bb4f,cd137988da724076,eb393afdbe3293d5,Ismael Bonfim,c2299ec916bc7c56,Benoit Saint Denis,Benoit Saint Denis,c2299ec916bc7c56
e9e1acc96536bb4f,962e74250884e4c1,ee9ebceabfd16fa7,Kevin Lee,8f765fd5775a8873,Rinat Fakhretdinov,Rinat Fakhretdinov,8f765fd5775a8873
e9e1acc96536bb4f,288f7fb936c1523c,1e719d4b676dc19a,Brunno Ferreira,49d2a08964c5eb11,Nursulton Ruziboev,Nursulton Ruziboev,49d2a08964c5eb11
e9e1acc96536bb4f,bd2e14ee959f9b77,c0badf3243907e59,Alexandr Romanov,1788eee370f077b7,Blagoy Ivanov,Alexandr Romanov,c0badf3243907e59
ea0ad155451ed1f5,04e6a26fe2a4017d,3f7c14c7eca7195d,Roy Nelson,1eacf73d6a0055dc,Cheick Kongo,Cheick Kongo,1eacf73d6a0055dc
ea0ad155451ed1f5,8151421edf24a821,07f72a2a7591b409,Jon Jones,48d1f690b763934c,Chael Sonnen,Jon Jones,07f72a2a7591b409
ea0ad155451ed1f5,523e8ca343a0becc,fcd448a2fe1a23cc,Gian Villante,50db8711c70196cd,Ovince Saint Preux,Ovince Saint Preux,50db8711c70196cd
ea0ad155451ed1f5,1ac61e415deca2fe,2b93ebd9f5417ad2,Michael Bisping,4130a743d9d22163,Alan Belcher,Michael Bisping,2b93ebd9f5417ad2
ea0ad155451ed1f5,372a0456aa4ff6cf,5ef0088c1b19beeb,Bryan Caraway,ffc3e6daaa6da0b7,Johnny Bedford,Bryan Caraway,5ef0088c1b19beeb
ea0ad155451ed1f5,59ad5b88804afbf5,9b7694d064a8a0ad,Rustam Khabilov,813550bc53b15fb0,Yancy Medeiros,Rustam Khabilov,9b7694d064a8a0ad
ea0ad155451ed1f5,44ad16cd4e6c93d7,917e53fa0adea0d3,Leonard Garcia,7be63795363029e8,Cody McKenzie,Cody McKenzie,7be63795363029e8
ea0ad155451ed1f5,6d6a1834e0d18f0c,d188a3b817860ec6,Steven Siler,a7151778b3381036,Kurt Holobaugh,Steven Siler,d188a3b817860ec6
ea0ad155451ed1f5,c29850ed8d9d1073,902ab9197b83d0db,Phil Davis,88a9bc81271ccd89,Vinny Magalhaes,Phil Davis,902ab9197b83d0db
ea398c802d9998ee,86b8419f22f398c0,83fd97284f4bb4a4,Efrain Escudero,64360e618823a8e4,Phillipe Nover,Efrain Escudero,83fd97284f4bb4a4
ea398c802d9998ee,f7cd0a90da3be3b2,365fee2da473b177,Anthony Johnson,a6d8bfe9e0c8153b,Kevin Burns,Anthony Johnson,365fee2da473b177
ea398c802d9998ee,0b58bd40373b1811,af5b208e97f5d382,Wilson Gouveia,2be6596a9db33bf5,Jason MacDonald,Wilson Gouveia,af5b208e97f5d382
ea398c802d9998ee,e65da830a1928fe6,c0ab242c40decc55,Ryan Bader,88a9bc81271ccd89,Vinny Magalhaes,Ryan Bader,c0ab242c40decc55
ea398c802d9998ee,52e07b6540fad19e,2db7fa8db6bc9632,Shane Nelson,3c0437fbeda06962,George Roop,Shane Nelson,2db7fa8db6bc9632
ea398c802d9998ee,09b36c7157770516,4d44f37107f01b9b,Tom Lawlor,b959e8c7fd8390d2,Kyle Kingsbury,Tom Lawlor,4d44f37107f01b9b
eaa0a728cc91ef60,e83046dd074ec0fa,7ff97850e8c32bda,Glover Teixeira,67f272324a030d00,Misha Cirkunov,Glover Teixeira,7ff97850e8c32bda
eaa0a728cc91ef60,71dc4379c738450f,49858bf46dabf6fb,Nordine Taleb,a6cba6bb66c1a8c9,Danny Roberts,Nordine Taleb,49858bf46dabf6fb
eaa0a728cc91ef60,11b8d7e801713abc,6d1bffff14897645,Santiago Ponzinibbio,f2b6fdb20675b11c,Mike Perry,Santiago Ponzinibbio,6d1bffff14897645
eaa0a728cc91ef60,9a1a57b0abcd4599,c21a036b4e012f1c,John Makdessi,e14b5aa06eea9653,Abel Trujillo,John Makdessi,c21a036b4e012f1c
eaa0a728cc91ef60,6f350d91fb07a819,3974fa35c917af1d,Ricardo Lamas,fba03cd6cc28dc41,Josh Emmett,Josh Emmett,fba03cd6cc28dc41
eaa0a728cc91ef60,5b8d693bd1780102,c03a5022f8439f2a,Chad Laprise,8a56ea383fd26e52,Galore Bofando,Chad Laprise,c03a5022f8439f2a
eaa0a728cc91ef60,1e3c67921162561d,77d7295d1b22c694,Alessio Di Chirico,04b39f4e8eb59d7c,Oluwale Bamgbose,Alessio Di Chirico,77d7295d1b22c694
eaa0a728cc91ef60,d9375ede2ec2f924,f2925e6db404bf1d,Robbie Lawler,6a2f7c151031653d,Rafael Dos Anjos,Rafael Dos Anjos,6a2f7c151031653d
eaa0a728cc91ef60,a6fbd8964400dd89,2aa49b3766a59bcd,Jordan Mein,5866fc86183a9fb8,Erick Silva,Jordan Mein,2aa49b3766a59bcd
eaa0a728cc91ef60,01619207a811ef01,13a0275fa13c4d26,Jared Cannonier,99df7d0a2a08a8a8,Jan Blachowicz,Jan Blachowicz,99df7d0a2a08a8a8
eaa0a728cc91ef60,535b8e5494cbc580,d0e1b42d41dab603,Julian Marquez,a17ad5a5048e8c3f,Darren Stewart,Darren Stewart,a17ad5a5048e8c3f
eae4aec1a5a8ff01,ed9d7d85a5ae06b1,896c322f56b8be5a,George Sotiropoulos,b7ffa72aa148599a,KJ Noons,George Sotiropoulos,896c322f56b8be5a
eae4aec1a5a8ff01,2443d8aa86f0070d,8f2939f5fd9cca1e,TJ Waldburger,1e327b281ef6a745,Adlan Amagov,Adlan Amagov,1e327b281ef6a745
eae4aec1a5a8ff01,58b7b23b46f4ccd6,22a92d7f62195791,Tony Ferguson,af90b10c785ced3e,Mike Rio,Tony Ferguson,22a92d7f62195791
eae4aec1a5a8ff01,fffa21388cdd78b7,c80095f6092271a7,Tim Boetsch,5d7bdab5e03e3216,CB Dollaway,Tim Boetsch,c80095f6092271a7
eae4aec1a5a8ff01,ed53922429a19c99,270b89c00ef0c55c,Gabriel Gonzaga,ca2efc9d7d523c43,Shawn Jordan,Shawn Jordan,ca2efc9d7d523c43
eae4aec1a5a8ff01,f11ca082c924464c,c3bd649a9194e50c,Jeremy Larsen,8fd808923cffff82,Andre Fili,Andre Fili,8fd808923cffff82
eae4aec1a5a8ff01,eba86a4ea6128840,99506df1af6c8b3b,John Dodson,bffeb123b21c9aad,Darrell Montague,John Dodson,99506df1af6c8b3b
eae4aec1a5a8ff01,340d5e6f22ff6ac4,aa5b4eff51bdc7d1,Gilbert Melendez,82e7929bf6c2b689,Diego Sanchez,Diego Sanchez,82e7929bf6c2b689
eae4aec1a5a8ff01,e7cb40d82d987b9e,d967f0128c323de6,Daniel Cormier,3f7c14c7eca7195d,Roy Nelson,Daniel Cormier,d967f0128c323de6
eae4aec1a5a8ff01,0bdc4e7ce6687367,0ff11cc094e887bc,Cain Velasquez,63def5a5662a6917,Junior Dos Santos,Cain Velasquez,0ff11cc094e887bc
eae4aec1a5a8ff01,2a5fd0e2728967a5,a8e6a69796280f17,Nate Marquardt,db1f2ed63b54b9a7,Hector Lombard,Nate Marquardt,a8e6a69796280f17
eae4aec1a5a8ff01,e1ccf09c055bac01,55f80a8aeffcdb33,Dustin Pague,98aa60cf58071fd6,Kyoji Horiguchi,Kyoji Horiguchi,98aa60cf58071fd6
eaea0fc7b76525a8,ad26bf55ff201f4f,56f7d7ee06be4aab,Zac Pauga,ef5dcb10d2bd4b0f,Bogdan Guskov,Bogdan Guskov,ef5dcb10d2bd4b0f
eaea0fc7b76525a8,e7938bac3ec8b442,0c6d9ea8306c029e,Brad Tavares,d1c65d2cf2925ddd,Gregory Rodrigues,Gregory Rodrigues,d1c65d2cf2925ddd
eaea0fc7b76525a8,5304956aada097e8,511e82663651438d,Michael Johnson,65db4065e2bc107d,Darrius Flowers,Michael Johnson,511e82663651438d
eaea0fc7b76525a8,406f2aacd1d1faf9,0a1942069c9ad6b6,Jack Hermansson,c1085e1701b13eca,Joe Pyfer,Jack Hermansson,0a1942069c9ad6b6
eaea0fc7b76525a8,dbfd7616dec2b6d5,cc7040fe76f0ef91,Devin Clark,6370c1c1e12723d5,Marcin Prachnio,Devin Clark,cc7040fe76f0ef91
eaea0fc7b76525a8,08f7a60bd84a6b3c,b0d6a1d8ac3d563d,Max Griffin,d66a46de8d705353,Jeremiah Wells,Jeremiah Wells,d66a46de8d705353
eaea0fc7b76525a8,478a637045ad49fb,9e92e1ca498d7244,Fernie Garcia,41cc71cbf210e0fe,Hyder Amil,Hyder Amil,41cc71cbf210e0fe
eaea0fc7b76525a8,edf46d6962be7e8d,4bdedbdeedff7d1d,Bolaji Oki,0e46690e55a8df75,Timmy Cuamba,Bolaji Oki,4bdedbdeedff7d1d
eaea0fc7b76525a8,c3986c1a56a6e94d,4e30e4250cb08b61,Loma Lookboonmee,7138a15258dabf20,Bruna Brasil,Loma Lookboonmee,4e30e4250cb08b61
eaea0fc7b76525a8,25259e230be9cdc9,82a5152216251682,Dan Ige,8fd808923cffff82,Andre Fili,Dan Ige,82a5152216251682
eaea0fc7b76525a8,17050a7b673dc49d,f96856f9d69fd7e4,Robert Bryczek,260bd4cef10b033f,Ihor Potieria,Ihor Potieria,260bd4cef10b033f
eaea0fc7b76525a8,9d8473ae274ed625,260e9e0d4954aea6,Rodolfo Vieira,369ea36e450ae62a,Armen Petrosyan,Rodolfo Vieira,260e9e0d4954aea6
eaea0fc7b76525a8,246fef4b19c3a7ed,b27a1fcb56a3035a,Trevin Giles,7ee0fd831c0fe7c3,Carlos Prates,Carlos Prates,7ee0fd831c0fe7c3
eb42d4febfafefd1,2c73bf152247f25a,2c483cf443f38ece,Vanessa Demopoulos,d05cb1e8d1b885d8,Jinh Yu Frey,Vanessa Demopoulos,2c483cf443f38ece
eb42d4febfafefd1,24a9fc95a3112f51,7be14eaed4c74856,Brian Kelleher,bc711b6dd95c1af6,Mario Bautista,Mario Bautista,bc711b6dd95c1af6
eb42d4febfafefd1,3c98739eb42f96bf,84b3e7d38f2d2ec5,Neil Magny,01afe0916a40c7c5,Shavkat Rakhmonov,Shavkat Rakhmonov,01afe0916a40c7c5
eb42d4febfafefd1,1f5f59924b59408b,eae48ff31db420c2,Arman Tsarukyan,72db2a14ffa73ece,Mateusz Gamrot,Arman Tsarukyan,eae48ff31db420c2
eb42d4febfafefd1,3f38100fd8dae286,5442f1bc4b47eaf3,Chris Curtis,260e9e0d4954aea6,Rodolfo Vieira,Chris Curtis,5442f1bc4b47eaf3
eb42d4febfafefd1,c57c8e22a3e8dde2,b5da8f7d05e85a55,Josh Parisian,c9a94278df042f46,Alan Baudot,Alan Baudot,c9a94278df042f46
eb42d4febfafefd1,28bd070f7ab0a0b9,6e9f40c706f91f32,Nate Maness,2b6fc1c02736833d,Umar Nurmagomedov,Umar Nurmagomedov,2b6fc1c02736833d
eb42d4febfafefd1,28be3fbe5c377380,9014c02eff8b3d62,Carlos Ulberg,6aae253467e8f9ce,Tafon Nchukwi,Carlos Ulberg,9014c02eff8b3d62
eb42d4febfafefd1,8cc43d79b61efc25,0b362247806341e5,JP Buys,7f6ed67d3ed3c036,Cody Durden,Cody Durden,7f6ed67d3ed3c036
eb42d4febfafefd1,029a12d36a4687e1,d945aae53e3e54e6,Thiago Moises,de45aaae23dfa392,Christos Giagos,Thiago Moises,d945aae53e3e54e6
eb42d4febfafefd1,21f79cd40513d075,0a73acff6325c1e2,Shayilan Nuerdanbieke,d31cbcdd7d69536d,TJ Brown,Shayilan Nuerdanbieke,0a73acff6325c1e2
eb42d4febfafefd1,a457331c27bce6d5,82b4e942781b1046,Raulian Paiva,2f6a993c7f547c13,Sergey Morozov,Raulian Paiva,82b4e942781b1046
ebc1f40e00e0c481,742fcd610f344810,3c6976f8182d9527,Alexander Gustafsson,1e1dbd1cc5a7469e,Jimi Manuwa,Alexander Gustafsson,3c6976f8182d9527
ebc1f40e00e0c481,0b3c3d363c82835f,fd55393021a8c255,Gunnar Nelson,16690d100f995f8f,Omari Akhmedov,Gunnar Nelson,fd55393021a8c255
ebc1f40e00e0c481,6242126d8d06a7ca,43563a32c3f10e95,Cyrille Diabate,e9a3aeb207578eea,Ilir Latifi,Ilir Latifi,e9a3aeb207578eea
ebc1f40e00e0c481,4911fcfb1b28faa5,34e552520a934063,Brad Scott,6f7c616b98e18c29,Claudio Silva,Claudio Silva,6f7c616b98e18c29
ebc1f40e00e0c481,b5be58e7fa1e7439,c945adc22c2bfe8f,Brad Pickett,49a74b9fb2e45fdf,Neil Seery,Neil Seery,49a74b9fb2e45fdf
ebc1f40e00e0c481,73f55778c5c55c2f,511e82663651438d,Michael Johnson,ccd1299e0345e0ce,Melvin Guillard,Melvin Guillard,ccd1299e0345e0ce
ebc5af72ad5a28cb,1acdcfe32d975f42,dbc17725b887860a,Cezar Ferreira,dea070ed4a2a8281,Thiago Santos,Thiago Santos,dea070ed4a2a8281
ebc5af72ad5a28cb,af0327945c9656e0,cfb65863d5099327,Thales Leites,6809c31286b08d97,Tom Watson,Thales Leites,cfb65863d5099327
ebc5af72ad5a28cb,72e1b3e1224f5314,d0f3959b4a9747e6,Jose Aldo,c451d67c09c55418,Chan Sung Jung,Jose Aldo,d0f3959b4a9747e6
ebc5af72ad5a28cb,4c6030fafb46330f,88a9bc81271ccd89,Vinny Magalhaes,4b4753d19489297f,Anthony Perosh,Anthony Perosh,4b4753d19489297f
ebc5af72ad5a28cb,3846db1456151f80,1bcaac2d99b90fce,Sergio Moraes,84b3e7d38f2d2ec5,Neil Magny,Neil Magny,84b3e7d38f2d2ec5
ebc5af72ad5a28cb,4f8b6eecb0361290,d221ee27afc7a60e,Viscardi Andrade,a17322f99ddfd8e9,Bristol Marunde,Viscardi Andrade,d221ee27afc7a60e
ebc5af72ad5a28cb,5f2065f737591226,701e057d63c124d9,Ian McCall,14aa21bc82cac57d,Iliarde Santos,Ian McCall,701e057d63c124d9
ebc5af72ad5a28cb,a602962f1dda3205,f7a7f7118d4b01b6,Lyoto Machida,902ab9197b83d0db,Phil Davis,Lyoto Machida,f7a7f7118d4b01b6
ece280745f8727b8,09a7f0979a58e6ea,a9da3158dd2c2b5a,Jack Jenkins,e0c6edcb5b5d0b90,Chepe Mariscal,Chepe Mariscal,e0c6edcb5b5d0b90
ece280745f8727b8,bfff5a3777841344,b7b84ccd221be298,Nasrat Haqparast,267f4a6568abe245,Landon Quinones,Nasrat Haqparast,b7b84ccd221be298
ece280745f8727b8,3e1c27f17433f9e4,49e96ff8ab781589,Tyson Pedro,82529ce93cd9a2cf,Anton Turkalj,Tyson Pedro,49e96ff8ab781589
ece280745f8727b8,7f16e7725245bb2d,1338e2c7480bdf9e,Israel Adesanya,0d8011111be000b2,Sean Strickland,Israel Adesanya,1338e2c7480bdf9e
ece280745f8727b8,0aae15358d8606b9,af9f42e6894047fc,Jamie Mullarkey,c21a036b4e012f1c,John Makdessi,John Makdessi,c21a036b4e012f1c
ece280745f8727b8,a3d75cc363a6544b,9014c02eff8b3d62,Carlos Ulberg,74f9448b97bf8bec,Da Woon Jung,Carlos Ulberg,9014c02eff8b3d62
ece280745f8727b8,f9d2137f380e66bf,e13abac8089a801a,Justin Tafa,be9bdec19b7e9ffe,Austen Lane,Justin Tafa,e13abac8089a801a
ece280745f8727b8,56809feb4fe7ea61,9edf2c9082cc2cd8,Blood Diamond,feedf3053472fe56,Charles Radtke,Charles Radtke,feedf3053472fe56
ece280745f8727b8,65c89e0c92e51bb8,dda15dbfafb792df,Kevin Jousset,4729c93ba705a3bf,Kiefer Crosbie,Kevin Jousset,dda15dbfafb792df
ece280745f8727b8,5d481ff494bf40da,4cd8b03aee1d0138,Shane Young,b909a9a9688b5284,Gabriel Miranda,Shane Young,4cd8b03aee1d0138
ece280745f8727b8,e4ed294e16e16d81,c62fbc117d57b943,Tai Tuivasa,279566840aa55bf2,Alexander Volkov,Alexander Volkov,279566840aa55bf2
ece280745f8727b8,222bb2c67a87d312,5d1b7e3dd9e11074,Manel Kape,5cdf5339728f580d,Felipe dos Santos,Manel Kape,5d1b7e3dd9e11074
ed069a95aaaf4f56,f63961f9d14bc33d,8a304bfd6bf04a57,Demetrious Johnson,5aedf14771ca82d2,Wilson Reis,Demetrious Johnson,8a304bfd6bf04a57
ed069a95aaaf4f56,e52318719d839d2d,47b63240018d5d86,Rose Namajunas,eb04b9d31e938edb,Michelle Waterson-Gomez,Rose Namajunas,47b63240018d5d86
ed069a95aaaf4f56,b0552b065ca7f401,279566840aa55bf2,Alexander Volkov,3f7c14c7eca7195d,Roy Nelson,Alexander Volkov,279566840aa55bf2
ed069a95aaaf4f56,20be16a1db95156c,39330403ad27c2bb,Patrick Williams,e979c76341f19b22,Tom Duquesnoy,Tom Duquesnoy,e979c76341f19b22
ed069a95aaaf4f56,d764ef3e078c96c8,18968f97ad34f15c,Jeremy Stephens,b6452706b373eea1,Renato Moicano,Renato Moicano,b6452706b373eea1
ed069a95aaaf4f56,f24c296256faeff2,887961364be5ceb3,King Green,7ea1f74cef32f906,Rashid Magomedov,Rashid Magomedov,7ea1f74cef32f906
ed069a95aaaf4f56,41cef92a01e7ff3c,d2bc285ead803db0,Louis Smolka,c96d9178c9ed9e62,Tim Elliott,Louis Smolka,d2bc285ead803db0
ed069a95aaaf4f56,4291b38643547fa7,cc7040fe76f0ef91,Devin Clark,92fa1401b7927da3,Jake Collier,Devin Clark,cc7040fe76f0ef91
ed069a95aaaf4f56,677e98ae5834ba70,cb696ebfb6598724,Aljamain Sterling,3d5b1ce6097dbb49,Augusto Mendes,Aljamain Sterling,cb696ebfb6598724
ed069a95aaaf4f56,0673d8ab0add7a05,d4c9dcd330403612,Anthony Smith,fccf811c1e8b01c7,Andrew Sanchez,Andrew Sanchez,fccf811c1e8b01c7
ed069a95aaaf4f56,94ce682e4a3e556a,fc6e681bf6658faf,Ashlee Evans-Smith,b9706f80d005036c,Ketlen Vieira,Ketlen Vieira,b9706f80d005036c
ed069a95aaaf4f56,2a0d4dd0997bd712,4ba8d454f762005d,Zak Cummings,15ec018d144710db,Nathan Coy,Zak Cummings,4ba8d454f762005d
ed069a95aaaf4f56,0459297e86a14981,7a703c565ccaa18f,Jacare Souza,e1147d3d2dabe1ce,Robert Whittaker,Robert Whittaker,e1147d3d2dabe1ce
ee0b69e307c857e5,453e6f2665c85fd7,97cf1a2c7c5e7889,Steve Garcia,31f8081c7600da93,Kyle Nelson,Steve Garcia,97cf1a2c7c5e7889
ee0b69e307c857e5,ee9ade72b44dfa06,23024fdfc966410a,Gilbert Burns,45f7cb591c3ab00b,Sean Brady,Sean Brady,45f7cb591c3ab00b
ee0b69e307c857e5,b80c6eba11c54778,a13d755965a4ec9f,Rongzhu,06626b6287e1ae1e,Chris Padilla,Chris Padilla,06626b6287e1ae1e
ee0b69e307c857e5,69bde5bae0d6ec4f,5cdf5339728f580d,Felipe dos Santos,b1f21ce050035d58,Andre Lima,Andre Lima,b1f21ce050035d58
ee0b69e307c857e5,f734b497add754af,5f61780fe5e9b6d0,Andre Petroski,a817e238b2747404,Dylan Budka,Andre Petroski,5f61780fe5e9b6d0
ee0b69e307c857e5,f1613b372748c8bb,bc7d1ad49fcb2d08,Jaqueline Amorim,2c483cf443f38ece,Vanessa Demopoulos,Jaqueline Amorim,bc7d1ad49fcb2d08
ee0b69e307c857e5,abfd5ac6cf186d8a,a57cb948c4c70a47,Isaac Dulgarian,d7fe8c6b7d2872e5,Brendon Marotte,Isaac Dulgarian,a57cb948c4c70a47
ee0b69e307c857e5,75fa9c0bb31caaa3,0bc697c5936a2d0a,Trevor Peek,c739c2995a275314,Yanal Ashmouz,Yanal Ashmouz,c739c2995a275314
ee0b69e307c857e5,6e9876d2be2bbd02,3f11fd1751fa83b1,Yizha,f2f140ce7532e327,Gabriel Santos,Gabriel Santos,f2f140ce7532e327
ee0b69e307c857e5,fe59646ebad8b6e4,67c1d46f4ed16f9e,Matt Schnell,7f6ed67d3ed3c036,Cody Durden,Cody Durden,7f6ed67d3ed3c036
ee0b69e307c857e5,0c418b9cdfd525c9,641ca2c2ed91b93c,Zygimantas Ramaska,a2d342ffc83913ed,Nathan Fletcher,Nathan Fletcher,a2d342ffc83913ed
ee0b69e307c857e5,bcfaf1dd78f12f97,6a1901c62ab3870f,Jessica Andrade,262d32ebda89efc4,Natalia Silva,Natalia Silva,262d32ebda89efc4
ee457ef1e1c326c1,b568f3700aa2c1f7,140745cbbcb023ac,Mauricio Rua,f5431394fb284bb9,James Te Huna,Mauricio Rua,140745cbbcb023ac
ee457ef1e1c326c1,45e6eec6b35d7dfe,658c3465581ae46b,Pat Barry,60029bcf496bd707,Soa Palelei,Soa Palelei,60029bcf496bd707
ee457ef1e1c326c1,e982a2648d69fda6,b13da0b1a3aed3e7,Nick Ring,0c5c66ddd1886b83,Caio Magalhaes,Caio Magalhaes,0c5c66ddd1886b83
ee457ef1e1c326c1,b951f2d4080ef172,48e093ea1f43a053,Takeya Mizugaki,80dbeb1dd5b53e64,Nam Phan,Takeya Mizugaki,48e093ea1f43a053
ee457ef1e1c326c1,adc1b34f6988bd68,00debc804e2b1cd4,Dylan Andrews,92b62174c175ce19,Clint Hester,Clint Hester,92b62174c175ce19
ee457ef1e1c326c1,e14b4f2c7b36d0b9,54578e5927adea53,Richie Vaculik,9fa568ad2bf2cb0b,Justin Scoggins,Justin Scoggins,9fa568ad2bf2cb0b
ee457ef1e1c326c1,bfc321f0b0a7bf40,c0ab242c40decc55,Ryan Bader,4b4753d19489297f,Anthony Perosh,Ryan Bader,c0ab242c40decc55
ee5df903f80c6816,f507b715628d7bcb,a390eb8a9b2df298,Chuck Liddell,2f732dd9210d301f,Tito Ortiz,Chuck Liddell,a390eb8a9b2df298
ee5df903f80c6816,3825f998c01cbeab,2be6596a9db33bf5,Jason MacDonald,d43a048a880efdff,Chris Leben,Chris Leben,d43a048a880efdff
ee5df903f80c6816,343b016754852c36,acff437707625fc7,Yushin Okami,546015aa2ad945fd,Rory Singer,Yushin Okami,acff437707625fc7
ee5df903f80c6816,cc02aaf53503d022,31ee470ef5dc8d7f,Thiago Alves,6ad9058b7c7898b0,Tony DeSouza,Thiago Alves,31ee470ef5dc8d7f
ee5df903f80c6816,56f77263c75392f2,f1b2a4365799c48b,Christian Wellisch,4b4753d19489297f,Anthony Perosh,Anthony Perosh,4b4753d19489297f
ee5df903f80c6816,bb007be9f60ab3da,b9d0fd83bb8a147a,Keith Jardine,fcffee71cff5530e,Forrest Griffin,Forrest Griffin,fcffee71cff5530e
ee5df903f80c6816,da666b02372a465b,2b93ebd9f5417ad2,Michael Bisping,f59f1d3a2ff13edd,Eric Schafer,Michael Bisping,2b93ebd9f5417ad2
ee5df903f80c6816,2606c3853a8c0b62,270b89c00ef0c55c,Gabriel Gonzaga,aa03a3ca00ac6827,Carmelo Marrero,Gabriel Gonzaga,270b89c00ef0c55c
eed2b71d77d95416,288c942b0ad152a6,a6cba6bb66c1a8c9,Danny Roberts,330bafba312face4,Oliver Enkamp,Danny Roberts,a6cba6bb66c1a8c9
eed2b71d77d95416,f8ee14dbf966b9e6,e9ac7bfb65c25497,John Phillips,76ee3d666c648f6b,Charles Byrd,Charles Byrd,76ee3d666c648f6b
eed2b71d77d95416,fe9ee00fa47dd7b3,31a13532e724ca2b,Stevie Ray,633a45d131192ffe,Kajan Johnson,Kajan Johnson,633a45d131192ffe
eed2b71d77d95416,e835e9a4564db497,492b202d2064e7a9,Fabricio Werdum,279566840aa55bf2,Alexander Volkov,Alexander Volkov,279566840aa55bf2
eed2b71d77d95416,5f19b0135414b454,1e1dbd1cc5a7469e,Jimi Manuwa,99df7d0a2a08a8a8,Jan Blachowicz,Jan Blachowicz,99df7d0a2a08a8a8
eed2b71d77d95416,2fd0c6d914b77205,ad56b3f00ca38dfd,Mark Godbeer,85ff1b9471d35238,Dmitry Sosnovskiy,Dmitry Sosnovskiy,85ff1b9471d35238
eed2b71d77d95416,714d6fc1eaca9624,eabf206b162b3b83,Paul Craig,d802174b0c0c1f4e,Magomed Ankalaev,Magomed Ankalaev,d802174b0c0c1f4e
eed2b71d77d95416,848e7af760788418,e979c76341f19b22,Tom Duquesnoy,ba5e253af86db1a8,Terrion Ware,Tom Duquesnoy,e979c76341f19b22
eed2b71d77d95416,0b4583d204797d19,f7d73e452b064bf2,Danny Henry,2c9d00968f818270,Hakeem Dawodu,Hakeem Dawodu,2c9d00968f818270
eed2b71d77d95416,e84fa12d87993ec5,f1fac969a1d70b08,Leon Edwards,1fcfc3709fe58151,Peter Sobotta,Leon Edwards,f1fac969a1d70b08
eee8efec7b951d84,9ea124a13d071186,b9706f80d005036c,Ketlen Vieira,1af1170ed937cba7,Kayla Harrison,Kayla Harrison,1af1170ed937cba7
eee8efec7b951d84,3d7d82fff71e395a,d0f3959b4a9747e6,Jose Aldo,bc711b6dd95c1af6,Mario Bautista,Mario Bautista,bc711b6dd95c1af6
eee8efec7b951d84,ed5b6681ab4e83e5,64d47ef881a437a4,Cesar Almeida,260bd4cef10b033f,Ihor Potieria,Cesar Almeida,64d47ef881a437a4
eee8efec7b951d84,eb73b63bbd7b88a7,cd2c4d30c6e13b47,Marina Rodriguez,abcf2cc6efc42031,Iasmin Lucindo,Iasmin Lucindo,abcf2cc6efc42031
eee8efec7b951d84,84b3577229880760,523fa774700d7d3f,Court McGee,4b47e71384a9522f,Tim Means,Tim Means,4b47e71384a9522f
eee8efec7b951d84,58e5fc1914c4e641,d910665038efc639,Carla Esparza,31ef8b67e13495b3,Tecia Pennington,Carla Esparza,d910665038efc639
eee8efec7b951d84,58dec0a39cdefa3f,a67f5afa8d6a1b80,Ryan Spann,50db8711c70196cd,Ovince Saint Preux,Ryan Spann,a67f5afa8d6a1b80
eee8efec7b951d84,1d68bb733de24b06,fc169c387b4b465d,Raquel Pennington,3253b16d38ae087d,Julianna Pena,Raquel Pennington,fc169c387b4b465d
eee8efec7b951d84,69bca5091b2a31f6,4a28cb716c19157a,Stephen Thompson,b9437600497350f3,Joaquin Buckley,Joaquin Buckley,b9437600497350f3
eee8efec7b951d84,e8aad69aace1d31f,d2cd7a69cc55e7ed,Austin Hubbard,262a7d06203657e6,Alexander Hernandez,Alexander Hernandez,262a7d06203657e6
eee8efec7b951d84,8c5e06c71f392f33,e5549c82bfb5582d,Alex Pereira,749f572d1d3161fb,Khalil Rountree Jr.,Alex Pereira,e5549c82bfb5582d
eee8efec7b951d84,5931cd9cf5da5f75,327d5f279895110d,Roman Dolidze,3a46b268013afede,Kevin Holland,Kevin Holland,3a46b268013afede
ef61d9f5176b3200,1b9a127f9dadaad9,8b1ed83b02303075,Taylor Lapilus,42ac4020cba261ad,Caolan Loughran,Taylor Lapilus,8b1ed83b02303075
ef61d9f5176b3200,5098d052525da54f,0845c81e37d3bcb3,Volkan Oezdemir,ef5dcb10d2bd4b0f,Bogdan Guskov,Bogdan Guskov,ef5dcb10d2bd4b0f
ef61d9f5176b3200,0d41a3fa5efef91b,5b03b61f9d90125e,Morgan Charriere,fd7ab338e4953644,Manolo Zecchini,Morgan Charriere,5b03b61f9d90125e
ef61d9f5176b3200,1c29c53ff032c5c1,e1d40e8782d80bc2,William Gomis,eb70e786bbdf1d16,Yanis Ghemmouri,William Gomis,e1d40e8782d80bc2
ef61d9f5176b3200,ea006bae605e2a6b,787bb1f087ccff8a,Ciryl Gane,e2f6b2769aaedd6c,Serghei Spivac,Ciryl Gane,787bb1f087ccff8a
ef61d9f5176b3200,4eaf54ad3c82b6fa,34ff304266360297,Manon Fiorot,47b63240018d5d86,Rose Namajunas,Manon Fiorot,34ff304266360297
ef61d9f5176b3200,dfa8fd0b82b37fa1,c2299ec916bc7c56,Benoit Saint Denis,d945aae53e3e54e6,Thiago Moises,Benoit Saint Denis,c2299ec916bc7c56
ef61d9f5176b3200,ac73c6888ee9322c,a09ed60aa67a3f67,Farid Basharat,102a8fdf8cbf7467,Kleydson Rodrigues,Farid Basharat,a09ed60aa67a3f67
ef61d9f5176b3200,e3a5a7ede88a2555,f2b3f4ef3f780168,Nora Cornolle,f9ab66e67240db7b,Joselyne Edwards,Joselyne Edwards,f9ab66e67240db7b
ef61d9f5176b3200,2a48d0a98c21e736,862b0b3375aa4b6e,Zarah Fairn,e3964ece586e0635,Jacqueline Cavalcanti,Jacqueline Cavalcanti,e3964ece586e0635
ef61d9f5176b3200,1be27d95bba03f17,1497e735d9f2560a,Ange Loosa,f748267c4ab6c127,Rhys McKee,Ange Loosa,1497e735d9f2560a
ef7fa30364cbe7f2,0b8fdeeb626b4396,4f732e58ed907eff,Ross Pearson,e5c9de15bb58b1c6,Evan Dunham,Evan Dunham,e5c9de15bb58b1c6
ef7fa30364cbe7f2,9cbdbbc414d6dd83,81801f57bd0a7c41,Marcus Brimage,9c907996820d2d69,Jimmie Rivera,Jimmie Rivera,9c907996820d2d69
ef7fa30364cbe7f2,2e12db181792090f,470fedbc8563ac47,Daniel Omielanczuk,e51ee8ded927fc51,Chris de la Rocha,Daniel Omielanczuk,470fedbc8563ac47
ef7fa30364cbe7f2,486fbba33876da4b,6e7c758f5cdec01a,Paddy Holohan,8bb6f4479685bbcc,Vaughan Lee,Paddy Holohan,6e7c758f5cdec01a
ef7fa30364cbe7f2,7e9cb0c322773157,c575ab451e3c5b1d,Mickael Lebout,8f4eeaf7a0df7c1a,Teemu Packalen,Mickael Lebout,c575ab451e3c5b1d
ef7fa30364cbe7f2,d45474993a750878,12f91bfa8f1f723b,Joanne Wood,5f179af5fffeb9f6,Cortney Casey,Joanne Wood,12f91bfa8f1f723b
ef7fa30364cbe7f2,976d2cc3d08ca814,31a13532e724ca2b,Stevie Ray,8bbc0cfc01bc1ba1,Leonardo Mafra,Stevie Ray,31a13532e724ca2b
ef7fa30364cbe7f2,c7780ac294530c0d,654ae722109a0d31,Joe Duffy,19db7ac26308178f,Ivan Jorge,Joe Duffy,654ae722109a0d31
ef7fa30364cbe7f2,979538ff8ae1ccd5,f1fac969a1d70b08,Leon Edwards,9310418684bc896f,Pawel Pawlak,Leon Edwards,f1fac969a1d70b08
ef7fa30364cbe7f2,2e47823d38a5649b,2b93ebd9f5417ad2,Michael Bisping,cfb65863d5099327,Thales Leites,Michael Bisping,2b93ebd9f5417ad2
ef927e4fe2117ab8,6537a32e7af905b0,fba03cd6cc28dc41,Josh Emmett,82a5152216251682,Dan Ige,Josh Emmett,fba03cd6cc28dc41
ef927e4fe2117ab8,0b633295d9e017a3,80fa8218c99f9c58,Amanda Nunes,3253b16d38ae087d,Julianna Pena,Amanda Nunes,80fa8218c99f9c58
ef927e4fe2117ab8,50f2539c73b98eec,441eacbe20e0e80b,Augusto Sakai,c62fbc117d57b943,Tai Tuivasa,Augusto Sakai,441eacbe20e0e80b
ef927e4fe2117ab8,8c01b7dccc4d0926,82b4e942781b1046,Raulian Paiva,b50a426a33da0012,Sean O'Malley,Sean O'Malley,b50a426a33da0012
ef927e4fe2117ab8,795aa42785a46643,853eb0dd5c0e2149,Kai Kara-France,d8c7c61b176e3994,Cody Garbrandt,Cody Garbrandt,d8c7c61b176e3994
ef927e4fe2117ab8,2d0d13dfc6c37ba8,b997be68943010fc,Geoff Neal,6d1bffff14897645,Santiago Ponzinibbio,Santiago Ponzinibbio,6d1bffff14897645
ef927e4fe2117ab8,b22eab3aa1522f40,07225ba28ae309b6,Charles Oliveira,029eaff01e6bb8f0,Dustin Poirier,Charles Oliveira,07225ba28ae309b6
ef927e4fe2117ab8,8bcdcfb0f93f1409,325ad0dd9126d3df,Randy Costa,1a08b01fdabb6ae2,Tony Kelley,Randy Costa,325ad0dd9126d3df
ef927e4fe2117ab8,9039762cb9f4abdb,c878270af633eb11,Jordan Wright,12ebd7d157e91701,Bruno Silva,Bruno Silva,12ebd7d157e91701
ef927e4fe2117ab8,abb8c6c0a057184e,6bd02119599741a4,Pedro Munhoz,10f3ba6cd2f44a97,Dominick Cruz,Dominick Cruz,10f3ba6cd2f44a97
ef927e4fe2117ab8,fc2a30bfb760bdf8,f29a6350c69f4a33,Miranda Maverick,669970f7feba8ecd,Erin Blanchfield,Erin Blanchfield,669970f7feba8ecd
ef927e4fe2117ab8,16243b1470887cb6,886264a0c9f4ea5e,Andre Muniz,cad24459b28592ca,Eryk Anders,Andre Muniz,886264a0c9f4ea5e
ef927e4fe2117ab8,537a5aa4c248830e,8866c6f509c19089,Ryan Hall,34e516ab361afb1c,Darrick Minner,Ryan Hall,8866c6f509c19089
ef927e4fe2117ab8,505397f405e40206,38c7f72747f4f712,Gillian Robertson,b1e5bcaad32a3cac,Priscila Cachoeira,Gillian Robertson,38c7f72747f4f712
efaf544314bb5c2e,926091425f88d038,f34312c2ccfa0e00,Spencer Fisher,31ee470ef5dc8d7f,Thiago Alves,Thiago Alves,31ee470ef5dc8d7f
efaf544314bb5c2e,5521b9bb8f220993,22e47b53e4ceb27c,David Loiseau,8f2d9ee27f206f1f,Evan Tanner,Evan Tanner,8f2d9ee27f206f1f
efaf544314bb5c2e,5f2240d94375f907,6f018c039b4d5d80,Jon Fitch,5eedbf1e9601be35,Brock Larson,Jon Fitch,6f018c039b4d5d80
efaf544314bb5c2e,f5cb6cbb09ee8a16,d814f5192e58fb2f,Drew Fickett,dd37fd509af89f15,Josh Koscheck,Josh Koscheck,dd37fd509af89f15
efaf544314bb5c2e,c25a97523bf56e49,fb1538b46877a695,Jonathan Goulet,5bb0a618ad03ac64,Jay Hieron,Jonathan Goulet,fb1538b46877a695
f12f979b657ab876,a3902e22c10725c4,579fcdfcabd23a7b,Brian Stann,5b2d7906aa894274,Mike Massenzio,Brian Stann,579fcdfcabd23a7b
f12f979b657ab876,71cb15f6dbdaccd8,aac5ac38148f0528,Paul Kelly,6f81b6de2557739a,Jacob Volkmann,Jacob Volkmann,6f81b6de2557739a
f12f979b657ab876,860954fbe26b867a,322a56923b396b4d,DaMarques Johnson,d023ae89a2a4a41e,Matthew Riddle,Matthew Riddle,d023ae89a2a4a41e
f12f979b657ab876,c0dc7511452ed0f8,fc31f896cde2bc2e,John Howard,d81ac739417d7f53,Jake Ellenberger,Jake Ellenberger,d81ac739417d7f53
f12f979b657ab876,743f9df5bdfbcb95,179f1948dc234f1f,Mark Munoz,acff437707625fc7,Yushin Okami,Yushin Okami,acff437707625fc7
f12f979b657ab876,26800d759ba50371,a7f4d0902bb64092,James Irvin,53278852bcd91e11,Igor Pokrajac,Igor Pokrajac,53278852bcd91e11
f12f979b657ab876,db1c5b5a710fbdb0,92a9aa9c93192871,Darren Elkins,07225ba28ae309b6,Charles Oliveira,Charles Oliveira,07225ba28ae309b6
f12f979b657ab876,7949430ebc47f31b,07f72a2a7591b409,Jon Jones,ccdd90bd1fc7dab6,Vladimir Matyushenko,Jon Jones,07f72a2a7591b409
f12f979b657ab876,92dea6ff8f0c1b10,054defd5420a551f,Rob Kimmons,0b5b6876c2a4723f,Steve Steinbeiss,Rob Kimmons,054defd5420a551f
f12f979b657ab876,a01524699dfa3526,20205040232ed0f3,Tyson Griffin,3be081c29bf734d9,Takanori Gomi,Tyson Griffin,20205040232ed0f3
f1b2a4365799c48b,8e4650807ea06626,3c0437fbeda06962,George Roop,4417980b3e798abf,Reuben Duran,George Roop,3c0437fbeda06962
f1b2a4365799c48b,9c3db86db300119e,c849740a3ff51931,TJ Dillashaw,57bf89d42364d39e,Issei Tamura,TJ Dillashaw,c849740a3ff51931
f1b2a4365799c48b,5adcbd20eed3795d,d81ac739417d7f53,Jake Ellenberger,a8e6a69796280f17,Nate Marquardt,Jake Ellenberger,d81ac739417d7f53
f1b2a4365799c48b,29398b15b94c3847,f9f07bb5a43535ed,Carlos Condit,0941df56f6ac954b,Johny Hendricks,Johny Hendricks,0941df56f6ac954b
f1b2a4365799c48b,79dcde3ad50f6165,b13da0b1a3aed3e7,Nick Ring,6c2030e0a143a94b,Chris Camozzi,Chris Camozzi,6c2030e0a143a94b
f1b2a4365799c48b,e5e3c3a055df3016,6506c1d34da9c013,Georges St-Pierre,f57a8a52ca401ed9,Nick Diaz,Georges St-Pierre,6506c1d34da9c013
f1b2a4365799c48b,d0797451df1de80f,9fa3bd637edd9aa2,Patrick Cote,fb8a3025ae722e64,Bobby Voelker,Patrick Cote,9fa3bd637edd9aa2
f1b2a4365799c48b,0bd0ca01a255038c,c21a036b4e012f1c,John Makdessi,5f99b2bafb10305f,Daron Cruickshank,John Makdessi,c21a036b4e012f1c
f1b2a4365799c48b,7b9de06ef8c09ba6,fef3d17e27e916e7,Antonio Carvalho,92a9aa9c93192871,Darren Elkins,Darren Elkins,92a9aa9c93192871
f1b2a4365799c48b,b6c46c3c239e7863,d0c29452d3272603,Dan Miller,2aa49b3766a59bcd,Jordan Mein,Jordan Mein,2aa49b3766a59bcd
f1f9e48a0d150757,68ac97071275099f,ee779c43a8926d52,Rashad Evans,2f732dd9210d301f,Tito Ortiz,Rashad Evans,ee779c43a8926d52
f1f9e48a0d150757,27593cd1cda3cc2f,8a8a84b743ae7699,Dennis Hallman,32ba186f4b0e3267,Brian Ebersole,Brian Ebersole,32ba186f4b0e3267
f1f9e48a0d150757,de41ca23c9a13bfb,5755960ebd0b16f6,Ivan Menjivar,8cb76103cd8a1562,Nick Pace,Ivan Menjivar,5755960ebd0b16f6
f1f9e48a0d150757,eb3093e235f048c8,0ee783aa00e468f0,Vitor Belfort,b0550072e5f0afa7,Yoshihiro Akiyama,Vitor Belfort,0ee783aa00e468f0
f1f9e48a0d150757,9468f58f8abf78df,e0b74df14f52cd15,Mike Brown,80dbeb1dd5b53e64,Nam Phan,Mike Brown,e0b74df14f52cd15
f1f9e48a0d150757,87cc38e9d565f819,0941df56f6ac954b,Johny Hendricks,236a37d96d476164,Mike Pierce,Johny Hendricks,0941df56f6ac954b
f1f9e48a0d150757,04df2fbb108b23c1,cb46dface0e28a2c,Jorge Rivera,05560764359161e4,Constantinos Philippou,Constantinos Philippou,05560764359161e4
f1f9e48a0d150757,e516a0e035fd57f7,b5b684eac99ae0a3,Chad Mendes,94527830000ab715,Rani Yahya,Chad Mendes,b5b684eac99ae0a3
f1f9e48a0d150757,48ac0e2cf3681cca,98b80a717b9bda17,Matt Hamill,3c6976f8182d9527,Alexander Gustafsson,Alexander Gustafsson,3c6976f8182d9527
f1f9e48a0d150757,c299ca1bc07857d5,cbd5d3cdd862e90e,Rory MacDonald,f5990c11974d8e9c,Mike Pyle,Rory MacDonald,cbd5d3cdd862e90e
f21a3d68fb9df387,c3a4187fc821bfff,2eeaefbfc7f9fcff,Lina Lansberg,cc8c623cca88f54f,Mayra Bueno Silva,Mayra Bueno Silva,cc8c623cca88f54f
f21a3d68fb9df387,dcc3da324eb5f26c,6a1901c62ab3870f,Jessica Andrade,669970f7feba8ecd,Erin Blanchfield,Erin Blanchfield,669970f7feba8ecd
f21a3d68fb9df387,3f837b469ba33c7c,c878270af633eb11,Jordan Wright,56f7d7ee06be4aab,Zac Pauga,Zac Pauga,56f7d7ee06be4aab
f21a3d68fb9df387,682ff095649c9a5c,d1941565abf50b16,Jim Miller,262a7d06203657e6,Alexander Hernandez,Jim Miller,d1941565abf50b16
f21a3d68fb9df387,dc6f69f923744948,5da33b8fbfa5ee95,William Knight,6370c1c1e12723d5,Marcin Prachnio,William Knight,5da33b8fbfa5ee95
f21a3d68fb9df387,d45d9c7d60f332da,ff62013d2fce6d13,Nazim Sadykhov,d9a56ecb6e94f02e,Evan Elder,Nazim Sadykhov,ff62013d2fce6d13
f21a3d68fb9df387,435ba9b407b844ef,725b1abc9a39d873,AJ Fletcher,40f3cb27fc7305a1,Themba Gorimbo,Themba Gorimbo,40f3cb27fc7305a1
f21a3d68fb9df387,3e90b7fd1e9f86bd,b5da8f7d05e85a55,Josh Parisian,f41b9f5efc7162d6,Jamal Pogues,Jamal Pogues,f41b9f5efc7162d6
f21a3d68fb9df387,40781a64c4cea877,b62d5280966b2460,Clayton Carpenter,4a043165cf47cab2,Juancamilo Ronderos,Clayton Carpenter,b62d5280966b2460
f21a3d68fb9df387,3d46d635f9ae5e68,50db8711c70196cd,Ovince Saint Preux,53c943c873cffe90,Philipe Lins,Philipe Lins,53c943c873cffe90
f21a3d68fb9df387,43ec12079ccc371c,e00a3dee329a51f7,Jamall Emmers,5c10da56d712ac9c,Khusein Askhabov,Jamall Emmers,e00a3dee329a51f7
f2c934689243fe4e,878941394f9e3538,48a9a128784d53d1,Elves Brener,323d4ca260dfa0ba,Esteban Ribovics,Esteban Ribovics,323d4ca260dfa0ba
f2c934689243fe4e,eeeffa7f514e0c0e,d8c811df0386d5e8,Rinya Nakamura,a2d342ffc83913ed,Nathan Fletcher,Rinya Nakamura,d8c811df0386d5e8
f2c934689243fe4e,ac57250e3de89d5d,84b3e7d38f2d2ec5,Neil Magny,8adcbd525fab8d9b,Elizeu Zaleski dos Santos,Elizeu Zaleski dos Santos,8adcbd525fab8d9b
f2c934689243fe4e,111e66eb922449e4,d964a59c48381cb6,Danny Silva,239d8e5359022f3b,Kevin Vallejos,Kevin Vallejos,239d8e5359022f3b
f2c934689243fe4e,c62ed8a6002b5360,351c4ec637380ad5,Karol Rosa,f2b3f4ef3f780168,Nora Cornolle,Karol Rosa,351c4ec637380ad5
f2c934689243fe4e,282c8c6c1ed82bfb,4461d7e47375a895,Tatsuro Taira,b671bdf981ad527d,HyunSung Park,Tatsuro Taira,4461d7e47375a895
f2c934689243fe4e,426a69e343822ab3,849c5d9979df5357,Mateusz Rebecki,fd406a32a6fb3a29,Chris Duncan,Mateusz Rebecki,849c5d9979df5357
f2c934689243fe4e,b3c695728e177fd4,7eaa5e31c2dd86aa,Nick Klein,22e07d3da1aa3475,Andrey Pulyaev,Andrey Pulyaev,22e07d3da1aa3475
f2c934689243fe4e,b47db03affb279c3,83455a9d17f57dae,Rafael Estevam,53c10176e3bc7416,Felipe Bunes,Rafael Estevam,83455a9d17f57dae
f2c934689243fe4e,07c2af68b6dbc4ec,d3f89fa685bd8420,Austin Bashi,450bcab0968562c4,John Yannis,John Yannis,450bcab0968562c4
f2c934689243fe4e,45781930d64da456,260e9e0d4954aea6,Rodolfo Vieira,147e70aa6cc48cfc,Tresean Gore,Rodolfo Vieira,260e9e0d4954aea6
f2c934689243fe4e,d98d6b2c13557a87,e375cb5caf4717b6,Piera Rodriguez,8bd4200561c77a62,Ketlen Souza,Piera Rodriguez,e375cb5caf4717b6
f3155a94ca420126,8d1559bbcea7e92a,6e7c758f5cdec01a,Paddy Holohan,d2bc285ead803db0,Louis Smolka,Louis Smolka,d2bc285ead803db0
f3155a94ca420126,a1569926652ebc36,49a74b9fb2e45fdf,Neil Seery,0d0351c20169a499,Jon Delos Reyes,Neil Seery,49a74b9fb2e45fdf
f3155a94ca420126,2ad291d61792fd7d,99c7610aa74995d3,Cathal Pendred,1588b787bda7b540,Tom Breese,Tom Breese,1588b787bda7b540
f3155a94ca420126,3e39829aedc9346f,06827d70c53ff0d9,Scott Askham,4e06913c91da5200,Krzysztof Jotko,Krzysztof Jotko,4e06913c91da5200
f3155a94ca420126,665a35fcac41d277,31a13532e724ca2b,Stevie Ray,c575ab451e3c5b1d,Mickael Lebout,Stevie Ray,31a13532e724ca2b
f3155a94ca420126,cf3a93dd5460593c,92a9aa9c93192871,Darren Elkins,1dafccb62a0f98ec,Robert Whiteford,Darren Elkins,92a9aa9c93192871
f3155a94ca420126,5ae114b3fdef6d2f,14ff46596ad80609,Norman Parke,e25bcbcdaf6537a1,Reza Madadi,Norman Parke,14ff46596ad80609
f341f9551ba744e2,be307e6647a655c8,282fa667ff9c51ed,Cole Miller,917e53fa0adea0d3,Leonard Garcia,Cole Miller,282fa667ff9c51ed
f341f9551ba744e2,88295b0ab9868db5,a149d6bc670cdb60,Dustin Hazelett,fb1538b46877a695,Jonathan Goulet,Dustin Hazelett,a149d6bc670cdb60
f341f9551ba744e2,c536a1119406c0f0,31ee470ef5dc8d7f,Thiago Alves,9d4522df6fc49a47,Kuniyoshi Hironaka,Thiago Alves,31ee470ef5dc8d7f
f341f9551ba744e2,a1950f4bd19ed06f,8355922d564b152c,Nate Diaz,d0d7160824278840,Junior Assuncao,Nate Diaz,8355922d564b152c
f341f9551ba744e2,b46679306287ea79,52cae54377b433b7,Nate Quarry,0359313549d230a1,Pete Sell,Nate Quarry,52cae54377b433b7
f341f9551ba744e2,e7d444e279914116,d43a048a880efdff,Chris Leben,6a92caba39b64752,Terry Martin,Terry Martin,6a92caba39b64752
f3743d8ef5dde970,daa6b47be304ec86,c1085e1701b13eca,Joe Pyfer,8e9eb3fc86db0f7d,Marc-Andre Barriault,Joe Pyfer,c1085e1701b13eca
f3743d8ef5dde970,7856621db043423d,2f43a3e82661fa99,Rei Tsuruya,798e48f9e7f6ba22,Carlos Hernandez,Rei Tsuruya,2f43a3e82661fa99
f3743d8ef5dde970,3bbc222130d9dac7,3738e68d2261e60f,Andrei Arlovski,8eb046f83e82bf26,Martin Buday,Martin Buday,8eb046f83e82bf26
f3743d8ef5dde970,bbe3d8a37a276511,5987b2458f4b5290,Ricky Simon,18d01f7f8338ae72,Vinicius Oliveira,Vinicius Oliveira,18d01f7f8338ae72
f3743d8ef5dde970,2517029ff9c1a1a2,eb04b9d31e938edb,Michelle Waterson-Gomez,38c7f72747f4f712,Gillian Robertson,Gillian Robertson,38c7f72747f4f712
f3743d8ef5dde970,5f8a92f10e5451ce,6e743a33d56bdaa4,Payton Talbott,eb70e786bbdf1d16,Yanis Ghemmouri,Payton Talbott,6e743a33d56bdaa4
f3743d8ef5dde970,2b7883b304b3df1c,f1d64ae34e088832,Charles Jourdain,52ef95b5860fb28c,Jean Silva,Jean Silva,52ef95b5860fb28c
f3743d8ef5dde970,fbf77262d8da342b,442c9011034ae1fd,Ian Machado Garry,a67d071163962af8,Michael Page,Ian Machado Garry,442c9011034ae1fd
f3743d8ef5dde970,fc8ad0c7fc70dde7,82a5152216251682,Dan Ige,f166e93d04a8c274,Diego Lopes,Diego Lopes,f166e93d04a8c274
f3743d8ef5dde970,bf878c083a6b30ad,d4c9dcd330403612,Anthony Smith,327d5f279895110d,Roman Dolidze,Roman Dolidze,327d5f279895110d
f3743d8ef5dde970,a571c622ab89b3d9,cc8c623cca88f54f,Mayra Bueno Silva,9cdd2da1a9104a0b,Macy Chiasson,Macy Chiasson,9cdd2da1a9104a0b
f3743d8ef5dde970,08489fdfb56ee19c,d247691a6c0e9034,Cub Swanson,8fd808923cffff82,Andre Fili,Cub Swanson,d247691a6c0e9034
f3743d8ef5dde970,bca5d01f8775f852,e5549c82bfb5582d,Alex Pereira,009341ed974bad72,Jiri Prochazka,Jiri Prochazka,009341ed974bad72
f3a078277b3b8ff4,6acd1c591170f597,5f61780fe5e9b6d0,Andre Petroski,595db60957de51d3,Michel Pereira,Michel Pereira,595db60957de51d3
f3a078277b3b8ff4,751cf3d52fce1d1f,8e1f36476ef02a6a,Jennifer Maia,36541f1e6c5d4955,Viviane Araujo,Viviane Araujo,36541f1e6c5d4955
f3a078277b3b8ff4,824859c7580eb35b,94426bb170c88115,Sodiq Yusuff,64a50dad704d1d49,Edson Barboza,Edson Barboza,64a50dad704d1d49
f3a078277b3b8ff4,85a130a4b655c8f5,b4c6c904a9ffc5e8,Ashley Yoder,02f8fedc18cbd26c,Emily Ducote,Emily Ducote,02f8fedc18cbd26c
f3a078277b3b8ff4,a74a8c1e0a49070d,45f0cc9d18f35137,Chris Gutierrez,1897b7b913736a7c,Alatengheili,Chris Gutierrez,45f0cc9d18f35137
f3a078277b3b8ff4,1ba282da76ca82ad,103e2e33a60683e1,Irina Alekseeva,bd532e9a2b93870c,Melissa Mullins,Melissa Mullins,bd532e9a2b93870c
f3a078277b3b8ff4,5b7b5b01f4dcbd9c,2c5f5749569eef66,Tainara Lisboa,4948e412fa6ab67d,Ravena Oliveira,Tainara Lisboa,2c5f5749569eef66
f3a078277b3b8ff4,0197a61472fc351d,5ec591b78349ba7e,Christian Rodriguez,3c8a5200436e19f3,Cameron Saaiman,Christian Rodriguez,5ec591b78349ba7e
f3a078277b3b8ff4,3a8af8ee23444b72,92a9aa9c93192871,Darren Elkins,d31cbcdd7d69536d,TJ Brown,Darren Elkins,92a9aa9c93192871
f3a078277b3b8ff4,0d6d212fcdf47f2e,f2477cf43c4975cc,Jonathan Martinez,0232cabbc30a2372,Adrian Yanez,Jonathan Martinez,f2477cf43c4975cc
f3a078277b3b8ff4,7f7d2abc21f171ca,809bd1a871491508,Terrance McKinney,d7fe8c6b7d2872e5,Brendon Marotte,Terrance McKinney,809bd1a871491508
f4a031ac205ac580,0b89c88d506da083,36549928f90f1d36,Jose Quinonez,09f579be4520394a,Diego Rivas,Diego Rivas,09f579be4520394a
f4a031ac205ac580,48f7e64b548806cd,80daefbed11ce998,Alejandro Perez,d0e50a3d1b250708,Andre Soukhamthath,Alejandro Perez,80daefbed11ce998
f4a031ac205ac580,e02fca0d258283ce,74d35fbc9c6a61bd,Alvaro Herrera Mendoza,c07efc18b231f170,Jordan Rinaldi,Jordan Rinaldi,c07efc18b231f170
f4a031ac205ac580,19348172178f42ed,01fcef7e3d051722,Henry Briones,94527830000ab715,Rani Yahya,Rani Yahya,94527830000ab715
f4a031ac205ac580,2f9b9ef5f6833aa1,9c44f290f5726d95,Martin Bravo,2c2caf2f2bab9df5,Humberto Bandenay,Humberto Bandenay,2c2caf2f2bab9df5
f4a031ac205ac580,a3e4322f55454897,34e552520a934063,Brad Scott,0a1942069c9ad6b6,Jack Hermansson,Jack Hermansson,0a1942069c9ad6b6
f4a031ac205ac580,02732ebb104793d2,f53c1f4ceeed8c08,Dustin Ortiz,449c890bd90f3374,Hector Sandoval,Dustin Ortiz,f53c1f4ceeed8c08
f4a031ac205ac580,c8f619a71b714ec7,d156513a19acf856,Sam Alvey,ee779c43a8926d52,Rashad Evans,Rashad Evans,ee779c43a8926d52
f4a031ac205ac580,a3723f0f672b0912,2fe9032955c2e013,Joseph Morales,546f8599a63c29da,Robert Sanchez,Robert Sanchez,546f8599a63c29da
f4a031ac205ac580,d5598322f81db6c9,4a57ebb14315b251,Randa Markos,e8b731feff72294b,Alexa Grasso,Alexa Grasso,e8b731feff72294b
f4a031ac205ac580,253e42894852b26a,de75d1c45a39e221,Sergio Pettis,792be9a24df82ed6,Brandon Moreno,Sergio Pettis,de75d1c45a39e221
f4a031ac205ac580,cd54325a9a538837,cf65d56b0755ed3b,Alan Jouban,d8da10db80131bec,Niko Price,Alan Jouban,cf65d56b0755ed3b
f54200f1dfb9b5d4,875304f54becda0e,de75d1c45a39e221,Sergio Pettis,20999e27ddd94bda,Ryan Benoit,Sergio Pettis,de75d1c45a39e221
f54200f1dfb9b5d4,66aa57912b5c5170,0941df56f6ac954b,Johny Hendricks,31123249b0bbf52e,Matt Brown,Johny Hendricks,0941df56f6ac954b
f54200f1dfb9b5d4,0337fa731f5b02c1,4f732e58ed907eff,Ross Pearson,501b07aec9b8fc2d,Sam Stout,Ross Pearson,4f732e58ed907eff
f54200f1dfb9b5d4,bd52e19f2fbefdde,d910665038efc639,Carla Esparza,3d6749c4267da18f,Joanna Jedrzejczyk,Joanna Jedrzejczyk,3d6749c4267da18f
f54200f1dfb9b5d4,39e6cba2480c6d82,cbb682f5fcc44bfc,Anthony Pettis,6a2f7c151031653d,Rafael Dos Anjos,Rafael Dos Anjos,6a2f7c151031653d
f54200f1dfb9b5d4,6b07c3a9a95493cf,b2e3aca4cd363477,Chris Cariaso,056c493bbd76a918,Henry Cejudo,Henry Cejudo,056c493bbd76a918
f54200f1dfb9b5d4,d61a7b593218234b,5f99b2bafb10305f,Daron Cruickshank,08af939f41b5a57b,Beneil Dariush,Beneil Dariush,08af939f41b5a57b
f54200f1dfb9b5d4,7685da6f627bd98f,3f7c14c7eca7195d,Roy Nelson,b4ad3a06ee4d660c,Alistair Overeem,Alistair Overeem,b4ad3a06ee4d660c
f5585e675af7afd4,9dfcf675cf2c1575,751de04455cfaac0,Calvin Kattar,9560ff14eb3129f7,Giga Chikadze,Giga Chikadze,9560ff14eb3129f7
f5585e675af7afd4,3738135e4c9d8273,523fa774700d7d3f,Court McGee,3d074044a33825e7,Ramiz Brahimaj,Ramiz Brahimaj,3d074044a33825e7
f5585e675af7afd4,f9a4e625dffc30d4,e872e9a9a902c045,Katlyn Cerminara,8e1f36476ef02a6a,Jennifer Maia,Katlyn Cerminara,e872e9a9a902c045
f5585e675af7afd4,b5b5156c713c5d47,3033c1c080672475,Dakota Bush,19c591115a58982c,Viacheslav Borshchev,Viacheslav Borshchev,19c591115a58982c
f5585e675af7afd4,e8517ed0b49abc37,830f60497fab345a,Jamie Pickett,8d20d76af3f213ce,Joseph Holmes,Joseph Holmes,8d20d76af3f213ce
f5585e675af7afd4,7c2a02b5ea169b54,7be14eaed4c74856,Brian Kelleher,35b3772629e27a49,Kevin Croom,Brian Kelleher,7be14eaed4c74856
f5585e675af7afd4,3a8c0158d910546d,d31cbcdd7d69536d,TJ Brown,40093d1d2d78394e,Charles Rosa,TJ Brown,d31cbcdd7d69536d
f5585e675af7afd4,8693027377658e61,9abc648e76c4493a,Bill Algeo,791c8437b341fba5,Joanderson Brito,Joanderson Brito,791c8437b341fba5
f5585e675af7afd4,8d89f3b8798f444d,6e15f63b6c2e2c15,Brandon Royval,07a2bdaa0afdd831,Rogerio Bontorin,Brandon Royval,6e15f63b6c2e2c15
f5585e675af7afd4,3bcbb0e039f4f5d8,92fa1401b7927da3,Jake Collier,01b352b6a9074d5c,Chase Sherman,Chase Sherman,01b352b6a9074d5c
f5990c11974d8e9c,326c3eaa1e9e3dc4,38c7f72747f4f712,Gillian Robertson,51018a31ddf31eb2,Molly McCann,Gillian Robertson,38c7f72747f4f712
f5990c11974d8e9c,f71d46f804307bd2,34f88592c0ab7a54,Elias Theodorou,f797f0c57a83353e,Trevor Smith,Elias Theodorou,34f88592c0ab7a54
f5990c11974d8e9c,8b1dc96a00a8e881,bdcbb976816fd256,Daniel Kelly,1588b787bda7b540,Tom Breese,Tom Breese,1588b787bda7b540
f5990c11974d8e9c,3e9ddcd30fdc5d85,34e552520a934063,Brad Scott,198994b47f395af0,Carlo Pedersoli Jr.,Brad Scott,34e552520a934063
f5990c11974d8e9c,b3096e8dd4e90718,2eeaefbfc7f9fcff,Lina Lansberg,016a8d958883167c,Gina Mazany,Lina Lansberg,2eeaefbfc7f9fcff
f5990c11974d8e9c,9dcf8ce308eaa050,6f7c616b98e18c29,Claudio Silva,49858bf46dabf6fb,Nordine Taleb,Claudio Silva,6f7c616b98e18c29
f5990c11974d8e9c,cd117bfce747184f,4a28cb716c19157a,Stephen Thompson,9ce6d5a03af801b7,Darren Till,Stephen Thompson,4a28cb716c19157a
f5990c11974d8e9c,20b5de395c0f1375,b9664eae2ac75262,Eric Spicely,a17ad5a5048e8c3f,Darren Stewart,Darren Stewart,a17ad5a5048e8c3f
f5990c11974d8e9c,f6efb09c01e4cac6,040a74bb0a465c54,Arnold Allen,69f01b25dfabaf6b,Mads Burnell,Arnold Allen,040a74bb0a465c54
f5990c11974d8e9c,426ca5caeb857f1e,84b3e7d38f2d2ec5,Neil Magny,3dd949593346dbc3,Craig White,Neil Magny,84b3e7d38f2d2ec5
f5990c11974d8e9c,52565f62fb3822db,bb1a2cdad6ff34db,Jason Knight,87a1dc546b1c5caf,Makwan Amirkhani,Jason Knight,bb1a2cdad6ff34db
f62850b3c7480db9,1e2677e481a587fd,9fe85152f351e737,Mike Swick,322a56923b396b4d,DaMarques Johnson,Mike Swick,9fe85152f351e737
f62850b3c7480db9,957b7c74ce120a32,f7a7f7118d4b01b6,Lyoto Machida,c0ab242c40decc55,Ryan Bader,Lyoto Machida,f7a7f7118d4b01b6
f62850b3c7480db9,4c4e1f7521c27900,3bad7ef643840f67,Joe Lauzon,a54fc2d6fc224dc3,Jamie Varner,Joe Lauzon,3bad7ef643840f67
f62850b3c7480db9,1cbffe3a467d0ded,140745cbbcb023ac,Mauricio Rua,fa315e6c77eee106,Brandon Vera,Mauricio Rua,140745cbbcb023ac
f62850b3c7480db9,9a85303025a077b5,60ba33c3f555a7a3,Josh Grispi,94527830000ab715,Rani Yahya,Rani Yahya,94527830000ab715
f62850b3c7480db9,758ec6b5d55c1b09,6ef65b6a152e49d5,Philip De Fries,dcdd511ff757f15c,Oli Thompson,Philip De Fries,6ef65b6a152e49d5
f62850b3c7480db9,d2ea9181abacc2ee,282fa667ff9c51ed,Cole Miller,80dbeb1dd5b53e64,Nam Phan,Cole Miller,282fa667ff9c51ed
f62850b3c7480db9,3e6dfafb8aa780f9,cc6f9d1e89f3449a,Manvel Gamburyan,9f842be1a5337be6,Michihiro Omigawa,Manvel Gamburyan,cc6f9d1e89f3449a
f65a0eb902f9476b,11f65de5348e4bc4,6d1bffff14897645,Santiago Ponzinibbio,cdb96af67d096b1e,Alex Morono,Santiago Ponzinibbio,6d1bffff14897645
f65a0eb902f9476b,4e9d76ed54f1f352,4144798612ef96e5,Edmen Shahbazyan,ce632027bf2a871b,Dalcha Lungiambula,Edmen Shahbazyan,4144798612ef96e5
f65a0eb902f9476b,5bc31abb5842942a,3c8a5200436e19f3,Cameron Saaiman,84512339473dd300,Steven Koslow,Cameron Saaiman,3c8a5200436e19f3
f65a0eb902f9476b,a1a5d06b0e7ada62,aa171d55d4b5208f,Billy Quarantillo,262a7d06203657e6,Alexander Hernandez,Billy Quarantillo,aa171d55d4b5208f
f65a0eb902f9476b,2d9d966e0e8df232,d31cbcdd7d69536d,TJ Brown,21b813b919776d90,Erik Silva,TJ Brown,d31cbcdd7d69536d
f65a0eb902f9476b,1779cc4ae925df01,2cd428e9606856fd,Jairzinho Rozenstruik,d0aaedcf7ccd0b45,Chris Daukaus,Jairzinho Rozenstruik,2cd428e9606856fd
f65a0eb902f9476b,fd7421f421e802bd,fe2babf95de24fb1,Raul Rosas Jr.,01fed6f61ebea01f,Jay Perrin,Raul Rosas Jr.,fe2babf95de24fb1
f65a0eb902f9476b,ecab8b8b36727b8d,9ce6d5a03af801b7,Darren Till,0d7b51c9d2649a6e,Dricus Du Plessis,Dricus Du Plessis,0d7b51c9d2649a6e
f65a0eb902f9476b,a346180c8b109469,5442f1bc4b47eaf3,Chris Curtis,b9437600497350f3,Joaquin Buckley,Joaquin Buckley,b9437600497350f3
f65a0eb902f9476b,4a17876e99f6baf3,d9c6f19f958643e9,Bryce Mitchell,54f64b5e283b0ce7,Ilia Topuria,Ilia Topuria,54f64b5e283b0ce7
f65a0eb902f9476b,144cd3f62591a5fb,7826923b47f8d72a,Paddy Pimblett,7026eca45f65377b,Jared Gordon,Paddy Pimblett,7826923b47f8d72a
f6a7b02c42e9fc5b,2f4d42e0b9696f71,275aca31f61ba28c,Islam Makhachev,887961364be5ceb3,King Green,Islam Makhachev,275aca31f61ba28c
f6a7b02c42e9fc5b,61a20ff34b6948ba,a13d755965a4ec9f,Rongzhu,e4a47b07044ddd72,Ignacio Bahamondes,Ignacio Bahamondes,e4a47b07044ddd72
f6a7b02c42e9fc5b,c4eb14c3de579842,a20f234df70f2182,Ji Yeon Kim,b1e5bcaad32a3cac,Priscila Cachoeira,Priscila Cachoeira,b1e5bcaad32a3cac
f6a7b02c42e9fc5b,01468f766dd7385c,67f272324a030d00,Misha Cirkunov,4dcfb28c011c11b2,Wellington Turman,Misha Cirkunov,67f272324a030d00
f6a7b02c42e9fc5b,84d633d4a9fbf331,369ea36e450ae62a,Armen Petrosyan,d1c65d2cf2925ddd,Gregory Rodrigues,Gregory Rodrigues,d1c65d2cf2925ddd
f6a7b02c42e9fc5b,f087a10a6f2bcc99,68d35296f566792b,Josiane Nunes,3eb4dc9a7d4ac906,Ramona Pascual,Josiane Nunes,68d35296f566792b
f6a7b02c42e9fc5b,8515f07911765f89,eae48ff31db420c2,Arman Tsarukyan,58bbef3770bb2dfc,Joel Alvarez,Arman Tsarukyan,eae48ff31db420c2
f6a7b02c42e9fc5b,901e62b7af57f559,80daefbed11ce998,Alejandro Perez,f2477cf43c4975cc,Jonathan Martinez,Jonathan Martinez,f2477cf43c4975cc
f6a7b02c42e9fc5b,cb1f27818d46af0e,809bd1a871491508,Terrance McKinney,1e4f273069fb9e85,Fares Ziam,Fares Ziam,1e4f273069fb9e85
f6a7b02c42e9fc5b,181ceedcacc01d48,dc7927cd622676a7,Victor Altamirano,798e48f9e7f6ba22,Carlos Hernandez,Carlos Hernandez,798e48f9e7f6ba22
f6a7b02c42e9fc5b,c5d5fcf290cc029e,3d074044a33825e7,Ramiz Brahimaj,ce175eaafe867d1f,Micheal Gillmore,Ramiz Brahimaj,3d074044a33825e7
f70144caea5c4c80,000da3152b7b5ab1,6da99156486ed6c2,Joshua Burkman,d1a1314976c50bef,Josh Neer,Josh Neer,d1a1314976c50bef
f70144caea5c4c80,4000e1f32058796a,79899ecf62020f6d,Joe Stevenson,5f04e3d58d9ce982,Yves Edwards,Joe Stevenson,79899ecf62020f6d
f70144caea5c4c80,bc7a81a81840e4be,cbfd1d34356a004c,Jeff Monson,4b4753d19489297f,Anthony Perosh,Jeff Monson,cbfd1d34356a004c
f70144caea5c4c80,979318b05efd1ea4,d814f5192e58fb2f,Drew Fickett,aa1952ec0b3dd8e1,Kurt Pellegrino,Kurt Pellegrino,aa1952ec0b3dd8e1
f70144caea5c4c80,ee6000812e2b9f9d,2f732dd9210d301f,Tito Ortiz,63b65af1c5cb02cb,Ken Shamrock,Tito Ortiz,2f732dd9210d301f
f70144caea5c4c80,3c3533ba486a2006,2a542ee8a8b83559,Tim Sylvia,3738e68d2261e60f,Andrei Arlovski,Tim Sylvia,2a542ee8a8b83559
f717b6002486f73f,ec916b9f67175633,a390eb8a9b2df298,Chuck Liddell,d468288756ae3982,Renato Sobral,Chuck Liddell,a390eb8a9b2df298
f717b6002486f73f,c151729e47d9122b,fcffee71cff5530e,Forrest Griffin,c6a33ff198aaaeeb,Stephan Bonnar,Forrest Griffin,fcffee71cff5530e
f717b6002486f73f,d40bfa821f2fe46a,e0ec3c3b6b611f7e,Hermes Franca,a54fc2d6fc224dc3,Jamie Varner,Hermes Franca,e0ec3c3b6b611f7e
f717b6002486f73f,5ed402ad08d9d4f9,acff437707625fc7,Yushin Okami,4130a743d9d22163,Alan Belcher,Yushin Okami,acff437707625fc7
f717b6002486f73f,eb5fd91dd3d937db,f59f1d3a2ff13edd,Eric Schafer,f3388d2cf7ab3f64,Rob MacDonald,Rob MacDonald,f3388d2cf7ab3f64
f717b6002486f73f,2de0acc04cba91d3,1eacf73d6a0055dc,Cheick Kongo,f1b2a4365799c48b,Christian Wellisch,Cheick Kongo,1eacf73d6a0055dc
f717b6002486f73f,cd6070783f11619b,f57a8a52ca401ed9,Nick Diaz,d1a1314976c50bef,Josh Neer,Nick Diaz,f57a8a52ca401ed9
f9aa6376ae16bfb4,837a7a922066b214,65578a75fa7900e3,Uriah Hall,6dd758d34da8d254,Ron Stallings,Uriah Hall,65578a75fa7900e3
f9aa6376ae16bfb4,90e5169190971647,fc31f896cde2bc2e,John Howard,9450848a71d53776,Lorenz Larkin,John Howard,fc31f896cde2bc2e
f9aa6376ae16bfb4,cf38ced734978fb8,7b310409440c9102,Zhang Lipeng,c8097968da5e5f13,Chris Wade,Chris Wade,c8097968da5e5f13
f9aa6376ae16bfb4,93569f4876c20488,1d00756835ca67c9,Donald Cerrone,2676b28836a5a836,Benson Henderson,Benson Henderson,2676b28836a5a836
f9aa6376ae16bfb4,6359bba789ce28ae,99c7610aa74995d3,Cathal Pendred,ab850a77a0fa487d,Sean Spencer,Cathal Pendred,99c7610aa74995d3
f9aa6376ae16bfb4,3d468536e8904b93,f4c49976c75c5ab2,Conor McGregor,5f87a5c00b3d17ed,Dennis Siver,Conor McGregor,f4c49976c75c5ab2
f9aa6376ae16bfb4,85e57ad2b3831621,40093d1d2d78394e,Charles Rosa,bd5403efbaa445c0,Sean Soriano,Charles Rosa,40093d1d2d78394e
f9aa6376ae16bfb4,53d2d2de5c4cccf2,1f4b04a926ef1287,Johnny Case,96c336b463e0662c,Frankie Perez,Johnny Case,1f4b04a926ef1287
f9aa6376ae16bfb4,293919e355b362b1,14ff46596ad80609,Norman Parke,75e5fec9f72910ef,Gleison Tibau,Norman Parke,14ff46596ad80609
f9c7fe2682af3802,357781ff34a3d39f,c06a9b48d4132c8e,James Moontasri,5904b0b38dc6718d,Cody Pfister,James Moontasri,c06a9b48d4132c8e
f9c7fe2682af3802,1a3572d1502efdf4,a4de54ea806fb525,Ray Borg,56c9acc4e86046a2,Chris Kelades,Ray Borg,a4de54ea806fb525
f9c7fe2682af3802,0bdb170e1fef36b6,84b3e7d38f2d2ec5,Neil Magny,71df36d6d8cf0d74,Kiichi Kunimoto,Neil Magny,84b3e7d38f2d2ec5
f9c7fe2682af3802,b91807add93763c9,4bd6b4800070b069,Chas Skelly,fe5a9547479396ab,Jim Alers,Chas Skelly,4bd6b4800070b069
f9c7fe2682af3802,fb5ce6329f243d8b,2676b28836a5a836,Benson Henderson,638cfec7ec559d6e,Brandon Thatch,Benson Henderson,2676b28836a5a836
f9c7fe2682af3802,93ac52a9fdca03e1,57ab4d7c0bc09a30,Zach Makovsky,c96d9178c9ed9e62,Tim Elliott,Zach Makovsky,57ab4d7c0bc09a30
f9c7fe2682af3802,dcee56e0cbfacb45,e51fcd9cd84c0b93,Michel Prazeres,ee9ebceabfd16fa7,Kevin Lee,Michel Prazeres,e51fcd9cd84c0b93
f9c7fe2682af3802,509bd83b00e4ab7c,150ff4cc642270b9,Max Holloway,282fa667ff9c51ed,Cole Miller,Max Holloway,150ff4cc642270b9
f9f07bb5a43535ed,1a6e7e7c98886198,9fa3bd637edd9aa2,Patrick Cote,7339d340aa2889cb,Kyle Noke,Patrick Cote,9fa3bd637edd9aa2
f9f07bb5a43535ed,3a5b53d1123d9f7e,2b93ebd9f5417ad2,Michael Bisping,3c660c90d48fc80d,Tim Kennedy,Michael Bisping,2b93ebd9f5417ad2
f9f07bb5a43535ed,3406cf3e28e30d1b,501b07aec9b8fc2d,Sam Stout,b7ffa72aa148599a,KJ Noons,Sam Stout,501b07aec9b8fc2d
f9f07bb5a43535ed,273f9520d75f3dac,ec2d13a87d3d9541,Sheldon Westcott,34f88592c0ab7a54,Elias Theodorou,Elias Theodorou,34f88592c0ab7a54
f9f07bb5a43535ed,3e6b5cb3c37bef3b,029eaff01e6bb8f0,Dustin Poirier,3f52ce18fb98008f,Akira Corassani,Dustin Poirier,029eaff01e6bb8f0
f9f07bb5a43535ed,3427667c1a265fe5,3c0437fbeda06962,George Roop,fe91d254db77a7fc,Dustin Kimura,George Roop,3c0437fbeda06962
f9f07bb5a43535ed,01c67a3990800dc3,49858bf46dabf6fb,Nordine Taleb,1e7483dbff40b84b,Vik Grujic,Nordine Taleb,49858bf46dabf6fb
f9f07bb5a43535ed,0dd560fbcae2244f,c03a5022f8439f2a,Chad Laprise,55ee431411ccf07a,Olivier Aubin-Mercier,Olivier Aubin-Mercier,55ee431411ccf07a
f9f07bb5a43535ed,2e8d68b14dde981e,36df8e119aec6175,Sarah Kaufman,76984112f697631f,Leslie Smith,Sarah Kaufman,36df8e119aec6175
f9f07bb5a43535ed,f0b117394e52996b,bc3ec52ef70fc155,Ryan Jimmo,cb52f9490c2dc069,Sean O'Connell,Ryan Jimmo,bc3ec52ef70fc155
f9f07bb5a43535ed,a7aac5f6b470ddaa,cf9d24e4bd0cf2ce,Mark Bocek,1971869b7e054261,Mike de la Torre,Mark Bocek,cf9d24e4bd0cf2ce
fa534853eb195270,55c6d02e838dc60f,23024fdfc966410a,Gilbert Burns,57b10fca4f9c9a7a,Alex Oliveira,Gilbert Burns,23024fdfc966410a
fa534853eb195270,22a243c5fba0fb46,a8283a4f415e1eb9,Francisco Trinaldo,c136b2a8852da5bd,Akbarh Arreola,Francisco Trinaldo,a8283a4f415e1eb9
fa534853eb195270,9150344ed35f355d,fa37628269132d1a,Godofredo Pepey,8fd808923cffff82,Andre Fili,Andre Fili,8fd808923cffff82
fa534853eb195270,7259a1046143e632,6c7020b859c7a3ce,Edimilson Souza,44470bfd9483c7ad,Katsunori Kikuno,Edimilson Souza,6c7020b859c7a3ce
fa534853eb195270,0eac602503b48b1a,9c65736747ca92ec,Leonardo Santos,5331b25a60417ffb,Anthony Rocco Martin,Anthony Rocco Martin,5331b25a60417ffb
fa534853eb195270,1641d396e409a350,5866fc86183a9fb8,Erick Silva,dd37fd509af89f15,Josh Koscheck,Josh Koscheck,dd37fd509af89f15
fa534853eb195270,bc096e8ae14582ec,427b5953ac8e3a27,Demian Maia,4c7781da8c6cae93,Ryan LaFlare,Demian Maia,427b5953ac8e3a27
fa8b9e6b0c2269f8,b4ebb7576e9745e7,4f732e58ed907eff,Ross Pearson,f2c8ebbeafd45f2b,Aaron Riley,Ross Pearson,4f732e58ed907eff
fa8b9e6b0c2269f8,b0ee33ab448e252b,b45d6b73f4ca4467,Andre Winner,37b1696e6d115957,Rolando Delgado,Andre Winner,b45d6b73f4ca4467
fa8b9e6b0c2269f8,964245b54324810d,3c6976f8182d9527,Alexander Gustafsson,23459ee7e373b98f,Jared Hamman,Alexander Gustafsson,3c6976f8182d9527
fa8b9e6b0c2269f8,81283a33e907dbbe,5b407acfe0ef9b76,Nick Osipczak,d023ae89a2a4a41e,Matthew Riddle,Matthew Riddle,d023ae89a2a4a41e
fa8b9e6b0c2269f8,cb510afff3dafdab,28f3c2258a1d8874,John Hathaway,9b74de674c355425,Paul Taylor,John Hathaway,28f3c2258a1d8874
fa8b9e6b0c2269f8,4f36bc6fe119c4ac,33011768c3c4dc9a,Terry Etim,9f1641c08cf8fbe2,Shannon Gugerty,Terry Etim,33011768c3c4dc9a
fa8b9e6b0c2269f8,6c569785225fd2e7,5f87a5c00b3d17ed,Dennis Siver,aac5ac38148f0528,Paul Kelly,Dennis Siver,5f87a5c00b3d17ed
fa8b9e6b0c2269f8,bf8164367980fcd3,473ce3aa581251a2,Dan Hardy,9fe85152f351e737,Mike Swick,Mike Swick,9fe85152f351e737
fa8b9e6b0c2269f8,7cdc6fdf983fb412,0aa92558424ced9e,Randy Couture,fa315e6c77eee106,Brandon Vera,Brandon Vera,fa315e6c77eee106
fa8b9e6b0c2269f8,b12d96ba9426b8d4,2b93ebd9f5417ad2,Michael Bisping,3c241737a6069b9f,Denis Kang,Michael Bisping,2b93ebd9f5417ad2
fa8b9e6b0c2269f8,2c07f8ba25640237,31123249b0bbf52e,Matt Brown,852454c572675334,James Wilks,Matt Brown,31123249b0bbf52e
fbbde91f7bc2d3c5,d172d88fbeb8c6a8,82e7929bf6c2b689,Diego Sanchez,cb139171ed1b69fe,Kenny Florian,Diego Sanchez,82e7929bf6c2b689
fbbde91f7bc2d3c5,4705a4db0bf1edcd,fcffee71cff5530e,Forrest Griffin,c6a33ff198aaaeeb,Stephan Bonnar,Forrest Griffin,fcffee71cff5530e
fbbde91f7bc2d3c5,c50a3025d1519fc8,d897897060f10a3a,Rich Franklin,63b65af1c5cb02cb,Ken Shamrock,Rich Franklin,d897897060f10a3a
fc1868f56d3036eb,f767243bb48ab9d7,f1b2aa7853d1ed6e,Kamaru Usman,103b06d8707895a9,Emil Meek,Kamaru Usman,f1b2aa7853d1ed6e
fc1868f56d3036eb,51e684bfce8d94aa,18968f97ad34f15c,Jeremy Stephens,e93b04e308913c2e,Dooho Choi,Dooho Choi,e93b04e308913c2e
fc1868f56d3036eb,3b1453df439a5024,8f6a18831a120817,James Krause,c17041f1bb5768d8,Alex White,James Krause,8f6a18831a120817
fc1868f56d3036eb,0820a29a03d58282,4d5197f331c47290,Paige VanZant,6c8072b61c276e67,Jessica-Rose Clark,Paige VanZant,4d5197f331c47290
fc1868f56d3036eb,4843f369dc8b5de5,dccb63727f2f5f74,Matt Frevola,edd02825c29028fe,Marco Polo Reyes,Matt Frevola,dccb63727f2f5f74
fc1868f56d3036eb,738e0ccad2c9224b,5b2325cd70dbe2ea,Talita Bernardo,578ef12674df1e6a,Irene Aldana,Irene Aldana,578ef12674df1e6a
fc1868f56d3036eb,d85c76a61a820be9,92a9aa9c93192871,Darren Elkins,511e82663651438d,Michael Johnson,Darren Elkins,92a9aa9c93192871
fc1868f56d3036eb,c4ecf4b894ccbced,69f01b25dfabaf6b,Mads Burnell,bc656db347f31e19,Mike Santiago,Mads Burnell,69f01b25dfabaf6b
fc1868f56d3036eb,1bf1a6fc9c9acc26,a7897d200692ab64,Kyung Ho Kang,d05412b513b19621,Guido Cannetti,Kyung Ho Kang,a7897d200692ab64
fc1868f56d3036eb,9f10afab94cafc45,b76c6268dc1d3c05,Danielle Taylor,6fd953151d981979,JJ Aldrich,JJ Aldrich,6fd953151d981979
fc31f896cde2bc2e,b9be2e52d02886e2,c21a036b4e012f1c,John Makdessi,cd7763bcadb5d4c8,Alan Patrick,John Makdessi,c21a036b4e012f1c
fc31f896cde2bc2e,b705fb146638d859,b2e3aca4cd363477,Chris Cariaso,8a9c6c4301f6d088,Danny Martinez,Chris Cariaso,b2e3aca4cd363477
fc31f896cde2bc2e,4c9047d1c1bc1e29,2c99576fefe53c7c,Renan Barao,78114b7199cef90c,Urijah Faber,Renan Barao,2c99576fefe53c7c
fc31f896cde2bc2e,a851348faa460c2d,c268b2cfebccf652,John Lineker,3dd92ff9fb0412b3,Ali Bagautinov,John Lineker,c268b2cfebccf652
fc31f896cde2bc2e,131732f248cd2829,92b62174c175ce19,Clint Hester,993d385f5a475375,Andy Enz,Clint Hester,92b62174c175ce19
fc31f896cde2bc2e,bc9dd73e0a982c08,5331b25a60417ffb,Anthony Rocco Martin,7ea1f74cef32f906,Rashid Magomedov,Rashid Magomedov,7ea1f74cef32f906
fc31f896cde2bc2e,c145e4b6206d4c18,f8fe2053d73d7bcf,Nick Catone,6809c31286b08d97,Tom Watson,Nick Catone,f8fe2053d73d7bcf
fc31f896cde2bc2e,b51163f358495b41,59279a7c978f7da0,Al Iaquinta,ee9ebceabfd16fa7,Kevin Lee,Kevin Lee,ee9ebceabfd16fa7
fc31f896cde2bc2e,651bdd9e17a58c5d,1ff9589f9065a9ed,Frank Mir,b4ad3a06ee4d660c,Alistair Overeem,Alistair Overeem,b4ad3a06ee4d660c
fc31f896cde2bc2e,fe936088ec4dcb0d,a54fc2d6fc224dc3,Jamie Varner,e14b5aa06eea9653,Abel Trujillo,Abel Trujillo,e14b5aa06eea9653
fc31f896cde2bc2e,a3b37f8ea171b962,d0f3959b4a9747e6,Jose Aldo,3974fa35c917af1d,Ricardo Lamas,Jose Aldo,d0f3959b4a9747e6
fc31f896cde2bc2e,7a91b26b3e231fff,84b3e7d38f2d2ec5,Neil Magny,7a39bbac8cc0fa70,Gasan Umalatov,Neil Magny,84b3e7d38f2d2ec5
fc9a9559a05f2704,8a85dffa80e6c7bd,39d91e95949de3d9,Felicia Spencer,862b0b3375aa4b6e,Zarah Fairn,Felicia Spencer,39d91e95949de3d9
fc9a9559a05f2704,671f42536454e541,a0e75f4a13eb73f1,Megan Anderson,d3f5d33d61cd00c9,Norma Dumont,Norma Dumont,d3f5d33d61cd00c9
fc9a9559a05f2704,d9a218ac3e148541,2f181c0467965b98,Brendan Allen,1588b787bda7b540,Tom Breese,Brendan Allen,2f181c0467965b98
fc9a9559a05f2704,f5b49f4c5a27e53b,cd13728ae1151f46,Ion Cutelaba,d802174b0c0c1f4e,Magomed Ankalaev,Magomed Ankalaev,d802174b0c0c1f4e
fc9a9559a05f2704,e30b9829e42aa4ca,c9cf753cfdf77fc2,Marcin Tybura,e2f6b2769aaedd6c,Serghei Spivac,Marcin Tybura,c9cf753cfdf77fc2
fc9a9559a05f2704,0e3af9b5e1b3ae80,002ca196477ce572,Gabriel Silva,60425d07ef4b91a7,Kyler Phillips,Kyler Phillips,60425d07ef4b91a7
fc9a9559a05f2704,0bcb04163f8d8ead,003d82fa384ca1d0,Aalon Cruz,be68b375707dcb85,Spike Carlyle,Spike Carlyle,be68b375707dcb85
fc9a9559a05f2704,9d2f7d29bb9c9034,2844b047183a1adb,Luis Pena,97cf1a2c7c5e7889,Steve Garcia,Steve Garcia,97cf1a2c7c5e7889
fc9a9559a05f2704,59861c3d19eb46ef,ebef46976554f975,Jordan Griffin,d31cbcdd7d69536d,TJ Brown,TJ Brown,d31cbcdd7d69536d
fc9a9559a05f2704,533d0b5c0adfa15f,45f7cb591c3ab00b,Sean Brady,6a96ad1bc34fb113,Ismail Naurdiev,Sean Brady,45f7cb591c3ab00b
fc9a9559a05f2704,eba6055d217d5b99,99bd51917728c25d,Grant Dawson,34e516ab361afb1c,Darrick Minner,Grant Dawson,99bd51917728c25d
fc9a9559a05f2704,e8219ea7da46f67f,80eacd4da0617c57,Joseph Benavidez,aa72b0f831d0bfe5,Deiveson Figueiredo,Deiveson Figueiredo,aa72b0f831d0bfe5
fd4578cac86d75ca,89dd4c256ca5d317,9560ff14eb3129f7,Giga Chikadze,a0e6753c42698f13,Omar Morales,Giga Chikadze,9560ff14eb3129f7
fd4578cac86d75ca,db5802643b9fd7d4,64a50dad704d1d49,Edson Barboza,87a1dc546b1c5caf,Makwan Amirkhani,Edson Barboza,64a50dad704d1d49
fd4578cac86d75ca,dfb856d4c80bbf04,e87a13e02c01331d,Ali AlQaisi,1a08b01fdabb6ae2,Tony Kelley,Tony Kelley,1a08b01fdabb6ae2
fd4578cac86d75ca,1e525f9857019a2e,d0aaedcf7ccd0b45,Chris Daukaus,d31a5546c0e9b213,Rodrigo Nascimento,Rodrigo Nascimento,d31a5546c0e9b213
fd4578cac86d75ca,ee57cbd0b68c689d,257b0c8d6f199895,Impa Kasanganay,b9437600497350f3,Joaquin Buckley,Joaquin Buckley,b9437600497350f3
fd4578cac86d75ca,22fe6779c3fa649d,52c2ae6d2f2d2613,Youssef Zalal,54f64b5e283b0ce7,Ilia Topuria,Ilia Topuria,54f64b5e283b0ce7
fd4578cac86d75ca,7c4eb0b4845eb0ed,1588b787bda7b540,Tom Breese,9cd047a828dd7515,KB Bhullar,Tom Breese,1588b787bda7b540
fd4578cac86d75ca,849cc2c331e9b24f,68d4a891e5cf2029,Tracy Cortez,5e6294b37bbef029,Stephanie Egger,Tracy Cortez,68d4a891e5cf2029
fd4578cac86d75ca,dbb5d682a2d7f584,294aa73dbf37d281,Bruno Silva,f00ac08ab056af5d,Tagir Ulanbekov,Tagir Ulanbekov,f00ac08ab056af5d
fd4578cac86d75ca,727ecd251325b6a8,fea79f9bc8c68769,Marlon Moraes,65f09bacd3957381,Cory Sandhagen,Cory Sandhagen,65f09bacd3957381
fd4578cac86d75ca,1720a97a2fa261f8,bd58d34e39b7b12a,Ben Rothwell,c9cf753cfdf77fc2,Marcin Tybura,Marcin Tybura,c9cf753cfdf77fc2
fd4578cac86d75ca,e4d831dc318e4e98,399afbabc02376b5,Tom Aspinall,c9a94278df042f46,Alan Baudot,Tom Aspinall,399afbabc02376b5
fd4578cac86d75ca,e64075c104471ff0,2ac4628c08ec5125,Markus Perez,0d7b51c9d2649a6e,Dricus Du Plessis,Dricus Du Plessis,0d7b51c9d2649a6e
fd7acf42bd6e7e95,efa3f3c8945cad0a,7d96bc577e5178b2,Gray Maynard,4f732e58ed907eff,Ross Pearson,Gray Maynard,7d96bc577e5178b2
fd7acf42bd6e7e95,a0e4f43827aa81c4,b102c26727306ab6,Jussier Formiga,57ab4d7c0bc09a30,Zach Makovsky,Jussier Formiga,b102c26727306ab6
fd7acf42bd6e7e95,49d8fc8e4aee9b51,6809c31286b08d97,Tom Watson,d156513a19acf856,Sam Alvey,Sam Alvey,d156513a19acf856
fd7acf42bd6e7e95,6989466d287b4a57,8a59d346dc976a10,Thiago Tavares,960d6cae8879ba2b,Robert Peralta,Thiago Tavares,8a59d346dc976a10
fd7acf42bd6e7e95,5df4632f6238e612,fd5b6598a3b70c0a,Seth Baczynski,cf65d56b0755ed3b,Alan Jouban,Alan Jouban,cf65d56b0755ed3b
fd7acf42bd6e7e95,852442b380088fa5,c80095f6092271a7,Tim Boetsch,0c6d9ea8306c029e,Brad Tavares,Brad Tavares,0c6d9ea8306c029e
fd7acf42bd6e7e95,db209b782f35e0e6,c0ab242c40decc55,Ryan Bader,50db8711c70196cd,Ovince Saint Preux,Ryan Bader,c0ab242c40decc55
fd7acf42bd6e7e95,03ba4f9ba7c934ad,7be74a12d7352df2,Sara McMann,729d4bd5a6cd0a97,Lauren Murphy,Lauren Murphy,729d4bd5a6cd0a97
fd87b1bbfcde9d5e,7c40aa2cb6883a91,8c0580d4fff106c1,Kelvin Gastelum,9ce6d5a03af801b7,Darren Till,Kelvin Gastelum,8c0580d4fff106c1
fd87b1bbfcde9d5e,d5955b81c26230ff,ee9ebceabfd16fa7,Kevin Lee,84ff027394f7e470,Gregor Gillespie,Gregor Gillespie,84ff027394f7e470
fd87b1bbfcde9d5e,216fddf542707629,98d961097baaf308,Shane Burgos,87a1dc546b1c5caf,Makwan Amirkhani,Shane Burgos,98d961097baaf308
fd87b1bbfcde9d5e,a6c29d2cb319d923,4e0692ad070976e4,Lyman Good,1ddb480b601cefb1,Chance Rencountre,Lyman Good,4e0692ad070976e4
fd87b1bbfcde9d5e,a3e8ef1ce72a7d02,0c6d9ea8306c029e,Brad Tavares,4144798612ef96e5,Edmen Shahbazyan,Brad Tavares,0c6d9ea8306c029e
fd87b1bbfcde9d5e,515ecc54219bcc4c,e872e9a9a902c045,Katlyn Cerminara,8e1f36476ef02a6a,Jennifer Maia,Katlyn Cerminara,e872e9a9a902c045
fd87b1bbfcde9d5e,83f7c3b91a402306,3738e68d2261e60f,Andrei Arlovski,2cd428e9606856fd,Jairzinho Rozenstruik,Jairzinho Rozenstruik,2cd428e9606856fd
fd87b1bbfcde9d5e,a2af14e9dba37b03,5e4eec08896c9423,Corey Anderson,c21f26bbde777573,Johnny Walker,Corey Anderson,5e4eec08896c9423
fd87b1bbfcde9d5e,28deed0ab55ca350,4a28cb716c19157a,Stephen Thompson,6d4b63c767106d3a,Vicente Luque,Stephen Thompson,4a28cb716c19157a
fd87b1bbfcde9d5e,f870cacadb058733,d3df1add9d9a7efb,Derrick Lewis,1788eee370f077b7,Blagoy Ivanov,Derrick Lewis,d3df1add9d9a7efb
fd87b1bbfcde9d5e,ac0a63ad13897564,47b9e0e7703a4868,Jorge Masvidal,8355922d564b152c,Nate Diaz,Nate Diaz,8355922d564b152c
fd87b1bbfcde9d5e,d7cbe2f23d75afd1,1291edf2d566a71a,Julio Arce,2c9d00968f818270,Hakeem Dawodu,Hakeem Dawodu,2c9d00968f818270
fe435e440b5de0ff,de767dd5216bcad9,58bbef3770bb2dfc,Joel Alvarez,48a9a128784d53d1,Elves Brener,Joel Alvarez,58bbef3770bb2dfc
fe435e440b5de0ff,e6851877e33d343f,4e6738062d469256,Sedriques Dumas,0112352cb32f5026,Denis Tiuliulin,Sedriques Dumas,4e6738062d469256
fe435e440b5de0ff,d038ff5ac21094f3,4c88a1db5a46c6a4,Jai Herbert,40a456a25d52ee65,Rolando Bedoya,Jai Herbert,4c88a1db5a46c6a4
fe435e440b5de0ff,77df662671ce11c5,7772b283d288dbe2,Guram Kutateladze,6d38e41efa47a72d,Jordan Vucenic,Guram Kutateladze,7772b283d288dbe2
fe435e440b5de0ff,f80143e1f3c3d319,6c9b66b43663f2f7,Viktoriia Dudakova,e94085e821bd81de,Sam Hughes,Viktoriia Dudakova,6c9b66b43663f2f7
fe435e440b5de0ff,637f792270a0c746,6747ccd6d1acd266,Shamil Gaziev,1a9480fc288e55d7,Don'Tale Mayes,Shamil Gaziev,6747ccd6d1acd266
fe435e440b5de0ff,fbbb703581440496,e90a2f22417af68e,Azamat Murzakanov,a495f599e787614f,Alonzo Menifield,Azamat Murzakanov,e90a2f22417af68e
fe435e440b5de0ff,1cd63899011c4bf6,3753714927f18437,Mohammad Yahya,ec13c393d029297d,Kaue Fernandes,Kaue Fernandes,ec13c393d029297d
fe435e440b5de0ff,2d39c26876246223,22a92d7f62195791,Tony Ferguson,c58f51dedb310998,Michael Chiesa,Tony Ferguson,22a92d7f62195791
fe435e440b5de0ff,d0d74672150ddea3,7447e9f28508106a,Mackenzie Dern,8e5d953bdb9ae5e7,Loopy Godinez,Loopy Godinez,8e5d953bdb9ae5e7
fe435e440b5de0ff,bb85e207eba236bc,7c7332319c14094c,Marlon Vera,aa72b0f831d0bfe5,Deiveson Figueiredo,Deiveson Figueiredo,aa72b0f831d0bfe5
fe435e440b5de0ff,33655fd07cfbe034,65f09bacd3957381,Cory Sandhagen,2b6fc1c02736833d,Umar Nurmagomedov,Umar Nurmagomedov,2b6fc1c02736833d
fe435e440b5de0ff,b38450d9aa0f52b8,06734ca9d88dec3a,Shara Magomedov,0d65c432720accb9,Michal Oleksiejczuk,Shara Magomedov,06734ca9d88dec3a
ff4c3ab594c7fac3,1cbb930fb77a3781,edd02825c29028fe,Marco Polo Reyes,98a6b2361045898f,Dong Hyun Ma,Marco Polo Reyes,edd02825c29028fe
ff4c3ab594c7fac3,e06f96f3484ad74a,c742287ed86a09bc,Jessica Penne,6a1901c62ab3870f,Jessica Andrade,Jessica Andrade,6a1901c62ab3870f
ff4c3ab594c7fac3,2c65d5d20cc893e4,08af939f41b5a57b,Beneil Dariush,6256b2b1562cb8e1,James Vick,Beneil Dariush,08af939f41b5a57b
ff4c3ab594c7fac3,c33cc8b85b9a202c,1ccf4e7caff270df,Dan Henderson,db1f2ed63b54b9a7,Hector Lombard,Dan Henderson,1ccf4e7caff270df
ff4c3ab594c7fac3,e86a77b69d50a834,029eaff01e6bb8f0,Dustin Poirier,887961364be5ceb3,King Green,Dustin Poirier,029eaff01e6bb8f0
ff4c3ab594c7fac3,db1be0ca226d3a2f,def8166ff24bd237,Brian Ortega,c47df9303d318c67,Clay Guida,Brian Ortega,def8166ff24bd237
ff4c3ab594c7fac3,5b55a8e33199d71e,282fa667ff9c51ed,Cole Miller,7aa3d6964eff4877,Alex Caceres,Alex Caceres,7aa3d6964eff4877
ff4c3ab594c7fac3,5e794b8ef52c88cb,cd01f0b768a32475,Jonathan Wilson,b0bd0c5425668b8f,Henrique da Silva,Jonathan Wilson,cd01f0b768a32475
ff4c3ab594c7fac3,9c884cbc3791bf60,10f3ba6cd2f44a97,Dominick Cruz,78114b7199cef90c,Urijah Faber,Dominick Cruz,10f3ba6cd2f44a97
ff4c3ab594c7fac3,3e020d62796a7ce3,0d8011111be000b2,Sean Strickland,1588b787bda7b540,Tom Breese,Sean Strickland,0d8011111be000b2
ff4c3ab594c7fac3,345b1bc51f0f5e86,150ff4cc642270b9,Max Holloway,3974fa35c917af1d,Ricardo Lamas,Max Holloway,150ff4cc642270b9
ff4c3ab594c7fac3,812ff38f0ed409ca,00e11b5c8b7bfeeb,Luke Rockhold,2b93ebd9f5417ad2,Michael Bisping,Michael Bisping,2b93ebd9f5417ad2
ff9578cdbfabd323,49694c2d00c581ed,1e1dbd1cc5a7469e,Jimi Manuwa,0845c81e37d3bcb3,Volkan Oezdemir,Volkan Oezdemir,0845c81e37d3bcb3
ff9578cdbfabd323,30553d630491094a,effd9de9937996f8,Tyron Woodley,427b5953ac8e3a27,Demian Maia,Demian Maia,427b5953ac8e3a27
ff9578cdbfabd323,b8c967c742d3c107,f2925e6db404bf1d,Robbie Lawler,1d00756835ca67c9,Donald Cerrone,Donald Cerrone,1d00756835ca67c9
ff9578cdbfabd323,79817ab0129c5598,634bb0de2eb043b4,Cristiane Justino,b12a1d19ee383b7c,Tonya Evinger,Cristiane Justino,634bb0de2eb043b4
ff9578cdbfabd323,dffad417175400ba,3974fa35c917af1d,Ricardo Lamas,bb1a2cdad6ff34db,Jason Knight,Ricardo Lamas,3974fa35c917af1d
ff9578cdbfabd323,3d95b4f94ccffa96,8fd808923cffff82,Andre Fili,751de04455cfaac0,Calvin Kattar,Andre Fili,8fd808923cffff82
ff9578cdbfabd323,4924d7a980f4cde2,def8166ff24bd237,Brian Ortega,b6452706b373eea1,Renato Moicano,Brian Ortega,def8166ff24bd237
ff9578cdbfabd323,ac9e19a4075f6557,cb696ebfb6598724,Aljamain Sterling,2c99576fefe53c7c,Renan Barao,Aljamain Sterling,cb696ebfb6598724
ff9578cdbfabd323,3636e085c098dbda,6da99156486ed6c2,Joshua Burkman,519e4fe37ce9ff75,Drew Dober,Drew Dober,519e4fe37ce9ff75
ff9578cdbfabd323,e80a8338d86e730b,05b43e0ead3df345,Kailin Curran,e76d9f656ceb82ab,Aleksandra Albu,Aleksandra Albu,e76d9f656ceb82ab
ff9578cdbfabd323,4f4806952ba2a72c,a0c64f272b65d441,Eric Shelton,81d9df19e255b8b6,Jarred Brooks,Jarred Brooks,81d9df19e255b8b6
